onset	duration	stim_onset_s_	stim_dur_s_	type	trial_type	stim_file
n/a	n/a	0.993	1.16585	Picture-Sound	intro	(Intro_01)Thanksforparticipating.wav
n/a	n/a	2.156	5.523152	Picture-Sound	intro	(Intro_02)TaskDescription.wav
n/a	n/a	5.506	18.915102	Picture-Sound	intro	(Intro_03)TaskDescription.wav
n/a	n/a	15.708	5.200385	Picture-Sound	intro	(Intro_04)TaskDescription.wav
n/a	n/a	18.896	3.464354	Picture-Sound	intro	(Intro_05)StayStill.wav
n/a	n/a	21.186	1.805374	Picture-Sound	intro	(Intro_06)Practice_Intro.wav
25.334898	0.467133	23.654	2.179048	Sound	Ex	NPI_cup(flag).wav
n/a	n/a	25.793	6.546621	Picture-Sound	prompt	(Audio_01)DidThisSentenceEndCorrectly.wav
n/a	n/a	29.465	n/a	Response	left	n/a
n/a	n/a	29.977	4.13161	Picture-Sound	feedback	(Intro_09)PracticeFeedback_Correct4Incongruent.wav
n/a	n/a	33.12	1.372653	Picture-Sound	intro	(Intro_07)Practice_LetsTryAnotherOne.wav
37.471028	0.378059	35.873	2.031814	Sound	Ex	NPC_cake.wav
n/a	n/a	37.938	6.546621	Picture-Sound	prompt	(Audio_01)DidThisSentenceEndCorrectly.wav
n/a	n/a	41.343	n/a	Response	right	n/a
n/a	n/a	41.855	3.618707	Picture-Sound	feedback	(Intro_08)PracticeFeedback_Correct4Congruent.wav
n/a	n/a	44.732	2.13644	Picture-Sound	intro	(Intro_12)Practice_LetsStartTheTask.wav
96.156648125	0.481174	93.611328125	3.066213	Sound	NPC	NPC_arm.wav
n/a	n/a	98.677541125	6.546621	Picture-Sound	prompt	(Audio_01)DidThisSentenceEndCorrectly.wav
n/a	n/a	100.234375	n/a	Response	right	n/a
104.370406375	0.355978	102.240234375	2.514717	Sound	NPC	NPC_cap.wav
n/a	n/a	106.754951375	6.546621	Picture-Sound	prompt	(Audio_01)DidThisSentenceEndCorrectly.wav
n/a	n/a	107.9140625	n/a	Response	right	n/a
112.53559675	0.477938	109.93359375	3.114694	Sound	NPC	NPC_fingers.wav
n/a	n/a	115.04828775	6.546621	Picture-Sound	prompt	(Audio_01)DidThisSentenceEndCorrectly.wav
n/a	n/a	116.73046875	n/a	Response	right	n/a
120.35662775	0.479704	118.74609375	2.136077	Sound	NPI	NPI_mouse(store).wav
n/a	n/a	122.88217075	6.546621	Picture-Sound	prompt	(Audio_01)DidThisSentenceEndCorrectly.wav
n/a	n/a	124.5703125	n/a	Response	left	n/a
129.60892575	0.309658	126.58984375	3.407959	Sound	NPI	NPI_lie(cup).wav
n/a	n/a	131.99780275	6.546621	Picture-Sound	prompt	(Audio_01)DidThisSentenceEndCorrectly.wav
n/a	n/a	133.5625	n/a	Response	left	n/a
137.206555375	0.533004	135.568359375	2.208753	Sound	NPC	NPC_dancers.wav
n/a	n/a	139.777112375	6.546621	Picture-Sound	prompt	(Audio_01)DidThisSentenceEndCorrectly.wav
n/a	n/a	140.857421875	n/a	Response	right	n/a
144.273593125	0.492626	142.876953125	1.920431	Sound	NPC	NPC_legs.wav
n/a	n/a	146.797384125	6.546621	Picture-Sound	prompt	(Audio_01)DidThisSentenceEndCorrectly.wav
n/a	n/a	148.10546875	n/a	Response	right	n/a
152.72349375	0.632507	150.12109375	3.255714	Sound	NPC	NPC_stove.wav
n/a	n/a	155.37680775	6.546621	Picture-Sound	prompt	(Audio_01)DidThisSentenceEndCorrectly.wav
n/a	n/a	156.490234375	n/a	Response	right	n/a
160.150100875	0.480931	158.498046875	2.183401	Sound	NPC	NPC_test.wav
n/a	n/a	162.681447875	6.546621	Picture-Sound	prompt	(Audio_01)DidThisSentenceEndCorrectly.wav
n/a	n/a	163.59375	n/a	Response	right	n/a
167.207325875	0.364866	165.607421875	1.986417	Sound	NPI	NPI_dare(brick).wav
n/a	n/a	169.593838875	6.546621	Picture-Sound	prompt	(Audio_01)DidThisSentenceEndCorrectly.wav
n/a	n/a	170.47265625	n/a	Response	left	n/a
174.397925	0.451044	172.484375	2.406757	Sound	NPI	NPI_clues(year).wav
n/a	n/a	176.891132	6.546621	Picture-Sound	prompt	(Audio_01)DidThisSentenceEndCorrectly.wav
n/a	n/a	177.9453125	n/a	Response	left	n/a
181.7317615	0.400144	179.9609375	2.200726	Sound	NPC	NPC_earth.wav
n/a	n/a	184.1616635	6.546621	Picture-Sound	prompt	(Audio_01)DidThisSentenceEndCorrectly.wav
n/a	n/a	185.095703125	n/a	Response	right	n/a
188.936286625	0.413546	187.103515625	2.275737	Sound	NPI	NPI_lawn(weight).wav
n/a	n/a	191.379252625	6.546621	Picture-Sound	prompt	(Audio_01)DidThisSentenceEndCorrectly.wav
n/a	n/a	192.3125	n/a	Response	left	n/a
195.976794125	0.403015	194.330078125	2.098753	Sound	NPC	NPC_job.wav
n/a	n/a	198.428831125	6.546621	Picture-Sound	prompt	(Audio_01)DidThisSentenceEndCorrectly.wav
n/a	n/a	199.384765625	n/a	Response	right	n/a
204.226496875	0.503427	201.388671875	3.372857	Sound	NPC	NPC_fixed.wav
n/a	n/a	206.761528875	6.546621	Picture-Sound	prompt	(Audio_01)DidThisSentenceEndCorrectly.wav
n/a	n/a	207.86328125	n/a	Response	right	n/a
211.5491135	0.490197	209.8828125	2.198413	Sound	NPI	NPI_dirt(screw).wav
n/a	n/a	214.0812255	6.546621	Picture-Sound	prompt	(Audio_01)DidThisSentenceEndCorrectly.wav
n/a	n/a	214.904296875	n/a	Response	left	n/a
218.08974925	0.385465	216.91015625	1.59381	Sound	NPC	NPC_wood.wav
n/a	n/a	220.50396625	6.546621	Picture-Sound	prompt	(Audio_01)DidThisSentenceEndCorrectly.wav
n/a	n/a	221.52734375	n/a	Response	right	n/a
225.58618025	0.384021	223.53515625	2.456077	Sound	NPC	NPC_coat.wav
n/a	n/a	227.99123325	6.546621	Picture-Sound	prompt	(Audio_01)DidThisSentenceEndCorrectly.wav
n/a	n/a	229	n/a	Response	right	n/a
233.12856575	0.436546	231.01171875	2.593084	Sound	NPI	NPI_bite(north).wav
n/a	n/a	235.60480275	6.546621	Picture-Sound	prompt	(Audio_01)DidThisSentenceEndCorrectly.wav
n/a	n/a	236.583984375	n/a	Response	left	n/a
240.218499625	0.540456	238.587890625	2.206281	Sound	NPI	NPI_dancers(pirate).wav
n/a	n/a	242.794171625	6.546621	Picture-Sound	prompt	(Audio_01)DidThisSentenceEndCorrectly.wav
n/a	n/a	244.50390625	n/a	Response	left	n/a
n/a	n/a	245.50390625	5.308549	Picture-Sound	break	(Audio_02)DoYouWantToTakeABreak.wav
249.286553	0.498766	247.890625	1.906168	Sound	NPC	NPC_gills.wav
n/a	n/a	251.796793	6.546621	Picture-Sound	prompt	(Audio_01)DidThisSentenceEndCorrectly.wav
n/a	n/a	253.263671875	n/a	Response	right	n/a
257.767181125	0.308974	255.267578125	2.864286	Sound	NPC	NPC_bath.wav
n/a	n/a	260.131864125	6.546621	Picture-Sound	prompt	(Audio_01)DidThisSentenceEndCorrectly.wav
n/a	n/a	261.119140625	n/a	Response	right	n/a
264.51258725	0.378391	263.12890625	1.806825	Sound	NPC	NPC_pink.wav
n/a	n/a	266.93573125	6.546621	Picture-Sound	prompt	(Audio_01)DidThisSentenceEndCorrectly.wav
n/a	n/a	267.837890625	n/a	Response	right	n/a
271.469860625	0.482403	269.853515625	2.127188	Sound	NPC	NPC_sun.wav
n/a	n/a	273.980703625	6.546621	Picture-Sound	prompt	(Audio_01)DidThisSentenceEndCorrectly.wav
n/a	n/a	274.94140625	n/a	Response	right	n/a
279.601379625	0.390208	276.947265625	3.102449	Sound	NPI	NPI_bed(frog).wav
n/a	n/a	282.049714625	6.546621	Picture-Sound	prompt	(Audio_01)DidThisSentenceEndCorrectly.wav
n/a	n/a	282.89453125	n/a	Response	left	n/a
286.658071	0.540359	284.90625	2.326984	Sound	NPC	NPC_crafts.wav
n/a	n/a	289.233234	6.546621	Picture-Sound	prompt	(Audio_01)DidThisSentenceEndCorrectly.wav
n/a	n/a	290.830078125	n/a	Response	right	n/a
294.231088375	0.461787	292.833984375	1.885714	Sound	NPI	NPI_gills(doll).wav
n/a	n/a	296.719698375	6.546621	Picture-Sound	prompt	(Audio_01)DidThisSentenceEndCorrectly.wav
n/a	n/a	298.30078125	n/a	Response	left	n/a
302.580006875	0.456741	300.310546875	2.755374	Sound	NPI	NPI_game(coal).wav
n/a	n/a	305.065920875	6.546621	Picture-Sound	prompt	(Audio_01)DidThisSentenceEndCorrectly.wav
n/a	n/a	306.26953125	n/a	Response	left	n/a
310.4776975	0.420482	308.2890625	2.644127	Sound	NPI	NPI_bread(sea).wav
n/a	n/a	312.9331895	6.546621	Picture-Sound	prompt	(Audio_01)DidThisSentenceEndCorrectly.wav
n/a	n/a	313.708984375	n/a	Response	left	n/a
318.45802375	0.408608	315.71484375	3.206327	Sound	NPC	NPC_wind.wav
n/a	n/a	320.92117075	6.546621	Picture-Sound	prompt	(Audio_01)DidThisSentenceEndCorrectly.wav
n/a	n/a	321.7890625	n/a	Response	right	n/a
325.92805075	0.531957	323.80859375	2.689274	Sound	NPC	NPC_flat.wav
n/a	n/a	328.49786775	6.546621	Picture-Sound	prompt	(Audio_01)DidThisSentenceEndCorrectly.wav
n/a	n/a	329.67578125	n/a	Response	right	n/a
333.254501875	0.490069	331.685546875	2.08619	Sound	NPC	NPC_crown.wav
n/a	n/a	335.771736875	6.546621	Picture-Sound	prompt	(Audio_01)DidThisSentenceEndCorrectly.wav
n/a	n/a	336.31640625	n/a	Response	right	n/a
340.430783	0.41799	338.328125	2.558277	Sound	NPC	NPC_ghosts.wav
n/a	n/a	342.886402	6.546621	Picture-Sound	prompt	(Audio_01)DidThisSentenceEndCorrectly.wav
n/a	n/a	343.373046875	n/a	Response	right	n/a
347.935344875	0.559157	345.388671875	3.139864	Sound	NPC	NPC_cheese.wav
n/a	n/a	350.528535875	6.546621	Picture-Sound	prompt	(Audio_01)DidThisSentenceEndCorrectly.wav
n/a	n/a	351.00390625	n/a	Response	right	n/a
355.69011	0.422896	353.015625	3.138571	Sound	NPC	NPC_barn.wav
n/a	n/a	358.154196	6.546621	Picture-Sound	prompt	(Audio_01)DidThisSentenceEndCorrectly.wav
n/a	n/a	359.451171875	n/a	Response	right	n/a
363.037127375	0.443955	361.458984375	2.035125	Sound	NPC	NPC_nests.wav
n/a	n/a	365.494109375	6.546621	Picture-Sound	prompt	(Audio_01)DidThisSentenceEndCorrectly.wav
n/a	n/a	366.36328125	n/a	Response	right	n/a
370.757089625	0.444593	368.369140625	2.871678	Sound	NPI	NPI_desk(ice).wav
n/a	n/a	373.240818625	6.546621	Picture-Sound	prompt	(Audio_01)DidThisSentenceEndCorrectly.wav
n/a	n/a	374.060546875	n/a	Response	left	n/a
378.709014	0.361489	376.078125	3.04483	Sound	NPI	NPI_bow(eye).wav
n/a	n/a	381.122955	6.546621	Picture-Sound	prompt	(Audio_01)DidThisSentenceEndCorrectly.wav
n/a	n/a	381.8984375	n/a	Response	left	n/a
386.361281	0.457637	383.90625	2.942426	Sound	NPC	NPC_string.wav
n/a	n/a	388.848676	6.546621	Picture-Sound	prompt	(Audio_01)DidThisSentenceEndCorrectly.wav
n/a	n/a	390.01171875	n/a	Response	right	n/a
393.834428125	0.50724	392.017578125	2.362449	Sound	NPC	NPC_goose.wav
n/a	n/a	396.380027125	6.546621	Picture-Sound	prompt	(Audio_01)DidThisSentenceEndCorrectly.wav
n/a	n/a	397.115234375	n/a	Response	right	n/a
n/a	n/a	398.115234375	5.308549	Picture-Sound	break	(Audio_02)DoYouWantToTakeABreak.wav
402.997053375	0.360944	400.865234375	2.519546	Sound	NPC	NPC_wear.wav
n/a	n/a	405.384780375	6.546621	Picture-Sound	prompt	(Audio_01)DidThisSentenceEndCorrectly.wav
n/a	n/a	406.314453125	n/a	Response	right	n/a
411.02327375	0.330579	408.32421875	3.086893	Sound	NPC	NPC_belt.wav
n/a	n/a	413.41111175	6.546621	Picture-Sound	prompt	(Audio_01)DidThisSentenceEndCorrectly.wav
n/a	n/a	414.6015625	n/a	Response	right	n/a
418.739669625	0.387174	416.619140625	2.516213	Sound	NPI	NPI_gold(fridge).wav
n/a	n/a	421.135353625	6.546621	Picture-Sound	prompt	(Audio_01)DidThisSentenceEndCorrectly.wav
n/a	n/a	421.994140625	n/a	Response	left	n/a
425.75398475	0.341451	424.01171875	2.115034	Sound	NPC	NPC_clock.wav
n/a	n/a	428.12675275	6.546621	Picture-Sound	prompt	(Audio_01)DidThisSentenceEndCorrectly.wav
n/a	n/a	429.2109375	n/a	Response	right	n/a
433.46660125	0.447638	431.22265625	2.721451	Sound	NPI	NPI_bushes(oven).wav
n/a	n/a	435.94410725	6.546621	Picture-Sound	prompt	(Audio_01)DidThisSentenceEndCorrectly.wav
n/a	n/a	436.74609375	n/a	Response	left	n/a
441.16626	0.380152	438.765625	2.857483	Sound	NPC	NPC_desk.wav
n/a	n/a	443.623108	6.546621	Picture-Sound	prompt	(Audio_01)DidThisSentenceEndCorrectly.wav
n/a	n/a	444.13671875	n/a	Response	right	n/a
448.724457125	0.369396	446.142578125	2.967596	Sound	NPC	NPC_bus.wav
n/a	n/a	451.110174125	6.546621	Picture-Sound	prompt	(Audio_01)DidThisSentenceEndCorrectly.wav
n/a	n/a	452.056640625	n/a	Response	right	n/a
456.667760375	0.478939	454.068359375	3.108073	Sound	NPC	NPC_axe.wav
n/a	n/a	459.176432375	6.546621	Picture-Sound	prompt	(Audio_01)DidThisSentenceEndCorrectly.wav
n/a	n/a	460.28125	n/a	Response	right	n/a
464.251949	0.544155	462.296875	2.562449	Sound	NPC	NPC_cages.wav
n/a	n/a	466.859324	6.546621	Picture-Sound	prompt	(Audio_01)DidThisSentenceEndCorrectly.wav
n/a	n/a	467.640625	n/a	Response	right	n/a
472.999364	0.469265	469.65625	3.84195	Sound	NPI	NPI_broke(pond).wav
n/a	n/a	475.4982	6.546621	Picture-Sound	prompt	(Audio_01)DidThisSentenceEndCorrectly.wav
n/a	n/a	476.248046875	n/a	Response	left	n/a
481.385204125	0.43075	478.267578125	3.578784	Sound	NPC	NPC_bake.wav
n/a	n/a	483.846362125	6.546621	Picture-Sound	prompt	(Audio_01)DidThisSentenceEndCorrectly.wav
n/a	n/a	484.583984375	n/a	Response	right	n/a
488.100492125	0.435791	486.595703125	1.945465	Sound	NPI	NPI_fur(dad).wav
n/a	n/a	490.541168125	6.546621	Picture-Sound	prompt	(Audio_01)DidThisSentenceEndCorrectly.wav
n/a	n/a	491.544921875	n/a	Response	left	n/a
496.6008685	0.682588	493.5546875	3.767415	Sound	NPI	NPI_animals(trampoline).wav
n/a	n/a	499.3221025	6.546621	Picture-Sound	prompt	(Audio_01)DidThisSentenceEndCorrectly.wav
n/a	n/a	500.18359375	n/a	Response	left	n/a
504.95273775	0.482343	502.19921875	3.282404	Sound	NPI	NPI_ants(fish).wav
n/a	n/a	507.48162275	6.546621	Picture-Sound	prompt	(Audio_01)DidThisSentenceEndCorrectly.wav
n/a	n/a	508.423828125	n/a	Response	left	n/a
513.026161375	0.300176	510.443359375	2.91288	Sound	NPI	NPI_dust(cook).wav
n/a	n/a	515.356239375	6.546621	Picture-Sound	prompt	(Audio_01)DidThisSentenceEndCorrectly.wav
n/a	n/a	516.80859375	n/a	Response	left	n/a
521.242083625	0.359032	518.822265625	2.81873	Sound	NPI	NPI_cop(cake).wav
n/a	n/a	523.640995625	6.546621	Picture-Sound	prompt	(Audio_01)DidThisSentenceEndCorrectly.wav
n/a	n/a	524.359375	n/a	Response	left	n/a
527.772591375	0.613138	526.365234375	2.057483	Sound	NPI	NPI_cat(spray).wav
n/a	n/a	530.422717375	6.546621	Picture-Sound	prompt	(Audio_01)DidThisSentenceEndCorrectly.wav
n/a	n/a	531.19140625	n/a	Response	left	n/a
535.28896925	0.422825	533.20703125	2.535918	Sound	NPI	NPI_hair(nest).wav
n/a	n/a	537.74294925	6.546621	Picture-Sound	prompt	(Audio_01)DidThisSentenceEndCorrectly.wav
n/a	n/a	538.599609375	n/a	Response	left	n/a
543.6953995	0.435957	540.6171875	3.532766	Sound	NPI	NPI_whales(dress).wav
n/a	n/a	546.1499535	6.546621	Picture-Sound	prompt	(Audio_01)DidThisSentenceEndCorrectly.wav
n/a	n/a	546.966796875	n/a	Response	left	n/a
550.828685625	0.407971	548.978515625	2.309637	Sound	NPI	NPI_one(cold).wav
n/a	n/a	553.288152625	6.546621	Picture-Sound	prompt	(Audio_01)DidThisSentenceEndCorrectly.wav
n/a	n/a	554.599609375	n/a	Response	left	n/a
n/a	n/a	555.599609375	5.308549	Picture-Sound	break	(Audio_02)DoYouWantToTakeABreak.wav
559.455193875	0.41044	557.294921875	2.610635	Sound	NPC	NPC_nice.wav
n/a	n/a	561.905556875	6.546621	Picture-Sound	prompt	(Audio_01)DidThisSentenceEndCorrectly.wav
n/a	n/a	562.58984375	n/a	Response	right	n/a
566.769006625	0.392814	564.603515625	2.598163	Sound	NPI	NPI_dolls(worm).wav
n/a	n/a	569.201678625	6.546621	Picture-Sound	prompt	(Audio_01)DidThisSentenceEndCorrectly.wav
n/a	n/a	569.7421875	n/a	Response	left	n/a
574.32299175	0.613258	571.74609375	3.213515	Sound	NPI	NPI_button(hotdog).wav
n/a	n/a	576.95960875	6.546621	Picture-Sound	prompt	(Audio_01)DidThisSentenceEndCorrectly.wav
n/a	n/a	577.806640625	n/a	Response	left	n/a
583.05034075	0.383707	579.82421875	3.62932	Sound	NPI	NPI_couch(bulb).wav
n/a	n/a	585.45353875	6.546621	Picture-Sound	prompt	(Audio_01)DidThisSentenceEndCorrectly.wav
n/a	n/a	587.197265625	n/a	Response	left	n/a
590.552274	0.469821	589.203125	1.877937	Sound	NPI	NPI_bird(thorn).wav
n/a	n/a	593.081062	6.546621	Picture-Sound	prompt	(Audio_01)DidThisSentenceEndCorrectly.wav
n/a	n/a	593.7890625	n/a	Response	left	n/a
597.959978875	0.343005	595.794921875	2.541905	Sound	NPC	NPC_car.wav
n/a	n/a	600.336826875	6.546621	Picture-Sound	prompt	(Audio_01)DidThisSentenceEndCorrectly.wav
n/a	n/a	600.91015625	n/a	Response	right	n/a
605.401112	0.394972	602.921875	2.915578	Sound	NPI	NPI_bath(roar).wav
n/a	n/a	607.837453	6.546621	Picture-Sound	prompt	(Audio_01)DidThisSentenceEndCorrectly.wav
n/a	n/a	608.4765625	n/a	Response	left	n/a
612.228315875	0.316598	610.482421875	2.096145	Sound	NPI	NPI_clothes(bite).wav
n/a	n/a	614.578566875	6.546621	Picture-Sound	prompt	(Audio_01)DidThisSentenceEndCorrectly.wav
n/a	n/a	615.64453125	n/a	Response	left	n/a
620.242415125	0.268035	617.658203125	2.879252	Sound	NPI	NPI_bus(egg).wav
n/a	n/a	622.537455125	6.546621	Picture-Sound	prompt	(Audio_01)DidThisSentenceEndCorrectly.wav
n/a	n/a	623.1484375	n/a	Response	left	n/a
626.84707775	0.452077	625.16796875	2.157755	Sound	NPC	NPC_steal.wav
n/a	n/a	629.32572375	6.546621	Picture-Sound	prompt	(Audio_01)DidThisSentenceEndCorrectly.wav
n/a	n/a	630.140625	n/a	Response	right	n/a
634.61676825	0.412427	632.16015625	2.922789	Sound	NPI	NPI_truck(cap).wav
n/a	n/a	637.08294525	6.546621	Picture-Sound	prompt	(Audio_01)DidThisSentenceEndCorrectly.wav
n/a	n/a	637.693359375	n/a	Response	left	n/a
641.078503	0.399132	639.703125	1.822358	Sound	NPC	NPC_trees.wav
n/a	n/a	643.525483	6.546621	Picture-Sound	prompt	(Audio_01)DidThisSentenceEndCorrectly.wav
n/a	n/a	644.109375	n/a	Response	right	n/a
648.79696325	0.520484	646.11328125	3.232404	Sound	NPI	NPI_fat(glass).wav
n/a	n/a	651.34568525	6.546621	Picture-Sound	prompt	(Audio_01)DidThisSentenceEndCorrectly.wav
n/a	n/a	652.701171875	n/a	Response	left	n/a
656.83571325	0.342488	654.70703125	2.498163	Sound	NPI	NPI_dice(art).wav
n/a	n/a	659.20519425	6.546621	Picture-Sound	prompt	(Audio_01)DidThisSentenceEndCorrectly.wav
n/a	n/a	659.8046875	n/a	Response	left	n/a
664.33306925	0.344771	661.81640625	2.905283	Sound	NPI	NPI_fist(bath).wav
n/a	n/a	666.72168925	6.546621	Picture-Sound	prompt	(Audio_01)DidThisSentenceEndCorrectly.wav
n/a	n/a	667.548828125	n/a	Response	left	n/a
672.904632875	0.411024	669.560546875	3.791111	Sound	NPC	NPC_broke.wav
n/a	n/a	675.351657875	6.546621	Picture-Sound	prompt	(Audio_01)DidThisSentenceEndCorrectly.wav
n/a	n/a	675.99609375	n/a	Response	right	n/a
679.713076375	0.390269	678.005859375	2.12458	Sound	NPC	NPC_three.wav
n/a	n/a	682.130439375	6.546621	Picture-Sound	prompt	(Audio_01)DidThisSentenceEndCorrectly.wav
n/a	n/a	682.890625	n/a	Response	right	n/a
686.5926485	0.448244	684.8984375	2.188277	Sound	NPC	NPC_eyes.wav
n/a	n/a	689.0867145	6.546621	Picture-Sound	prompt	(Audio_01)DidThisSentenceEndCorrectly.wav
n/a	n/a	689.802734375	n/a	Response	right	n/a
693.343956625	0.503524	691.806640625	2.073605	Sound	NPI	NPI_cribs(shot).wav
n/a	n/a	695.880245625	6.546621	Picture-Sound	prompt	(Audio_01)DidThisSentenceEndCorrectly.wav
n/a	n/a	696.939453125	n/a	Response	left	n/a
700.52476275	0.343232	698.94921875	1.937052	Sound	NPC	NPC_catch.wav
n/a	n/a	702.88627075	6.546621	Picture-Sound	prompt	(Audio_01)DidThisSentenceEndCorrectly.wav
n/a	n/a	703.611328125	n/a	Response	right	n/a
n/a	n/a	704.611328125	5.308549	Picture-Sound	break	(Audio_02)DoYouWantToTakeABreak.wav
708.80547075	0.350495	706.74609375	2.437846	Sound	NPC	NPC_goat.wav
n/a	n/a	711.18393975	6.546621	Picture-Sound	prompt	(Audio_01)DidThisSentenceEndCorrectly.wav
n/a	n/a	716.5390625	n/a	Response	right	n/a
721.159844875	0.337446	718.544921875	3.008617	Sound	NPI	NPI_clouds(dirt).wav
n/a	n/a	723.553538875	6.546621	Picture-Sound	prompt	(Audio_01)DidThisSentenceEndCorrectly.wav
n/a	n/a	725.017578125	n/a	Response	left	n/a
728.6337235	0.471301	727.0234375	2.119048	Sound	NPI	NPI_sun(lunch).wav
n/a	n/a	731.1424855	6.546621	Picture-Sound	prompt	(Audio_01)DidThisSentenceEndCorrectly.wav
n/a	n/a	732.21875	n/a	Response	left	n/a
736.777603875	0.448917	734.232421875	3.070045	Sound	NPC	NPC_chest.wav
n/a	n/a	739.302466875	6.546621	Picture-Sound	prompt	(Audio_01)DidThisSentenceEndCorrectly.wav
n/a	n/a	739.642578125	n/a	Response	right	n/a
744.87199625	0.558239	741.66015625	3.803991	Sound	NPI	NPI_apple(balloon).wav
n/a	n/a	747.46414725	6.546621	Picture-Sound	prompt	(Audio_01)DidThisSentenceEndCorrectly.wav
n/a	n/a	747.994140625	n/a	Response	left	n/a
752.45858025	0.447989	750.00390625	2.912381	Sound	NPI	NPI_string(chick).wav
n/a	n/a	754.91628725	6.546621	Picture-Sound	prompt	(Audio_01)DidThisSentenceEndCorrectly.wav
n/a	n/a	755.833984375	n/a	Response	left	n/a
759.79880425	0.500785	757.84765625	2.487937	Sound	NPI	NPI_walk(class).wav
n/a	n/a	762.33559325	6.546621	Picture-Sound	prompt	(Audio_01)DidThisSentenceEndCorrectly.wav
n/a	n/a	762.921875	n/a	Response	left	n/a
766.50624125	0.378504	764.94140625	1.97322	Sound	NPC	NPC_bridge.wav
n/a	n/a	768.91462625	6.546621	Picture-Sound	prompt	(Audio_01)DidThisSentenceEndCorrectly.wav
n/a	n/a	771.400390625	n/a	Response	right	n/a
775.36756275	0.423467	773.41796875	2.40381	Sound	NPI	NPI_goal(hair).wav
n/a	n/a	777.82177875	6.546621	Picture-Sound	prompt	(Audio_01)DidThisSentenceEndCorrectly.wav
n/a	n/a	778.408203125	n/a	Response	left	n/a
783.441917375	0.398134	780.427734375	3.455692	Sound	NPC	NPC_lie.wav
n/a	n/a	785.883426375	6.546621	Picture-Sound	prompt	(Audio_01)DidThisSentenceEndCorrectly.wav
n/a	n/a	786.48828125	n/a	Response	right	n/a
790.286271375	0.313532	788.505859375	2.119955	Sound	NPC	NPC_bulb.wav
n/a	n/a	792.625814375	6.546621	Picture-Sound	prompt	(Audio_01)DidThisSentenceEndCorrectly.wav
n/a	n/a	793.576171875	n/a	Response	right	n/a
797.03925725	0.435062	795.58203125	1.921655	Sound	NPC	NPC_fast.wav
n/a	n/a	799.50368625	6.546621	Picture-Sound	prompt	(Audio_01)DidThisSentenceEndCorrectly.wav
n/a	n/a	800.087890625	n/a	Response	right	n/a
803.524178875	0.480093	802.107421875	1.912789	Sound	NPC	NPC_cow.wav
n/a	n/a	806.020210875	6.546621	Picture-Sound	prompt	(Audio_01)DidThisSentenceEndCorrectly.wav
n/a	n/a	806.376953125	n/a	Response	right	n/a
811.0167455	0.305293	808.3828125	2.988299	Sound	NPC	NPC_bed.wav
n/a	n/a	813.3711115	6.546621	Picture-Sound	prompt	(Audio_01)DidThisSentenceEndCorrectly.wav
n/a	n/a	814.376953125	n/a	Response	right	n/a
818.548853125	0.40445	816.392578125	2.60254	Sound	NPC	NPC_down.wav
n/a	n/a	820.995118125	6.546621	Picture-Sound	prompt	(Audio_01)DidThisSentenceEndCorrectly.wav
n/a	n/a	823.3046875	n/a	Response	right	n/a
827.3121755	0.558529	825.3203125	2.583084	Sound	NPI	NPI_bloom(school).wav
n/a	n/a	829.9033965	6.546621	Picture-Sound	prompt	(Audio_01)DidThisSentenceEndCorrectly.wav
n/a	n/a	830.630859375	n/a	Response	left	n/a
834.9050815	0.389545	832.6484375	2.675624	Sound	NPC	NPC_game.wav
n/a	n/a	837.3240615	6.546621	Picture-Sound	prompt	(Audio_01)DidThisSentenceEndCorrectly.wav
n/a	n/a	837.943359375	n/a	Response	right	n/a
842.50955925	0.43686	839.95703125	3.018027	Sound	NPC	NPC_round.wav
n/a	n/a	844.97505825	6.546621	Picture-Sound	prompt	(Audio_01)DidThisSentenceEndCorrectly.wav
n/a	n/a	845.671875	n/a	Response	right	n/a
849.32504975	0.448067	847.68359375	2.109025	Sound	NPI	NPI_job(pants).wav
n/a	n/a	851.79261875	6.546621	Picture-Sound	prompt	(Audio_01)DidThisSentenceEndCorrectly.wav
n/a	n/a	852.7109375	n/a	Response	left	n/a
856.9174035	0.393995	854.7265625	2.638143	Sound	NPC	NPC_dolls.wav
n/a	n/a	859.3647055	6.546621	Picture-Sound	prompt	(Audio_01)DidThisSentenceEndCorrectly.wav
n/a	n/a	860.263671875	n/a	Response	right	n/a
n/a	n/a	861.263671875	5.308549	Picture-Sound	break	(Audio_02)DoYouWantToTakeABreak.wav
865.720118625	0.341395	863.525390625	2.556939	Sound	NPI	NPI_fear(walk).wav
n/a	n/a	868.082329625	6.546621	Picture-Sound	prompt	(Audio_01)DidThisSentenceEndCorrectly.wav
n/a	n/a	869.71875	n/a	Response	left	n/a
874.423340125	0.436909	871.736328125	3.154195	Sound	NPI	NPI_store(stick).wav
n/a	n/a	876.890523125	6.546621	Picture-Sound	prompt	(Audio_01)DidThisSentenceEndCorrectly.wav
n/a	n/a	877.55859375	n/a	Response	left	n/a
881.644434	0.468781	879.5625	2.579665	Sound	NPC	NPC_blocks.wav
n/a	n/a	884.142165	6.546621	Picture-Sound	prompt	(Audio_01)DidThisSentenceEndCorrectly.wav
n/a	n/a	884.88671875	n/a	Response	right	n/a
888.487696	0.518633	886.90625	2.128549	Sound	NPC	NPC_clean.wav
n/a	n/a	891.034799	6.546621	Picture-Sound	prompt	(Audio_01)DidThisSentenceEndCorrectly.wav
n/a	n/a	891.58984375	n/a	Response	right	n/a
895.05314025	0.485259	893.59765625	1.964875	Sound	NPC	NPC_hands.wav
n/a	n/a	897.56253125	6.546621	Picture-Sound	prompt	(Audio_01)DidThisSentenceEndCorrectly.wav
n/a	n/a	898.533203125	n/a	Response	right	n/a
903.074560625	0.391333	900.541015625	2.951429	Sound	NPI	NPI_blue(arm).wav
n/a	n/a	905.492444625	6.546621	Picture-Sound	prompt	(Audio_01)DidThisSentenceEndCorrectly.wav
n/a	n/a	906.341796875	n/a	Response	left	n/a
910.9616055	0.47743	908.3515625	3.114694	Sound	NPI	NPI_fingers(kitchen).wav
n/a	n/a	913.4662565	6.546621	Picture-Sound	prompt	(Audio_01)DidThisSentenceEndCorrectly.wav
n/a	n/a	915.892578125	n/a	Response	left	n/a
919.3293825	0.464624	917.8984375	1.930476	Sound	NPC	NPC_toilet.wav
n/a	n/a	921.8289135	6.546621	Picture-Sound	prompt	(Audio_01)DidThisSentenceEndCorrectly.wav
n/a	n/a	923.75	n/a	Response	right	n/a
928.3348105	0.400653	925.7578125	3.006463	Sound	NPI	NPI_crust(foot).wav
n/a	n/a	930.7642755	6.546621	Picture-Sound	prompt	(Audio_01)DidThisSentenceEndCorrectly.wav
n/a	n/a	931.685546875	n/a	Response	left	n/a
936.234909875	0.501648	933.701171875	3.078617	Sound	NPI	NPI_present(sister).wav
n/a	n/a	938.779788875	6.546621	Picture-Sound	prompt	(Audio_01)DidThisSentenceEndCorrectly.wav
n/a	n/a	939.412109375	n/a	Response	left	n/a
942.8528855	0.521026	941.4296875	1.878932	Sound	NPI	NPI_snake(play).wav
n/a	n/a	945.3086195	6.546621	Picture-Sound	prompt	(Audio_01)DidThisSentenceEndCorrectly.wav
n/a	n/a	945.94140625	n/a	Response	left	n/a
950.422027125	0.461078	947.955078125	2.95585	Sound	NPC	NPC_fight.wav
n/a	n/a	952.910928125	6.546621	Picture-Sound	prompt	(Audio_01)DidThisSentenceEndCorrectly.wav
n/a	n/a	955.060546875	n/a	Response	right	n/a
958.38582725	0.448995	957.06640625	1.790385	Sound	NPC	NPC_dog.wav
n/a	n/a	960.85679125	6.546621	Picture-Sound	prompt	(Audio_01)DidThisSentenceEndCorrectly.wav
n/a	n/a	961.541015625	n/a	Response	right	n/a
965.22573975	0.492961	963.55859375	2.208571	Sound	NPI	NPI_dip(cage).wav
n/a	n/a	967.76716475	6.546621	Picture-Sound	prompt	(Audio_01)DidThisSentenceEndCorrectly.wav
n/a	n/a	968.5	n/a	Response	left	n/a
971.859673125	0.345484	970.517578125	1.715624	Sound	NPC	NPC_cold.wav
n/a	n/a	974.233202125	6.546621	Picture-Sound	prompt	(Audio_01)DidThisSentenceEndCorrectly.wav
n/a	n/a	974.771484375	n/a	Response	right	n/a
978.160543625	0.279175	976.775390625	1.706032	Sound	NPI	NPI_trees(book).wav
n/a	n/a	980.481422625	6.546621	Picture-Sound	prompt	(Audio_01)DidThisSentenceEndCorrectly.wav
n/a	n/a	981.1875	n/a	Response	left	n/a
985.764993875	0.55108	983.201171875	3.154694	Sound	NPC	NPC_inches.wav
n/a	n/a	988.355865875	6.546621	Picture-Sound	prompt	(Audio_01)DidThisSentenceEndCorrectly.wav
n/a	n/a	988.755859375	n/a	Response	right	n/a
993.35512275	0.253976	990.76171875	3.007982	Sound	NPI	NPI_flip(dark).wav
n/a	n/a	995.76970075	6.546621	Picture-Sound	prompt	(Audio_01)DidThisSentenceEndCorrectly.wav
n/a	n/a	996.259765625	n/a	Response	left	n/a
1000.685240375	0.473628	998.271484375	2.942404	Sound	NPC	NPC_party.wav
n/a	n/a	1003.213888375	6.546621	Picture-Sound	prompt	(Audio_01)DidThisSentenceEndCorrectly.wav
n/a	n/a	1003.90625	n/a	Response	right	n/a
1007.667159625	0.471622	1005.916015625	2.288662	Sound	NPC	NPC_pants.wav
n/a	n/a	1010.204677625	6.546621	Picture-Sound	prompt	(Audio_01)DidThisSentenceEndCorrectly.wav
n/a	n/a	1010.67578125	n/a	Response	right	n/a
n/a	n/a	1011.67578125	5.308549	Picture-Sound	break	(Audio_02)DoYouWantToTakeABreak.wav
1015.7407025	0.481442	1013.4296875	2.826259	Sound	NPC	NPC_dress.wav
n/a	n/a	1018.2559465	6.546621	Picture-Sound	prompt	(Audio_01)DidThisSentenceEndCorrectly.wav
n/a	n/a	1018.875	n/a	Response	right	n/a
1022.543115875	0.440329	1020.888671875	2.134717	Sound	NPI	NPI_test(dust).wav
n/a	n/a	1025.023388875	6.546621	Picture-Sound	prompt	(Audio_01)DidThisSentenceEndCorrectly.wav
n/a	n/a	1026.283203125	n/a	Response	left	n/a
1030.965217125	0.464172	1028.298828125	3.160884	Sound	NPC	NPC_store.wav
n/a	n/a	1033.459712125	6.546621	Picture-Sound	prompt	(Audio_01)DidThisSentenceEndCorrectly.wav
n/a	n/a	1035.05078125	n/a	Response	right	n/a
1039.168574875	0.386012	1037.060546875	2.524172	Sound	NPC	NPC_chick.wav
n/a	n/a	1041.584718875	6.546621	Picture-Sound	prompt	(Audio_01)DidThisSentenceEndCorrectly.wav
n/a	n/a	1042.25	n/a	Response	right	n/a
1046.85972625	0.517715	1044.26953125	3.115465	Sound	NPI	NPI_axe(grass).wav
n/a	n/a	1049.38499625	6.546621	Picture-Sound	prompt	(Audio_01)DidThisSentenceEndCorrectly.wav
n/a	n/a	1049.9140625	n/a	Response	left	n/a
1054.8126145	0.33859	1051.9296875	3.253379	Sound	NPI	NPI_fixed(dog).wav
n/a	n/a	1057.1830665	6.546621	Picture-Sound	prompt	(Audio_01)DidThisSentenceEndCorrectly.wav
n/a	n/a	1057.9609375	n/a	Response	left	n/a
1061.593545375	0.483425	1059.974609375	2.117846	Sound	NPC	NPC_mouse.wav
n/a	n/a	1064.092455375	6.546621	Picture-Sound	prompt	(Audio_01)DidThisSentenceEndCorrectly.wav
n/a	n/a	1064.681640625	n/a	Response	right	n/a
1069.287655875	0.478519	1066.701171875	3.103129	Sound	NPC	NPC_button.wav
n/a	n/a	1071.804300875	6.546621	Picture-Sound	prompt	(Audio_01)DidThisSentenceEndCorrectly.wav
n/a	n/a	1072.345703125	n/a	Response	right	n/a
1076.841204125	0.515148	1074.361328125	3.031746	Sound	NPC	NPC_fist.wav
n/a	n/a	1079.393074125	6.546621	Picture-Sound	prompt	(Audio_01)DidThisSentenceEndCorrectly.wav
n/a	n/a	1079.896484375	n/a	Response	right	n/a
1083.675388875	0.499575	1081.904296875	2.296508	Sound	NPI	NPI_earth(rose).wav
n/a	n/a	1086.200804875	6.546621	Picture-Sound	prompt	(Audio_01)DidThisSentenceEndCorrectly.wav
n/a	n/a	1086.888671875	n/a	Response	left	n/a
1090.296575375	0.414744	1088.896484375	1.864059	Sound	NPI	NPI_frog(glove).wav
n/a	n/a	1092.760543375	6.546621	Picture-Sound	prompt	(Audio_01)DidThisSentenceEndCorrectly.wav
n/a	n/a	1093.625	n/a	Response	left	n/a
1097.357716875	0.499446	1095.638671875	2.258277	Sound	NPI	NPI_beat(sneeze).wav
n/a	n/a	1099.896948875	6.546621	Picture-Sound	prompt	(Audio_01)DidThisSentenceEndCorrectly.wav
n/a	n/a	1101.3046875	n/a	Response	left	n/a
1104.93307625	0.415711	1103.31640625	2.063515	Sound	NPC	NPC_claws.wav
n/a	n/a	1107.37992125	6.546621	Picture-Sound	prompt	(Audio_01)DidThisSentenceEndCorrectly.wav
n/a	n/a	1108.376953125	n/a	Response	right	n/a
1112.866274125	0.494072	1110.392578125	2.99288	Sound	NPC	NPC_freeze.wav
n/a	n/a	1115.385458125	6.546621	Picture-Sound	prompt	(Audio_01)DidThisSentenceEndCorrectly.wav
n/a	n/a	1115.86328125	n/a	Response	right	n/a
1119.989018625	0.394849	1117.869140625	2.542744	Sound	NPI	NPI_brown(job).wav
n/a	n/a	1122.411884625	6.546621	Picture-Sound	prompt	(Audio_01)DidThisSentenceEndCorrectly.wav
n/a	n/a	1123.720703125	n/a	Response	left	n/a
1127.886524625	0.412752	1125.728515625	2.610635	Sound	NPI	NPI_nice(gum).wav
n/a	n/a	1130.339150625	6.546621	Picture-Sound	prompt	(Audio_01)DidThisSentenceEndCorrectly.wav
n/a	n/a	1130.919921875	n/a	Response	left	n/a
1136.156294125	0.45597	1132.939453125	3.70712	Sound	NPC	NPC_apple.wav
n/a	n/a	1138.646573125	6.546621	Picture-Sound	prompt	(Audio_01)DidThisSentenceEndCorrectly.wav
n/a	n/a	1138.966796875	n/a	Response	right	n/a
1143.793090875	0.316987	1140.982421875	3.166599	Sound	NPI	NPI_bricks(leg).wav
n/a	n/a	1146.149020875	6.546621	Picture-Sound	prompt	(Audio_01)DidThisSentenceEndCorrectly.wav
n/a	n/a	1147.3828125	n/a	Response	left	n/a
1151.51466125	0.459253	1149.39453125	2.608889	Sound	NPC	NPC_dice.wav
n/a	n/a	1154.00342025	6.546621	Picture-Sound	prompt	(Audio_01)DidThisSentenceEndCorrectly.wav
n/a	n/a	1154.583984375	n/a	Response	right	n/a
1159.107237625	0.449799	1156.587890625	3.006327	Sound	NPI	NPI_broom(bus).wav
n/a	n/a	1161.594217625	6.546621	Picture-Sound	prompt	(Audio_01)DidThisSentenceEndCorrectly.wav
n/a	n/a	1162.423828125	n/a	Response	left	n/a
n/a	n/a	1163.423828125	5.308549	Picture-Sound	break	(Audio_02)DoYouWantToTakeABreak.wav
1167.827804625	0.427596	1165.634765625	2.662358	Sound	NPC	NPC_plank.wav
n/a	n/a	1170.297123625	6.546621	Picture-Sound	prompt	(Audio_01)DidThisSentenceEndCorrectly.wav
n/a	n/a	1170.837890625	n/a	Response	right	n/a
1174.978853	0.428818	1172.84375	2.61288	Sound	NPC	NPC_aisle.wav
n/a	n/a	1177.45663	6.546621	Picture-Sound	prompt	(Audio_01)DidThisSentenceEndCorrectly.wav
n/a	n/a	1178.103515625	n/a	Response	right	n/a
1181.88329175	0.455087	1180.12109375	2.251156	Sound	NPI	NPI_crafts(tank).wav
n/a	n/a	1184.37224975	6.546621	Picture-Sound	prompt	(Audio_01)DidThisSentenceEndCorrectly.wav
n/a	n/a	1185.23828125	n/a	Response	left	n/a
1189.838466875	0.455208	1187.248046875	3.070454	Sound	NPC	NPC_flip.wav
n/a	n/a	1192.318500875	6.546621	Picture-Sound	prompt	(Audio_01)DidThisSentenceEndCorrectly.wav
n/a	n/a	1192.90234375	n/a	Response	right	n/a
1197.503860125	0.479673	1194.908203125	3.125261	Sound	NPI	NPI_shot(crown).wav
n/a	n/a	1200.033464125	6.546621	Picture-Sound	prompt	(Audio_01)DidThisSentenceEndCorrectly.wav
n/a	n/a	1200.869140625	n/a	Response	left	n/a
1205.460246625	0.462019	1202.884765625	3.066531	Sound	NPI	NPI_round(kiss).wav
n/a	n/a	1207.951296625	6.546621	Picture-Sound	prompt	(Audio_01)DidThisSentenceEndCorrectly.wav
n/a	n/a	1208.7734375	n/a	Response	left	n/a
1212.445192875	0.272633	1210.779296875	1.976077	Sound	NPC	NPC_dip.wav
n/a	n/a	1214.755373875	6.546621	Picture-Sound	prompt	(Audio_01)DidThisSentenceEndCorrectly.wav
n/a	n/a	1216.24609375	n/a	Response	right	n/a
1220.790983375	0.459053	1218.255859375	3.008685	Sound	NPI	NPI_cane(fin).wav
n/a	n/a	1223.264544375	6.546621	Picture-Sound	prompt	(Audio_01)DidThisSentenceEndCorrectly.wav
n/a	n/a	1223.990234375	n/a	Response	left	n/a
1228.671464875	0.431193	1225.998046875	3.135351	Sound	NPC	NPC_fat.wav
n/a	n/a	1231.133397875	6.546621	Picture-Sound	prompt	(Audio_01)DidThisSentenceEndCorrectly.wav
n/a	n/a	1231.861328125	n/a	Response	right	n/a
1235.295011125	0.424811	1233.876953125	1.860431	Sound	NPI	NPI_cow(axe).wav
n/a	n/a	1237.737384125	6.546621	Picture-Sound	prompt	(Audio_01)DidThisSentenceEndCorrectly.wav
n/a	n/a	1238.29296875	n/a	Response	left	n/a
1242.57062825	0.421061	1240.30078125	2.721905	Sound	NPC	NPC_gray.wav
n/a	n/a	1245.02268625	6.546621	Picture-Sound	prompt	(Audio_01)DidThisSentenceEndCorrectly.wav
n/a	n/a	1245.66796875	n/a	Response	right	n/a
1251.046787375	0.395286	1247.677734375	3.805873	Sound	NPC	NPC_bright.wav
n/a	n/a	1253.483607375	6.546621	Picture-Sound	prompt	(Audio_01)DidThisSentenceEndCorrectly.wav
n/a	n/a	1254.740234375	n/a	Response	right	n/a
1259.024053375	0.41398	1256.755859375	2.708118	Sound	NPI	NPI_clay(gas).wav
n/a	n/a	1261.463977375	6.546621	Picture-Sound	prompt	(Audio_01)DidThisSentenceEndCorrectly.wav
n/a	n/a	1262.35546875	n/a	Response	left	n/a
1266.5554145	0.408299	1264.3671875	2.622971	Sound	NPC	NPC_fear.wav
n/a	n/a	1268.9901585	6.546621	Picture-Sound	prompt	(Audio_01)DidThisSentenceEndCorrectly.wav
n/a	n/a	1270.1328125	n/a	Response	right	n/a
1274.44515725	0.365026	1272.14453125	2.67678	Sound	NPC	NPC_out.wav
n/a	n/a	1276.82131125	6.546621	Picture-Sound	prompt	(Audio_01)DidThisSentenceEndCorrectly.wav
n/a	n/a	1277.443359375	n/a	Response	right	n/a
1281.593546	0.426893	1279.453125	2.638401	Sound	NPC	NPC_boat.wav
n/a	n/a	1284.091526	6.546621	Picture-Sound	prompt	(Audio_01)DidThisSentenceEndCorrectly.wav
n/a	n/a	1284.67578125	n/a	Response	right	n/a
1288.6280835	0.397039	1286.6796875	2.362313	Sound	NPC	NPC_bones.wav
n/a	n/a	1291.0420005	6.546621	Picture-Sound	prompt	(Audio_01)DidThisSentenceEndCorrectly.wav
n/a	n/a	1291.65234375	n/a	Response	right	n/a
1296.061432	0.414858	1293.65625	2.859478	Sound	NPI	NPI_bowl(test).wav
n/a	n/a	1298.515728	6.546621	Picture-Sound	prompt	(Audio_01)DidThisSentenceEndCorrectly.wav
n/a	n/a	1299.1875	n/a	Response	left	n/a
1303.03228675	0.440648	1301.19921875	2.305125	Sound	NPC	NPC_lawn.wav
n/a	n/a	1305.50434375	6.546621	Picture-Sound	prompt	(Audio_01)DidThisSentenceEndCorrectly.wav
n/a	n/a	1305.939453125	n/a	Response	right	n/a
1310.514717375	0.410315	1307.958984375	2.992358	Sound	NPC	NPC_spider.wav
n/a	n/a	1312.951342375	6.546621	Picture-Sound	prompt	(Audio_01)DidThisSentenceEndCorrectly.wav
n/a	n/a	1313.810546875	n/a	Response	right	n/a
n/a	n/a	1314.810546875	5.308549	Picture-Sound	break	(Audio_02)DoYouWantToTakeABreak.wav
1319.099000625	0.425424	1317.056640625	2.481678	Sound	NPC	NPC_cry.wav
n/a	n/a	1321.538318625	6.546621	Picture-Sound	prompt	(Audio_01)DidThisSentenceEndCorrectly.wav
n/a	n/a	1322.146484375	n/a	Response	right	n/a
1325.857675625	0.323712	1324.166015625	2.055147	Sound	NPC	NPC_dirt.wav
n/a	n/a	1328.221162625	6.546621	Picture-Sound	prompt	(Audio_01)DidThisSentenceEndCorrectly.wav
n/a	n/a	1328.73828125	n/a	Response	right	n/a
1333.8057485	0.501473	1330.7578125	3.602834	Sound	NPI	NPI_fake(crust).wav
n/a	n/a	1336.3606465	6.546621	Picture-Sound	prompt	(Audio_01)DidThisSentenceEndCorrectly.wav
n/a	n/a	1336.947265625	n/a	Response	left	n/a
1340.729662	0.432913	1338.953125	2.252834	Sound	NPC	NPC_one.wav
n/a	n/a	1343.205959	6.546621	Picture-Sound	prompt	(Audio_01)DidThisSentenceEndCorrectly.wav
n/a	n/a	1343.921875	n/a	Response	right	n/a
1347.335516375	0.395447	1345.927734375	1.851474	Sound	NPI	NPI_legs(barn).wav
n/a	n/a	1349.779208375	6.546621	Picture-Sound	prompt	(Audio_01)DidThisSentenceEndCorrectly.wav
n/a	n/a	1350.37109375	n/a	Response	left	n/a
1354.63133875	0.50207	1352.38671875	2.756689	Sound	NPI	NPI_tank(truth).wav
n/a	n/a	1357.14340775	6.546621	Picture-Sound	prompt	(Audio_01)DidThisSentenceEndCorrectly.wav
n/a	n/a	1357.9375	n/a	Response	left	n/a
1361.621022625	0.386692	1359.947265625	2.1022	Sound	NPC	NPC_dare.wav
n/a	n/a	1364.049465625	6.546621	Picture-Sound	prompt	(Audio_01)DidThisSentenceEndCorrectly.wav
n/a	n/a	1364.72265625	n/a	Response	right	n/a
1369.085854375	0.40107	1366.740234375	2.795828	Sound	NPC	NPC_pipe.wav
n/a	n/a	1371.536062375	6.546621	Picture-Sound	prompt	(Audio_01)DidThisSentenceEndCorrectly.wav
n/a	n/a	1372.673828125	n/a	Response	right	n/a
1377.49712275	0.457955	1374.68359375	3.341882	Sound	NPC	NPC_blinking.wav
n/a	n/a	1380.02547575	6.546621	Picture-Sound	prompt	(Audio_01)DidThisSentenceEndCorrectly.wav
n/a	n/a	1380.80078125	n/a	Response	right	n/a
1385.066876875	0.533137	1382.810546875	2.851542	Sound	NPC	NPC_candles.wav
n/a	n/a	1387.662088875	6.546621	Picture-Sound	prompt	(Audio_01)DidThisSentenceEndCorrectly.wav
n/a	n/a	1388.2890625	n/a	Response	right	n/a
1392.0562575	0.482036	1390.3046875	2.257188	Sound	NPC	NPC_ears.wav
n/a	n/a	1394.5618755	6.546621	Picture-Sound	prompt	(Audio_01)DidThisSentenceEndCorrectly.wav
n/a	n/a	1395.728515625	n/a	Response	right	n/a
1399.624288875	0.437895	1397.748046875	2.343356	Sound	NPC	NPC_fin.wav
n/a	n/a	1402.091402875	6.546621	Picture-Sound	prompt	(Audio_01)DidThisSentenceEndCorrectly.wav
n/a	n/a	1402.83203125	n/a	Response	right	n/a
1407.51983475	0.363108	1404.83984375	3.084422	Sound	NPC	NPC_drill.wav
n/a	n/a	1409.92426575	6.546621	Picture-Sound	prompt	(Audio_01)DidThisSentenceEndCorrectly.wav
n/a	n/a	1410.48046875	n/a	Response	right	n/a
1414.60521	0.448219	1412.5	2.57737	Sound	NPC	NPC_phone.wav
n/a	n/a	1417.07737	6.546621	Picture-Sound	prompt	(Audio_01)DidThisSentenceEndCorrectly.wav
n/a	n/a	1417.873046875	n/a	Response	right	n/a
1421.633837125	0.31668	1419.876953125	2.10254	Sound	NPC	NPC_card.wav
n/a	n/a	1423.979493125	6.546621	Picture-Sound	prompt	(Audio_01)DidThisSentenceEndCorrectly.wav
n/a	n/a	1424.9921875	n/a	Response	right	n/a
1429.09995725	0.278871	1427.00390625	2.557914	Sound	NPI	NPI_grill(heart).wav
n/a	n/a	1431.56182025	6.546621	Picture-Sound	prompt	(Audio_01)DidThisSentenceEndCorrectly.wav
n/a	n/a	1433.087890625	n/a	Response	left	n/a
1438.13926625	0.568903	1435.09765625	3.654195	Sound	NPC	NPC_animals.wav
n/a	n/a	1440.75185125	6.546621	Picture-Sound	prompt	(Audio_01)DidThisSentenceEndCorrectly.wav
n/a	n/a	1441.439453125	n/a	Response	right	n/a
1446.173712375	0.367978	1443.458984375	3.134694	Sound	NPI	NPI_hug(fear).wav
n/a	n/a	1448.593678375	6.546621	Picture-Sound	prompt	(Audio_01)DidThisSentenceEndCorrectly.wav
n/a	n/a	1449.583984375	n/a	Response	left	n/a
1453.692978625	0.460769	1451.603515625	2.585488	Sound	NPI	NPI_chick(bruise).wav
n/a	n/a	1456.189003625	6.546621	Picture-Sound	prompt	(Audio_01)DidThisSentenceEndCorrectly.wav
n/a	n/a	1457.744140625	n/a	Response	left	n/a
1461.089472875	0.299372	1459.748046875	1.680658	Sound	NPI	NPI_cold(bib).wav
n/a	n/a	1463.428704875	6.546621	Picture-Sound	prompt	(Audio_01)DidThisSentenceEndCorrectly.wav
n/a	n/a	1464.591796875	n/a	Response	left	n/a
n/a	n/a	1465.591796875	5.308549	Picture-Sound	break	(Audio_02)DoYouWantToTakeABreak.wav
1468.550351	0.358354	1467.328125	1.606689	Sound	NPC	NPC_door.wav
n/a	n/a	1470.934814	6.546621	Picture-Sound	prompt	(Audio_01)DidThisSentenceEndCorrectly.wav
n/a	n/a	1471.57421875	n/a	Response	right	n/a
1475.2055215	0.45031	1473.5859375	2.09941	Sound	NPC	NPC_farm.wav
n/a	n/a	1477.6853475	6.546621	Picture-Sound	prompt	(Audio_01)DidThisSentenceEndCorrectly.wav
n/a	n/a	1478.0703125	n/a	Response	right	n/a
1482.512321	0.435997	1480.078125	2.889342	Sound	NPI	NPI_bank(hike).wav
n/a	n/a	1484.967467	6.546621	Picture-Sound	prompt	(Audio_01)DidThisSentenceEndCorrectly.wav
n/a	n/a	1485.734375	n/a	Response	left	n/a
1490.69468525	0.400244	1487.73828125	3.396463	Sound	NPI	NPI_gloves(car).wav
n/a	n/a	1493.13474425	6.546621	Picture-Sound	prompt	(Audio_01)DidThisSentenceEndCorrectly.wav
n/a	n/a	1493.734375	n/a	Response	left	n/a
1498.264349	0.431697	1495.75	2.992063	Sound	NPI	NPI_dream(lawn).wav
n/a	n/a	1500.742063	6.546621	Picture-Sound	prompt	(Audio_01)DidThisSentenceEndCorrectly.wav
n/a	n/a	1501.57421875	n/a	Response	left	n/a
1506.723575	0.409697	1503.59375	3.583832	Sound	NPI	NPI_bear(pie).wav
n/a	n/a	1509.177582	6.546621	Picture-Sound	prompt	(Audio_01)DidThisSentenceEndCorrectly.wav
n/a	n/a	1509.87890625	n/a	Response	left	n/a
1513.88804575	0.437455	1511.88671875	2.482789	Sound	NPC	NPC_flag.wav
n/a	n/a	1516.36950775	6.546621	Picture-Sound	prompt	(Audio_01)DidThisSentenceEndCorrectly.wav
n/a	n/a	1517.173828125	n/a	Response	right	n/a
1522.1495465	0.426065	1519.1796875	3.470771	Sound	NPC	NPC_fork.wav
n/a	n/a	1524.6504585	6.546621	Picture-Sound	prompt	(Audio_01)DidThisSentenceEndCorrectly.wav
n/a	n/a	1526.005859375	n/a	Response	right	n/a
1531.099048625	0.453494	1528.025390625	3.545873	Sound	NPC	NPC_whales.wav
n/a	n/a	1533.571263625	6.546621	Picture-Sound	prompt	(Audio_01)DidThisSentenceEndCorrectly.wav
n/a	n/a	1534.373046875	n/a	Response	right	n/a
1538.61823775	0.391556	1536.38671875	2.66327	Sound	NPI	NPI_nine(cat).wav
n/a	n/a	1541.04998875	6.546621	Picture-Sound	prompt	(Audio_01)DidThisSentenceEndCorrectly.wav
n/a	n/a	1542.30859375	n/a	Response	left	n/a
1545.891140125	0.378652	1544.314453125	1.994195	Sound	NPI	NPI_catch(road).wav
n/a	n/a	1548.308648125	6.546621	Picture-Sound	prompt	(Audio_01)DidThisSentenceEndCorrectly.wav
n/a	n/a	1550.388671875	n/a	Response	right	n/a
1554.092314125	0.442116	1552.408203125	2.13381	Sound	NPI	NPI_steal(earth).wav
n/a	n/a	1556.542013125	6.546621	Picture-Sound	prompt	(Audio_01)DidThisSentenceEndCorrectly.wav
n/a	n/a	1557.4453125	n/a	Response	left	n/a
1562.729043875	0.424885	1559.451171875	3.729229	Sound	NPC	NPC_tear.wav
n/a	n/a	1565.180400875	6.546621	Picture-Sound	prompt	(Audio_01)DidThisSentenceEndCorrectly.wav
n/a	n/a	1566.1640625	n/a	Response	right	n/a
1570.3236595	0.440056	1568.1796875	2.624172	Sound	NPI	NPI_wear(chief).wav
n/a	n/a	1572.8038595	6.546621	Picture-Sound	prompt	(Audio_01)DidThisSentenceEndCorrectly.wav
n/a	n/a	1573.603515625	n/a	Response	left	n/a
1577.185386875	0.42161	1575.623046875	1.995442	Sound	NPI	NPI_crown(bench).wav
n/a	n/a	1579.618488875	6.546621	Picture-Sound	prompt	(Audio_01)DidThisSentenceEndCorrectly.wav
n/a	n/a	1580.740234375	n/a	Response	left	n/a
1585.340252875	0.444891	1582.748046875	3.069819	Sound	NPC	NPC_crust.wav
n/a	n/a	1587.817865875	6.546621	Picture-Sound	prompt	(Audio_01)DidThisSentenceEndCorrectly.wav
n/a	n/a	1588.53125	n/a	Response	right	n/a
1592.25894375	0.335445	1590.54296875	2.097052	Sound	NPI	NPI_eyes(hip).wav
n/a	n/a	1594.64002075	6.546621	Picture-Sound	prompt	(Audio_01)DidThisSentenceEndCorrectly.wav
n/a	n/a	1595.923828125	n/a	Response	left	n/a
1600.747980875	0.350784	1597.935546875	3.183129	Sound	NPI	NPI_blinking(belly).wav
n/a	n/a	1603.118675875	6.546621	Picture-Sound	prompt	(Audio_01)DidThisSentenceEndCorrectly.wav
n/a	n/a	1603.71484375	n/a	Response	left	n/a
1607.894420625	0.475089	1605.728515625	2.664422	Sound	NPC	NPC_castle.wav
n/a	n/a	1610.392937625	6.546621	Picture-Sound	prompt	(Audio_01)DidThisSentenceEndCorrectly.wav
n/a	n/a	1611.267578125	n/a	Response	right	n/a
1615.9293575	0.458311	1613.2734375	3.144331	Sound	NPI	NPI_cough(friend).wav
n/a	n/a	1618.4177685	6.546621	Picture-Sound	prompt	(Audio_01)DidThisSentenceEndCorrectly.wav
n/a	n/a	1619.154296875	n/a	Response	left	n/a
n/a	n/a	1620.154296875	5.308549	Picture-Sound	break	(Audio_02)DoYouWantToTakeABreak.wav
1624.907327875	0.456545	1622.638671875	2.785034	Sound	NPI	NPI_deep(bone).wav
n/a	n/a	1627.423705875	6.546621	Picture-Sound	prompt	(Audio_01)DidThisSentenceEndCorrectly.wav
n/a	n/a	1628.90625	n/a	Response	left	n/a
1632.75957575	0.476342	1630.91796875	2.343356	Sound	NPI	(LD5_Eliminated)NPI_coal(chain).wav
n/a	n/a	1635.26132475	6.546621	Picture-Sound	prompt	(Audio_01)DidThisSentenceEndCorrectly.wav
n/a	n/a	1636.05859375	n/a	Response	left	n/a
1639.906820875	0.453953	1638.076171875	2.31458	Sound	NPC	(LD5_Eliminated)NPC_coal.wav
n/a	n/a	1642.390751875	6.546621	Picture-Sound	prompt	(Audio_01)DidThisSentenceEndCorrectly.wav
n/a	n/a	1642.794921875	n/a	Response	right	n/a
1646.000362375	0.371188	1644.802734375	1.601882	Sound	NPI	NPI_door(smoke).wav
n/a	n/a	1648.404616375	6.546621	Picture-Sound	prompt	(Audio_01)DidThisSentenceEndCorrectly.wav
n/a	n/a	1651.2109375	n/a	Response	left	n/a
1656.03338175	0.377512	1653.23046875	3.210363	Sound	NPI	NPI_fridge(pig).wav
n/a	n/a	1658.44083175	6.546621	Picture-Sound	prompt	(Audio_01)DidThisSentenceEndCorrectly.wav
n/a	n/a	1659.513671875	n/a	Response	left	n/a
1663.642989625	0.344339	1661.525390625	2.501882	Sound	NPC	NPC_bite.wav
n/a	n/a	1666.027272625	6.546621	Picture-Sound	prompt	(Audio_01)DidThisSentenceEndCorrectly.wav
n/a	n/a	1667.146484375	n/a	Response	right	n/a
1671.42494375	0.458455	1669.15234375	2.73551	Sound	NPC	NPC_tank.wav
n/a	n/a	1673.88785375	6.546621	Picture-Sound	prompt	(Audio_01)DidThisSentenceEndCorrectly.wav
n/a	n/a	1674.681640625	n/a	Response	right	n/a
1679.5650965	0.43257	1676.6953125	3.339116	Sound	NPC	NPC_fish.wav
n/a	n/a	1682.0344285	6.546621	Picture-Sound	prompt	(Audio_01)DidThisSentenceEndCorrectly.wav
n/a	n/a	1683.2421875	n/a	Response	right	n/a
1687.044526375	0.521717	1685.255859375	2.348957	Sound	NPC	NPC_kitchen.wav
n/a	n/a	1689.604816375	6.546621	Picture-Sound	prompt	(Audio_01)DidThisSentenceEndCorrectly.wav
n/a	n/a	1690.216796875	n/a	Response	right	n/a
1695.242997875	0.426277	1692.232421875	3.465578	Sound	NPC	NPC_study.wav
n/a	n/a	1697.697999875	6.546621	Picture-Sound	prompt	(Audio_01)DidThisSentenceEndCorrectly.wav
n/a	n/a	1698.392578125	n/a	Response	right	n/a
1702.46396225	0.417965	1700.41015625	2.496735	Sound	NPC	NPC_gel.wav
n/a	n/a	1704.90689125	6.546621	Picture-Sound	prompt	(Audio_01)DidThisSentenceEndCorrectly.wav
n/a	n/a	1706.10546875	n/a	Response	right	n/a
1710.18281175	0.38526	1708.12109375	2.470612	Sound	NPI	NPI_goat(bread).wav
n/a	n/a	1712.59170575	6.546621	Picture-Sound	prompt	(Audio_01)DidThisSentenceEndCorrectly.wav
n/a	n/a	1713.736328125	n/a	Response	left	n/a
1718.003613875	0.339844	1715.748046875	2.653968	Sound	NPC	NPC_deep.wav
n/a	n/a	1720.402014875	6.546621	Picture-Sound	prompt	(Audio_01)DidThisSentenceEndCorrectly.wav
n/a	n/a	1721.44921875	n/a	Response	right	n/a
1725.33913125	0.408751	1723.45703125	2.330091	Sound	NPI	NPI_fin(desk).wav
n/a	n/a	1727.78712225	6.546621	Picture-Sound	prompt	(Audio_01)DidThisSentenceEndCorrectly.wav
n/a	n/a	1728.697265625	n/a	Response	left	n/a
1733.115496875	0.602923	1730.701171875	3.073061	Sound	NPI	NPI_party(sidewalk).wav
n/a	n/a	1735.774232875	6.546621	Picture-Sound	prompt	(Audio_01)DidThisSentenceEndCorrectly.wav
n/a	n/a	1738.248046875	n/a	Response	left	n/a
1742.831520875	0.49675	1740.263671875	3.115601	Sound	NPI	NPI_inches(cookie).wav
n/a	n/a	1745.379272875	6.546621	Picture-Sound	prompt	(Audio_01)DidThisSentenceEndCorrectly.wav
n/a	n/a	1746.19921875	n/a	Response	left	n/a
1749.83675425	0.484254	1748.20703125	2.174966	Sound	NPI	NPI_night(inch).wav
n/a	n/a	1752.38199725	6.546621	Picture-Sound	prompt	(Audio_01)DidThisSentenceEndCorrectly.wav
n/a	n/a	1753.126953125	n/a	Response	left	n/a
1756.5441005	0.463012	1755.1328125	1.900454	Sound	NPI	NPI_fly(edge).wav
n/a	n/a	1759.0332665	6.546621	Picture-Sound	prompt	(Audio_01)DidThisSentenceEndCorrectly.wav
n/a	n/a	1759.751953125	n/a	Response	left	n/a
1764.5239745	0.406166	1761.7578125	3.191542	Sound	NPC	NPC_guess.wav
n/a	n/a	1766.9493545	6.546621	Picture-Sound	prompt	(Audio_01)DidThisSentenceEndCorrectly.wav
n/a	n/a	1767.798828125	n/a	Response	right	n/a
1771.608026375	0.5053	1769.818359375	2.319705	Sound	NPC	NPC_green.wav
n/a	n/a	1774.138064375	6.546621	Picture-Sound	prompt	(Audio_01)DidThisSentenceEndCorrectly.wav
n/a	n/a	1775.52734375	n/a	Response	right	n/a
1780.97071925	0.369034	1778.55078125	2.812063	Sound	NPC	NPC_cop.wav
n/a	n/a	1783.36284425	6.546621	Picture-Sound	prompt	(Audio_01)DidThisSentenceEndCorrectly.wav
n/a	n/a	1784.767578125	n/a	Response	right	n/a
1789.756819875	0.435975	1786.779296875	3.466553	Sound	NPI	NPI_outside(apple).wav
n/a	n/a	1792.245849875	6.546621	Picture-Sound	prompt	(Audio_01)DidThisSentenceEndCorrectly.wav
n/a	n/a	1792.92578125	n/a	Response	left	n/a
1798.163473125	0.42585	1794.939453125	3.714082	Sound	NPI	NPI_bag(bell).wav
n/a	n/a	1800.653535125	6.546621	Picture-Sound	prompt	(Audio_01)DidThisSentenceEndCorrectly.wav
n/a	n/a	1801.341796875	n/a	Response	left	n/a
1806.1277685	0.348471	1803.3515625	3.179705	Sound	NPI	NPI_guess(grape).wav
n/a	n/a	1808.5312675	6.546621	Picture-Sound	prompt	(Audio_01)DidThisSentenceEndCorrectly.wav
n/a	n/a	1810.654296875	n/a	Response	left	n/a
1815.7942565	0.380132	1812.6640625	3.583299	Sound	NPI	NPI_gone(feet).wav
n/a	n/a	1818.2473615	6.546621	Picture-Sound	prompt	(Audio_01)DidThisSentenceEndCorrectly.wav
n/a	n/a	1819.21484375	n/a	Response	left	n/a
1822.632622375	0.412159	1821.224609375	1.856939	Sound	NPC	NPC_cat.wav
n/a	n/a	1825.081548375	6.546621	Picture-Sound	prompt	(Audio_01)DidThisSentenceEndCorrectly.wav
n/a	n/a	1825.88671875	n/a	Response	right	n/a
1830.319391625	0.350161	1827.900390625	2.808889	Sound	NPC	NPC_bowl.wav
n/a	n/a	1832.709279625	6.546621	Picture-Sound	prompt	(Audio_01)DidThisSentenceEndCorrectly.wav
n/a	n/a	1833.837890625	n/a	Response	right	n/a
1838.022748125	0.467162	1835.845703125	2.667778	Sound	NPI	NPI_castle(doctor).wav
n/a	n/a	1840.513481125	6.546621	Picture-Sound	prompt	(Audio_01)DidThisSentenceEndCorrectly.wav
n/a	n/a	1841.29296875	n/a	Response	left	n/a
1845.3302795	0.548531	1843.3046875	2.622449	Sound	NPI	NPI_cape(pole).wav
n/a	n/a	1847.9271365	6.546621	Picture-Sound	prompt	(Audio_01)DidThisSentenceEndCorrectly.wav
n/a	n/a	1848.62109375	n/a	Response	left	n/a
1852.563017375	0.425913	1850.630859375	2.381905	Sound	NPI	NPI_wet(whale).wav
n/a	n/a	1855.012764375	6.546621	Picture-Sound	prompt	(Audio_01)DidThisSentenceEndCorrectly.wav
n/a	n/a	1855.564453125	n/a	Response	left	n/a
1860.32236475	0.501699	1857.57421875	3.282902	Sound	NPC	NPC_ants.wav
n/a	n/a	1862.85712075	6.546621	Picture-Sound	prompt	(Audio_01)DidThisSentenceEndCorrectly.wav
n/a	n/a	1863.453125	n/a	Response	right	n/a
1868.343393875	0.564119	1865.466796875	3.487188	Sound	NPC	NPC_gloves.wav
n/a	n/a	1870.953984875	6.546621	Picture-Sound	prompt	(Audio_01)DidThisSentenceEndCorrectly.wav
n/a	n/a	1872.396484375	n/a	Response	right	n/a
1876.144569375	0.547828	1874.412109375	2.351519	Sound	NPC	NPC_thorns.wav
n/a	n/a	1878.763628375	6.546621	Picture-Sound	prompt	(Audio_01)DidThisSentenceEndCorrectly.wav
n/a	n/a	1879.548828125	n/a	Response	right	n/a
1884.062078625	0.384049	1881.556640625	2.92941	Sound	NPC	NPC_chalk.wav
n/a	n/a	1886.486050625	6.546621	Picture-Sound	prompt	(Audio_01)DidThisSentenceEndCorrectly.wav
n/a	n/a	1886.859375	n/a	Response	right	n/a
1892.223479375	0.438408	1888.865234375	3.83356	Sound	NPI	NPI_bright(gills).wav
n/a	n/a	1894.698794375	6.546621	Picture-Sound	prompt	(Audio_01)DidThisSentenceEndCorrectly.wav
n/a	n/a	1895.03515625	n/a	Response	left	n/a
1899.34477475	0.501965	1897.04296875	2.823107	Sound	NPI	NPI_dress(fun).wav
n/a	n/a	1901.86607575	6.546621	Picture-Sound	prompt	(Audio_01)DidThisSentenceEndCorrectly.wav
n/a	n/a	1902.5078125	n/a	Response	left	n/a
1906.47754125	0.437626	1904.51953125	2.454671	Sound	NPI	NPI_bones(wind).wav
n/a	n/a	1908.97420225	6.546621	Picture-Sound	prompt	(Audio_01)DidThisSentenceEndCorrectly.wav
n/a	n/a	1909.8515625	n/a	Response	left	n/a
1914.90061325	0.497089	1911.86328125	3.602834	Sound	NPC	NPC_fake.wav
n/a	n/a	1917.46611525	6.546621	Picture-Sound	prompt	(Audio_01)DidThisSentenceEndCorrectly.wav
n/a	n/a	1917.962890625	n/a	Response	right	n/a
1921.610176375	0.399795	1919.974609375	2.076825	Sound	NPI	NPI_claws(floor).wav
n/a	n/a	1924.051434375	6.546621	Picture-Sound	prompt	(Audio_01)DidThisSentenceEndCorrectly.wav
n/a	n/a	1925.130859375	n/a	Response	left	n/a
1929.872495625	0.301083	1927.150390625	3.063061	Sound	NPC	NPC_hug.wav
n/a	n/a	1932.213451625	6.546621	Picture-Sound	prompt	(Audio_01)DidThisSentenceEndCorrectly.wav
n/a	n/a	1933.580078125	n/a	Response	right	n/a
1937.63545975	0.435413	1936.32421875	1.786621	Sound	NPI	NPI_dog(chalk).wav
n/a	n/a	1940.11083975	6.546621	Picture-Sound	prompt	(Audio_01)DidThisSentenceEndCorrectly.wav
n/a	n/a	1940.947265625	n/a	Response	left	n/a
1944.898092875	0.373599	1942.966796875	2.333197	Sound	NPC	NPC_wet.wav
n/a	n/a	1947.299993875	6.546621	Picture-Sound	prompt	(Audio_01)DidThisSentenceEndCorrectly.wav
n/a	n/a	1947.681640625	n/a	Response	right	n/a
1951.08340225	0.395135	1949.69140625	1.831882	Sound	NPI	NPI_pink(door).wav
n/a	n/a	1953.52328825	6.546621	Picture-Sound	prompt	(Audio_01)DidThisSentenceEndCorrectly.wav
n/a	n/a	1954.09765625	n/a	Response	left	n/a
1958.8019345	0.230462	1956.1171875	3.067755	Sound	NPC	NPC_cart.wav
n/a	n/a	1961.1849425	6.546621	Picture-Sound	prompt	(Audio_01)DidThisSentenceEndCorrectly.wav
n/a	n/a	1962.09765625	n/a	Response	right	n/a
1966.223414125	0.441166	1964.111328125	2.585442	Sound	NPI	NPI_glue(cliff).wav
n/a	n/a	1968.696770125	6.546621	Picture-Sound	prompt	(Audio_01)DidThisSentenceEndCorrectly.wav
n/a	n/a	1969.970703125	n/a	Response	left	n/a
1975.06465425	0.535418	1971.98828125	3.636463	Sound	NPI	NPI_bruise(rain).wav
n/a	n/a	1977.62474425	6.546621	Picture-Sound	prompt	(Audio_01)DidThisSentenceEndCorrectly.wav
n/a	n/a	1978.2265625	n/a	Response	left	n/a
1982.421538875	0.308107	1980.232421875	2.552948	Sound	NPC	NPC_bread.wav
n/a	n/a	1984.785369875	6.546621	Picture-Sound	prompt	(Audio_01)DidThisSentenceEndCorrectly.wav
n/a	n/a	1985.681640625	n/a	Response	right	n/a
1989.060910375	0.483177	1987.693359375	1.889909	Sound	NPI	NPI_cream(couch).wav
n/a	n/a	1991.583268375	6.546621	Picture-Sound	prompt	(Audio_01)DidThisSentenceEndCorrectly.wav
n/a	n/a	1992.2421875	n/a	Response	left	n/a
1996.419338125	0.465788	1994.251953125	2.679252	Sound	NPI	NPI_down(tie).wav
n/a	n/a	1998.931205125	6.546621	Picture-Sound	prompt	(Audio_01)DidThisSentenceEndCorrectly.wav
n/a	n/a	1999.841796875	n/a	Response	left	n/a
2004.022190125	0.441134	2001.845703125	2.655238	Sound	NPC	NPC_clown.wav
n/a	n/a	2006.500941125	6.546621	Picture-Sound	prompt	(Audio_01)DidThisSentenceEndCorrectly.wav
n/a	n/a	2007.76171875	n/a	Response	right	n/a
2012.780490375	0.483508	2009.771484375	3.534467	Sound	NPI	NPI_cliff(sheep).wav
n/a	n/a	2015.305951375	6.546621	Picture-Sound	prompt	(Audio_01)DidThisSentenceEndCorrectly.wav
n/a	n/a	2016.9609375	n/a	Response	left	n/a
2020.704277	0.449781	2018.96875	2.230794	Sound	NPC	NPC_clothes.wav
n/a	n/a	2023.199544	6.546621	Picture-Sound	prompt	(Audio_01)DidThisSentenceEndCorrectly.wav
n/a	n/a	2024.9765625	n/a	Response	right	n/a
2030.26385575	0.463248	2026.99609375	3.763878	Sound	NPC	NPC_cone.wav
n/a	n/a	2032.75997175	6.546621	Picture-Sound	prompt	(Audio_01)DidThisSentenceEndCorrectly.wav
n/a	n/a	2033.568359375	n/a	Response	right	n/a
2038.48498775	0.460658	2035.57421875	3.410703	Sound	NPC	NPC_flop.wav
n/a	n/a	2040.98492175	6.546621	Picture-Sound	prompt	(Audio_01)DidThisSentenceEndCorrectly.wav
n/a	n/a	2041.775390625	n/a	Response	right	n/a
2045.60380925	0.535157	2043.78515625	2.388481	Sound	NPI	NPI_goose(pipe).wav
n/a	n/a	2048.17363725	6.546621	Picture-Sound	prompt	(Audio_01)DidThisSentenceEndCorrectly.wav
n/a	n/a	2048.607421875	n/a	Response	left	n/a
2053.508407125	0.55626	2050.626953125	3.471497	Sound	NPI	NPI_fish(cry).wav
n/a	n/a	2056.098450125	6.546621	Picture-Sound	prompt	(Audio_01)DidThisSentenceEndCorrectly.wav
n/a	n/a	2056.640625	n/a	Response	left	n/a
2060.785156875	0.354349	2058.654296875	2.488594	Sound	NPC	NPC_gold.wav
n/a	n/a	2063.142890875	6.546621	Picture-Sound	prompt	(Audio_01)DidThisSentenceEndCorrectly.wav
n/a	n/a	2064.591796875	n/a	Response	right	n/a
2069.74393225	0.402645	2066.59765625	3.59263	Sound	NPC	NPC_bear.wav
n/a	n/a	2072.19028625	6.546621	Picture-Sound	prompt	(Audio_01)DidThisSentenceEndCorrectly.wav
n/a	n/a	2072.783203125	n/a	Response	right	n/a
2076.37888275	0.518278	2074.79296875	2.130204	Sound	NPI	NPI_grapes(man).wav
n/a	n/a	2078.92317275	6.546621	Picture-Sound	prompt	(Audio_01)DidThisSentenceEndCorrectly.wav
n/a	n/a	2080.19140625	n/a	Response	left	n/a
2083.49172	0.580903	2082.203125	1.907302	Sound	NPC	NPC_cream.wav
n/a	n/a	2086.110427	6.546621	Picture-Sound	prompt	(Audio_01)DidThisSentenceEndCorrectly.wav
n/a	n/a	2087.310546875	n/a	Response	right	n/a
n/a	n/a	2088.310546875	5.308549	Picture-Sound	break	(Audio_02)DoYouWantToTakeABreak.wav
2091.474647	0.387186	2090.171875	1.733288	Sound	NPC	NPC_duck.wav
n/a	n/a	2093.905163	6.546621	Picture-Sound	prompt	(Audio_01)DidThisSentenceEndCorrectly.wav
n/a	n/a	2094.55078125	n/a	Response	right	n/a
2098.317439125	0.418857	2096.564453125	2.207438	Sound	NPI	NPI_card(fly).wav
n/a	n/a	2100.771891125	6.546621	Picture-Sound	prompt	(Audio_01)DidThisSentenceEndCorrectly.wav
n/a	n/a	2101.57421875	n/a	Response	left	n/a
2106.13343275	0.409198	2103.58984375	2.986916	Sound	NPI	NPI_cheese(clock).wav
n/a	n/a	2108.57675975	6.546621	Picture-Sound	prompt	(Audio_01)DidThisSentenceEndCorrectly.wav
n/a	n/a	2109.4453125	n/a	Response	left	n/a
2113.727103875	0.450148	2111.451171875	2.750204	Sound	NPI	NPI_gray(bald).wav
n/a	n/a	2116.201375875	6.546621	Picture-Sound	prompt	(Audio_01)DidThisSentenceEndCorrectly.wav
n/a	n/a	2117.046875	n/a	Response	left	n/a
2120.848978875	0.439513	2119.060546875	2.261882	Sound	NPC	NPC_glass.wav
n/a	n/a	2123.322428875	6.546621	Picture-Sound	prompt	(Audio_01)DidThisSentenceEndCorrectly.wav
n/a	n/a	2123.78125	n/a	Response	right	n/a
2128.319016375	0.501033	2125.787109375	3.07542	Sound	NPC	NPC_present.wav
n/a	n/a	2130.862529375	6.546621	Picture-Sound	prompt	(Audio_01)DidThisSentenceEndCorrectly.wav
n/a	n/a	2131.4296875	n/a	Response	right	n/a
2136.034814625	0.439515	2133.447265625	3.063719	Sound	NPI	NPI_grade(grill).wav
n/a	n/a	2138.510984625	6.546621	Picture-Sound	prompt	(Audio_01)DidThisSentenceEndCorrectly.wav
n/a	n/a	2138.96484375	n/a	Response	left	n/a
2143.088342375	0.365615	2140.974609375	2.51746	Sound	NPC	NPC_grill.wav
n/a	n/a	2145.492069375	6.546621	Picture-Sound	prompt	(Audio_01)DidThisSentenceEndCorrectly.wav
n/a	n/a	2145.91015625	n/a	Response	right	n/a
2149.718388625	0.491006	2147.916015625	2.330975	Sound	NPI	NPI_kitchen(baby).wav
n/a	n/a	2152.246990625	6.546621	Picture-Sound	prompt	(Audio_01)DidThisSentenceEndCorrectly.wav
n/a	n/a	2152.900390625	n/a	Response	left	n/a
2158.025017125	0.548334	2154.908203125	3.691519	Sound	NPI	NPI_popped(square).wav
n/a	n/a	2160.599722125	6.546621	Picture-Sound	prompt	(Audio_01)DidThisSentenceEndCorrectly.wav
n/a	n/a	2161.236328125	n/a	Response	left	n/a
2166.00719925	0.533906	2163.25390625	3.337959	Sound	NPI	NPI_wind(cheese).wav
n/a	n/a	2168.59186525	6.546621	Picture-Sound	prompt	(Audio_01)DidThisSentenceEndCorrectly.wav
n/a	n/a	2170.357421875	n/a	Response	left	n/a
2175.042018375	0.459181	2172.365234375	3.166984	Sound	NPI	NPI_cart(score).wav
n/a	n/a	2177.532218375	6.546621	Picture-Sound	prompt	(Audio_01)DidThisSentenceEndCorrectly.wav
n/a	n/a	2178.259765625	n/a	Response	left	n/a
2182.970991625	0.469609	2180.275390625	3.183628	Sound	NPC	NPC_skunk.wav
n/a	n/a	2185.459018625	6.546621	Picture-Sound	prompt	(Audio_01)DidThisSentenceEndCorrectly.wav
n/a	n/a	2185.892578125	n/a	Response	right	n/a
2189.95889475	0.379411	2187.90234375	2.474603	Sound	NPC	NPC_cob.wav
n/a	n/a	2192.37694675	6.546621	Picture-Sound	prompt	(Audio_01)DidThisSentenceEndCorrectly.wav
n/a	n/a	2193.63671875	n/a	Response	right	n/a
2197.603354375	0.414115	2195.646484375	2.409524	Sound	NPC	NPC_goal.wav
n/a	n/a	2200.056008375	6.546621	Picture-Sound	prompt	(Audio_01)DidThisSentenceEndCorrectly.wav
n/a	n/a	2200.32421875	n/a	Response	right	n/a
2205.43281375	0.379255	2202.33984375	3.490726	Sound	NPI	NPI_eats(ball).wav
n/a	n/a	2207.83056975	6.546621	Picture-Sound	prompt	(Audio_01)DidThisSentenceEndCorrectly.wav
n/a	n/a	2208.37109375	n/a	Response	left	n/a
2212.7163755	0.469134	2210.3828125	2.839138	Sound	NPI	NPI_pipe(phone).wav
n/a	n/a	2215.2219505	6.546621	Picture-Sound	prompt	(Audio_01)DidThisSentenceEndCorrectly.wav
n/a	n/a	2215.732421875	n/a	Response	left	n/a
2219.7851145	0.435048	2217.7421875	2.507052	Sound	NPI	NPI_cry(fork).wav
n/a	n/a	2222.2492395	6.546621	Picture-Sound	prompt	(Audio_01)DidThisSentenceEndCorrectly.wav
n/a	n/a	2224.32421875	n/a	Response	left	n/a
2228.803171625	0.449083	2226.337890625	2.94161	Sound	NPI	NPI_freeze(sun).wav
n/a	n/a	2231.279500625	6.546621	Picture-Sound	prompt	(Audio_01)DidThisSentenceEndCorrectly.wav
n/a	n/a	2231.828125	n/a	Response	left	n/a
2236.05299725	0.459946	2233.83203125	2.732336	Sound	NPC	NPC_nine.wav
n/a	n/a	2238.56436725	6.546621	Picture-Sound	prompt	(Audio_01)DidThisSentenceEndCorrectly.wav
n/a	n/a	2239.138671875	n/a	Response	right	n/a
n/a	n/a	2240.138671875	5.308549	Picture-Sound	break	(Audio_02)DoYouWantToTakeABreak.wav
2244.064000625	0.48669	2242.837890625	1.749864	Sound	NPI	NPI_caves(string).wav
n/a	n/a	2246.587754625	6.546621	Picture-Sound	prompt	(Audio_01)DidThisSentenceEndCorrectly.wav
n/a	n/a	2247.169921875	n/a	Response	left	n/a
2251.3390225	0.490028	2249.1796875	2.710794	Sound	NPI	NPI_flat(cow).wav
n/a	n/a	2253.8904815	6.546621	Picture-Sound	prompt	(Audio_01)DidThisSentenceEndCorrectly.wav
n/a	n/a	2254.40234375	n/a	Response	left	n/a
2258.484018	0.44516	2256.421875	2.549093	Sound	NPC	NPC_brakes.wav
n/a	n/a	2260.970968	6.546621	Picture-Sound	prompt	(Audio_01)DidThisSentenceEndCorrectly.wav
n/a	n/a	2262.05078125	n/a	Response	right	n/a
2266.513185125	0.348732	2264.064453125	2.865488	Sound	NPC	NPC_bank.wav
n/a	n/a	2268.929941125	6.546621	Picture-Sound	prompt	(Audio_01)DidThisSentenceEndCorrectly.wav
n/a	n/a	2269.537109375	n/a	Response	right	n/a
2274.12490475	0.572223	2271.54296875	3.203832	Sound	NPC	NPC_clouds.wav
n/a	n/a	2276.74680075	6.546621	Picture-Sound	prompt	(Audio_01)DidThisSentenceEndCorrectly.wav
n/a	n/a	2278.73828125	n/a	Response	right	n/a
2282.84083525	0.367286	2280.75390625	2.48034	Sound	NPC	NPC_hair.wav
n/a	n/a	2285.23424625	6.546621	Picture-Sound	prompt	(Audio_01)DidThisSentenceEndCorrectly.wav
n/a	n/a	2285.873046875	n/a	Response	right	n/a
2290.323979375	0.437803	2287.880859375	2.895986	Sound	NPI	NPI_spider(summer).wav
n/a	n/a	2292.776845375	6.546621	Picture-Sound	prompt	(Audio_01)DidThisSentenceEndCorrectly.wav
n/a	n/a	2293.361328125	n/a	Response	left	n/a
2297.126557875	0.432399	2295.373046875	2.241315	Sound	NPI	NPI_pants(woods).wav
n/a	n/a	2299.614361875	6.546621	Picture-Sound	prompt	(Audio_01)DidThisSentenceEndCorrectly.wav
n/a	n/a	2300.9296875	n/a	Response	left	n/a
2304.78243375	0.455429	2302.93359375	2.337256	Sound	NPC	NPC_books.wav
n/a	n/a	2307.27084975	6.546621	Picture-Sound	prompt	(Audio_01)DidThisSentenceEndCorrectly.wav
n/a	n/a	2307.712890625	n/a	Response	right	n/a
2313.0113515	0.473175	2309.7265625	3.786463	Sound	NPI	NPI_tear(corn).wav
n/a	n/a	2315.5130255	6.546621	Picture-Sound	prompt	(Audio_01)DidThisSentenceEndCorrectly.wav
n/a	n/a	2316.689453125	n/a	Response	left	n/a
2320.238376125	0.405025	2318.705078125	1.950998	Sound	NPI	NPI_fall(duck).wav
n/a	n/a	2322.656076125	6.546621	Picture-Sound	prompt	(Audio_01)DidThisSentenceEndCorrectly.wav
n/a	n/a	2324.591796875	n/a	Response	left	n/a
2329.216645375	0.363715	2326.599609375	3.022381	Sound	NPC	NPC_bow.wav
n/a	n/a	2331.621990375	6.546621	Picture-Sound	prompt	(Audio_01)DidThisSentenceEndCorrectly.wav
n/a	n/a	2332.17578125	n/a	Response	right	n/a
2336.447652375	0.441386	2334.193359375	2.731134	Sound	NPC	NPC_clay.wav
n/a	n/a	2338.924493375	6.546621	Picture-Sound	prompt	(Audio_01)DidThisSentenceEndCorrectly.wav
n/a	n/a	2339.712890625	n/a	Response	right	n/a
2343.436373	0.345077	2341.71875	2.13415	Sound	NPI	NPI_three(boy).wav
n/a	n/a	2345.8529	6.546621	Picture-Sound	prompt	(Audio_01)DidThisSentenceEndCorrectly.wav
n/a	n/a	2346.607421875	n/a	Response	left	n/a
2350.747940125	0.523262	2348.611328125	2.705261	Sound	NPI	NPI_aisle(chicken).wav
n/a	n/a	2353.316589125	6.546621	Picture-Sound	prompt	(Audio_01)DidThisSentenceEndCorrectly.wav
n/a	n/a	2353.888671875	n/a	Response	left	n/a
2358.067281875	0.404875	2355.904296875	2.615079	Sound	NPI	NPI_car(chest).wav
n/a	n/a	2360.519375875	6.546621	Picture-Sound	prompt	(Audio_01)DidThisSentenceEndCorrectly.wav
n/a	n/a	2361.55078125	n/a	Response	left	n/a
2366.572109125	0.473179	2363.564453125	3.514875	Sound	NPC	NPC_cliff.wav
n/a	n/a	2369.079328125	6.546621	Picture-Sound	prompt	(Audio_01)DidThisSentenceEndCorrectly.wav
n/a	n/a	2369.744140625	n/a	Response	right	n/a
2374.291573625	0.394547	2371.759765625	2.979728	Sound	NPI	NPI_chest(sock).wav
n/a	n/a	2376.739493625	6.546621	Picture-Sound	prompt	(Audio_01)DidThisSentenceEndCorrectly.wav
n/a	n/a	2377.19921875	n/a	Response	left	n/a
2381.819814	0.468569	2379.21875	3.11966	Sound	NPI	NPI_coach(goose).wav
n/a	n/a	2384.33841	6.546621	Picture-Sound	prompt	(Audio_01)DidThisSentenceEndCorrectly.wav
n/a	n/a	2385.18359375	n/a	Response	left	n/a
2388.716154625	0.513129	2387.197265625	2.06771	Sound	NPC	NPC_cribs.wav
n/a	n/a	2391.264975625	6.546621	Picture-Sound	prompt	(Audio_01)DidThisSentenceEndCorrectly.wav
n/a	n/a	2391.759765625	n/a	Response	right	n/a
n/a	n/a	2392.759765625	5.308549	Picture-Sound	break	(Audio_02)DoYouWantToTakeABreak.wav
2397.871890375	0.485937	2394.802734375	3.57932	Sound	NPC	NPC_bruise.wav
n/a	n/a	2400.382054375	6.546621	Picture-Sound	prompt	(Audio_01)DidThisSentenceEndCorrectly.wav
n/a	n/a	2400.966796875	n/a	Response	right	n/a
2404.73962775	0.390985	2402.98046875	2.199365	Sound	NPI	NPI_clock(tree).wav
n/a	n/a	2407.17983375	6.546621	Picture-Sound	prompt	(Audio_01)DidThisSentenceEndCorrectly.wav
n/a	n/a	2407.509765625	n/a	Response	left	n/a
2411.305213375	0.397115	2409.521484375	2.221293	Sound	NPI	NPI_glass(shoe).wav
n/a	n/a	2413.742777375	6.546621	Picture-Sound	prompt	(Audio_01)DidThisSentenceEndCorrectly.wav
n/a	n/a	2415.109375	n/a	Response	left	n/a
2418.503392375	0.556822	2417.115234375	1.989002	Sound	NPC	NPC_frog.wav
n/a	n/a	2421.104236375	6.546621	Picture-Sound	prompt	(Audio_01)DidThisSentenceEndCorrectly.wav
n/a	n/a	2421.734375	n/a	Response	right	n/a
2425.218179375	0.362802	2423.740234375	1.870612	Sound	NPI	NPI_fast(thief).wav
n/a	n/a	2427.610846375	6.546621	Picture-Sound	prompt	(Audio_01)DidThisSentenceEndCorrectly.wav
n/a	n/a	2428.517578125	n/a	Response	left	n/a
2432.290696125	0.353313	2430.533203125	2.130907	Sound	NPC	NPC_gum.wav
n/a	n/a	2434.664110125	6.546621	Picture-Sound	prompt	(Audio_01)DidThisSentenceEndCorrectly.wav
n/a	n/a	2435.205078125	n/a	Response	right	n/a
2439.270734375	0.454971	2437.224609375	2.518617	Sound	NPI	NPI_gel(sign).wav
n/a	n/a	2441.743226375	6.546621	Picture-Sound	prompt	(Audio_01)DidThisSentenceEndCorrectly.wav
n/a	n/a	2443.23828125	n/a	Response	left	n/a
2447.770796125	0.451476	2445.251953125	3.017574	Sound	NPC	NPC_broom.wav
n/a	n/a	2450.269527125	6.546621	Picture-Sound	prompt	(Audio_01)DidThisSentenceEndCorrectly.wav
n/a	n/a	2450.98046875	n/a	Response	right	n/a
2455.08710175	0.430231	2452.99609375	2.532676	Sound	NPI	NPI_pictures(contest).wav
n/a	n/a	2457.52876975	6.546621	Picture-Sound	prompt	(Audio_01)DidThisSentenceEndCorrectly.wav
n/a	n/a	2458.1640625	n/a	Response	left	n/a
2463.188579	0.560552	2460.171875	3.615397	Sound	NPI	NPI_study(princess).wav
n/a	n/a	2465.787272	6.546621	Picture-Sound	prompt	(Audio_01)DidThisSentenceEndCorrectly.wav
n/a	n/a	2466.708984375	n/a	Response	left	n/a
2470.823041875	0.414991	2468.716796875	2.539161	Sound	NPI	NPI_brakes(cob).wav
n/a	n/a	2473.255957875	6.546621	Picture-Sound	prompt	(Audio_01)DidThisSentenceEndCorrectly.wav
n/a	n/a	2474.1796875	n/a	Response	left	n/a
2478.993996375	0.468827	2476.193359375	3.309229	Sound	NPC	NPC_bricks.wav
n/a	n/a	2481.502588375	6.546621	Picture-Sound	prompt	(Audio_01)DidThisSentenceEndCorrectly.wav
n/a	n/a	2482.1171875	n/a	Response	right	n/a
2485.31489375	0.465518	2484.12109375	1.689592	Sound	NPI	NPI_wood(cough).wav
n/a	n/a	2487.81068575	6.546621	Picture-Sound	prompt	(Audio_01)DidThisSentenceEndCorrectly.wav
n/a	n/a	2488.453125	n/a	Response	left	n/a
2492.081241625	0.440651	2490.462890625	2.110295	Sound	NPC	NPC_night.wav
n/a	n/a	2494.573185625	6.546621	Picture-Sound	prompt	(Audio_01)DidThisSentenceEndCorrectly.wav
n/a	n/a	2496.03515625	n/a	Response	right	n/a
2499.4546965	0.500537	2498.0390625	1.955283	Sound	NPC	NPC_snake.wav
n/a	n/a	2501.9943455	6.546621	Picture-Sound	prompt	(Audio_01)DidThisSentenceEndCorrectly.wav
n/a	n/a	2503.33203125	n/a	Response	right	n/a
2507.837477375	0.392066	2505.349609375	2.934989	Sound	NPI	NPI_fight(mouse).wav
n/a	n/a	2510.284598375	6.546621	Picture-Sound	prompt	(Audio_01)DidThisSentenceEndCorrectly.wav
n/a	n/a	2511.65234375	n/a	Response	left	n/a
2516.24810825	0.484523	2513.66015625	3.092132	Sound	NPC	NPC_foot.wav
n/a	n/a	2518.75228825	6.546621	Picture-Sound	prompt	(Audio_01)DidThisSentenceEndCorrectly.wav
n/a	n/a	2519.619140625	n/a	Response	right	n/a
2523.174255875	0.447105	2521.638671875	2.003968	Sound	NPC	NPC_fall.wav
n/a	n/a	2525.642639875	6.546621	Picture-Sound	prompt	(Audio_01)DidThisSentenceEndCorrectly.wav
n/a	n/a	2526.5	n/a	Response	right	n/a
2530.317960375	0.351965	2528.521484375	2.219433	Sound	NPI	NPI_green(lock).wav
n/a	n/a	2532.740917375	6.546621	Picture-Sound	prompt	(Audio_01)DidThisSentenceEndCorrectly.wav
n/a	n/a	2533.443359375	n/a	Response	left	n/a
2538.43140225	0.627387	2535.45703125	3.642766	Sound	NPC	NPC_outside.wav
n/a	n/a	2541.09979725	6.546621	Picture-Sound	prompt	(Audio_01)DidThisSentenceEndCorrectly.wav
n/a	n/a	2542.53125	n/a	Response	right	n/a
n/a	n/a	2543.53125	5.308549	Picture-Sound	break	(Audio_02)DoYouWantToTakeABreak.wav
2547.7447085	0.437328	2545.3828125	2.839093	Sound	NPI	NPI_camping(bacon).wav
n/a	n/a	2550.2219055	6.546621	Picture-Sound	prompt	(Audio_01)DidThisSentenceEndCorrectly.wav
n/a	n/a	2551.138671875	n/a	Response	left	n/a
2555.326994125	0.43164	2553.142578125	2.66483	Sound	NPI	NPI_plank(shark).wav
n/a	n/a	2557.807408125	6.546621	Picture-Sound	prompt	(Audio_01)DidThisSentenceEndCorrectly.wav
n/a	n/a	2558.37109375	n/a	Response	left	n/a
2562.17296575	0.501224	2560.38671875	2.320023	Sound	NPI	NPI_bulb(farm).wav
n/a	n/a	2564.70674175	6.546621	Picture-Sound	prompt	(Audio_01)DidThisSentenceEndCorrectly.wav
n/a	n/a	2565.234375	n/a	Response	left	n/a
2570.45713775	0.383856	2567.24609375	3.655578	Sound	NPC	NPC_bag.wav
n/a	n/a	2572.90167175	6.546621	Picture-Sound	prompt	(Audio_01)DidThisSentenceEndCorrectly.wav
n/a	n/a	2574.43359375	n/a	Response	right	n/a
2579.63463125	0.492565	2576.44140625	3.716803	Sound	NPI	NPI_bat(gel).wav
n/a	n/a	2582.15820925	6.546621	Picture-Sound	prompt	(Audio_01)DidThisSentenceEndCorrectly.wav
n/a	n/a	2583.80859375	n/a	Response	left	n/a
2587.2134545	0.527558	2585.8203125	1.943741	Sound	NPC	NPC_fly.wav
n/a	n/a	2589.7640535	6.546621	Picture-Sound	prompt	(Audio_01)DidThisSentenceEndCorrectly.wav
n/a	n/a	2590.896484375	n/a	Response	right	n/a
2595.4835085	0.451495	2592.9140625	3.052971	Sound	NPC	NPC_dust.wav
n/a	n/a	2597.9670335	6.546621	Picture-Sound	prompt	(Audio_01)DidThisSentenceEndCorrectly.wav
n/a	n/a	2598.65625	n/a	Response	right	n/a
2602.778206125	0.474813	2600.673828125	2.610204	Sound	NPI	NPI_phone(snake).wav
n/a	n/a	2605.284032125	6.546621	Picture-Sound	prompt	(Audio_01)DidThisSentenceEndCorrectly.wav
n/a	n/a	2606.09765625	n/a	Response	left	n/a
2610.7612835	0.378642	2608.1171875	3.03898	Sound	NPC	NPC_grade.wav
n/a	n/a	2613.1561675	6.546621	Picture-Sound	prompt	(Audio_01)DidThisSentenceEndCorrectly.wav
n/a	n/a	2614.193359375	n/a	Response	right	n/a
2618.2246625	0.466523	2616.2109375	2.494807	Sound	NPC	NPC_fruit.wav
n/a	n/a	2620.7057445	6.546621	Picture-Sound	prompt	(Audio_01)DidThisSentenceEndCorrectly.wav
n/a	n/a	2621.568359375	n/a	Response	right	n/a
2626.369542625	0.579514	2623.587890625	3.390998	Sound	NPC	NPC_fridge.wav
n/a	n/a	2628.978888625	6.546621	Picture-Sound	prompt	(Audio_01)DidThisSentenceEndCorrectly.wav
n/a	n/a	2629.6171875	n/a	Response	right	n/a
2633.739534375	0.414106	2631.630859375	2.555306	Sound	NPI	NPI_cap(chore).wav
n/a	n/a	2636.186165375	6.546621	Picture-Sound	prompt	(Audio_01)DidThisSentenceEndCorrectly.wav
n/a	n/a	2637.537109375	n/a	Response	left	n/a
2641.80063175	0.390111	2639.54296875	2.704538	Sound	NPC	NPC_bottle.wav
n/a	n/a	2644.24750675	6.546621	Picture-Sound	prompt	(Audio_01)DidThisSentenceEndCorrectly.wav
n/a	n/a	2644.84765625	n/a	Response	right	n/a
2648.8022905	0.496488	2646.8515625	2.484626	Sound	NPI	NPI_friend(pound).wav
n/a	n/a	2651.3361885	6.546621	Picture-Sound	prompt	(Audio_01)DidThisSentenceEndCorrectly.wav
n/a	n/a	2652.111328125	n/a	Response	left	n/a
2656.62187525	0.396546	2654.12890625	2.92941	Sound	NPI	NPI_chalk(fat).wav
n/a	n/a	2659.05831625	6.546621	Picture-Sound	prompt	(Audio_01)DidThisSentenceEndCorrectly.wav
n/a	n/a	2660.064453125	n/a	Response	left	n/a
2664.608145625	0.459689	2662.072265625	3.02585	Sound	NPI	NPI_arm(stack).wav
n/a	n/a	2667.098115625	6.546621	Picture-Sound	prompt	(Audio_01)DidThisSentenceEndCorrectly.wav
n/a	n/a	2668.17578125	n/a	Response	left	n/a
2672.47928975	0.422512	2670.18359375	2.741565	Sound	NPI	NPI_out(ant).wav
n/a	n/a	2674.92515875	6.546621	Picture-Sound	prompt	(Audio_01)DidThisSentenceEndCorrectly.wav
n/a	n/a	2676.080078125	n/a	Response	left	n/a
2679.673248	0.381822	2678.09375	1.990703	Sound	NPI	NPI_nests(drill).wav
n/a	n/a	2682.084453	6.546621	Picture-Sound	prompt	(Audio_01)DidThisSentenceEndCorrectly.wav
n/a	n/a	2686.287109375	n/a	Response	left	n/a
2690.302518625	0.39795	2688.291015625	2.432993	Sound	NPI	NPI_fruit(tent).wav
n/a	n/a	2692.724008625	6.546621	Picture-Sound	prompt	(Audio_01)DidThisSentenceEndCorrectly.wav
n/a	n/a	2693.326171875	n/a	Response	left	n/a
2697.279262375	0.404155	2695.333984375	2.400113	Sound	NPI	NPI_cages(woman).wav
n/a	n/a	2699.734097375	6.546621	Picture-Sound	prompt	(Audio_01)DidThisSentenceEndCorrectly.wav
n/a	n/a	2700.798828125	n/a	Response	left	n/a
n/a	n/a	2701.798828125	5.308549	Picture-Sound	break	(Audio_02)DoYouWantToTakeABreak.wav
2705.99092975	0.460472	2703.38671875	3.104512	Sound	NPI	NPI_foot(shout).wav
n/a	n/a	2708.49123075	6.546621	Picture-Sound	prompt	(Audio_01)DidThisSentenceEndCorrectly.wav
n/a	n/a	2709.189453125	n/a	Response	left	n/a
2714.110865625	0.474653	2711.197265625	3.461814	Sound	NPI	NPI_flop(toy).wav
n/a	n/a	2716.659079625	6.546621	Picture-Sound	prompt	(Audio_01)DidThisSentenceEndCorrectly.wav
n/a	n/a	2717.205078125	n/a	Response	left	n/a
2720.882296375	0.39057	2719.224609375	2.086259	Sound	NPI	NPI_farm(bird).wav
n/a	n/a	2723.310868375	6.546621	Picture-Sound	prompt	(Audio_01)DidThisSentenceEndCorrectly.wav
n/a	n/a	2724.23046875	n/a	Response	left	n/a
2728.145361	0.403633	2726.234375	2.383855	Sound	NPC	NPC_clues.wav
n/a	n/a	2730.61823	6.546621	Picture-Sound	prompt	(Audio_01)DidThisSentenceEndCorrectly.wav
n/a	n/a	2731.25390625	n/a	Response	right	n/a
2736.434795625	0.392981	2733.259765625	3.599637	Sound	NPC	NPC_bat.wav
n/a	n/a	2738.859402625	6.546621	Picture-Sound	prompt	(Audio_01)DidThisSentenceEndCorrectly.wav
n/a	n/a	2739.380859375	n/a	Response	right	n/a
2743.43154475	0.402042	2741.38671875	2.476508	Sound	NPI	NPI_cob(lie).wav
n/a	n/a	2745.86322675	6.546621	Picture-Sound	prompt	(Audio_01)DidThisSentenceEndCorrectly.wav
n/a	n/a	2746.693359375	n/a	Response	left	n/a
2750.429450625	0.428123	2748.697265625	2.201338	Sound	NPI	NPI_gum(coat).wav
n/a	n/a	2752.898603625	6.546621	Picture-Sound	prompt	(Audio_01)DidThisSentenceEndCorrectly.wav
n/a	n/a	2753.828125	n/a	Response	left	n/a
2757.92984775	0.483602	2755.83984375	2.598458	Sound	NPI	NPI_ghosts(strike).wav
n/a	n/a	2760.43830175	6.546621	Picture-Sound	prompt	(Audio_01)DidThisSentenceEndCorrectly.wav
n/a	n/a	2762.1640625	n/a	Response	left	n/a
2766.313935875	0.457033	2764.185546875	2.613764	Sound	NPC	NPC_brown.wav
n/a	n/a	2768.799310875	6.546621	Picture-Sound	prompt	(Audio_01)DidThisSentenceEndCorrectly.wav
n/a	n/a	2769.685546875	n/a	Response	right	n/a
2773.9600065	0.417096	2771.6953125	2.708118	Sound	NPI	NPI_clown(dice).wav
n/a	n/a	2776.4034305	6.546621	Picture-Sound	prompt	(Audio_01)DidThisSentenceEndCorrectly.wav
n/a	n/a	2777.31640625	n/a	Response	left	n/a
2781.774507625	0.529681	2779.322265625	3.023061	Sound	NPC	NPC_blue.wav
n/a	n/a	2784.345326625	6.546621	Picture-Sound	prompt	(Audio_01)DidThisSentenceEndCorrectly.wav
n/a	n/a	2785.30078125	n/a	Response	right	n/a
2789.91360025	0.526685	2787.31640625	3.172177	Sound	NPC	NPC_chores.wav
n/a	n/a	2792.48858325	6.546621	Picture-Sound	prompt	(Audio_01)DidThisSentenceEndCorrectly.wav
n/a	n/a	2794.724609375	n/a	Response	right	n/a
2798.756134625	0.46517	2796.728515625	2.521837	Sound	NPI	NPI_blocks(night).wav
n/a	n/a	2801.250352625	6.546621	Picture-Sound	prompt	(Audio_01)DidThisSentenceEndCorrectly.wav
n/a	n/a	2802.755859375	n/a	Response	left	n/a
2806.602781375	0.421289	2804.771484375	2.28644	Sound	NPI	NPI_books(tear).wav
n/a	n/a	2809.057924375	6.546621	Picture-Sound	prompt	(Audio_01)DidThisSentenceEndCorrectly.wav
n/a	n/a	2810.37109375	n/a	Response	left	n/a
2815.4781175	0.514314	2812.3828125	3.645805	Sound	NPC	NPC_eats.wav
n/a	n/a	2818.0286175	6.546621	Picture-Sound	prompt	(Audio_01)DidThisSentenceEndCorrectly.wav
n/a	n/a	2818.32421875	n/a	Response	right	n/a
2823.059194	0.401586	2820.34375	3.136576	Sound	NPI	NPI_skunk(broom).wav
n/a	n/a	2825.480326	6.546621	Picture-Sound	prompt	(Audio_01)DidThisSentenceEndCorrectly.wav
n/a	n/a	2826.099609375	n/a	Response	left	n/a
2830.693799625	0.42141	2828.103515625	3.062245	Sound	NPC	NPC_shot.wav
n/a	n/a	2833.165760625	6.546621	Picture-Sound	prompt	(Audio_01)DidThisSentenceEndCorrectly.wav
n/a	n/a	2834.755859375	n/a	Response	right	n/a
2839.892066	0.450333	2836.765625	3.610567	Sound	NPC	NPC_popped.wav
n/a	n/a	2842.376192	6.546621	Picture-Sound	prompt	(Audio_01)DidThisSentenceEndCorrectly.wav
n/a	n/a	2843.283203125	n/a	Response	right	n/a
2847.34412375	0.3935	2845.29296875	2.482812	Sound	NPI	NPI_coat(loaf).wav
n/a	n/a	2849.77578075	6.546621	Picture-Sound	prompt	(Audio_01)DidThisSentenceEndCorrectly.wav
n/a	n/a	2850.2578125	n/a	Response	left	n/a
2854.87322525	0.490413	2852.26953125	3.193719	Sound	NPC	NPC_coach.wav
n/a	n/a	2857.46325025	6.546621	Picture-Sound	prompt	(Audio_01)DidThisSentenceEndCorrectly.wav
n/a	n/a	2858.43359375	n/a	Response	right	n/a
n/a	n/a	2859.43359375	5.308549	Picture-Sound	break	(Audio_02)DoYouWantToTakeABreak.wav
2864.42175975	0.41379	2861.30859375	3.559002	Sound	NPI	NPI_bake(milk).wav
n/a	n/a	2866.86759575	6.546621	Picture-Sound	prompt	(Audio_01)DidThisSentenceEndCorrectly.wav
n/a	n/a	2867.537109375	n/a	Response	left	n/a
2871.294832375	0.485307	2869.552734375	2.256757	Sound	NPI	NPI_thorns(house).wav
n/a	n/a	2873.809491375	6.546621	Picture-Sound	prompt	(Audio_01)DidThisSentenceEndCorrectly.wav
n/a	n/a	2874.544921875	n/a	Response	left	n/a
2878.245245	0.319592	2876.5625	2.045601	Sound	NPC	NPC_cup.wav
n/a	n/a	2880.608101	6.546621	Picture-Sound	prompt	(Audio_01)DidThisSentenceEndCorrectly.wav
n/a	n/a	2881.025390625	n/a	Response	right	n/a
2885.410556375	0.462863	2883.037109375	2.88941	Sound	NPC	NPC_camping.wav
n/a	n/a	2887.926519375	6.546621	Picture-Sound	prompt	(Audio_01)DidThisSentenceEndCorrectly.wav
n/a	n/a	2889.041015625	n/a	Response	right	n/a
2893.260500125	0.450247	2891.048828125	2.701746	Sound	NPC	NPC_solve.wav
n/a	n/a	2895.750574125	6.546621	Picture-Sound	prompt	(Audio_01)DidThisSentenceEndCorrectly.wav
n/a	n/a	2896.689453125	n/a	Response	right	n/a
2900.188039375	0.479067	2898.708984375	1.989456	Sound	NPC	NPC_fur.wav
n/a	n/a	2902.698440375	6.546621	Picture-Sound	prompt	(Audio_01)DidThisSentenceEndCorrectly.wav
n/a	n/a	2902.9921875	n/a	Response	right	n/a
2906.298591	0.310384	2905	1.657007	Sound	NPI	NPI_duck(bank).wav
n/a	n/a	2908.657007	6.546621	Picture-Sound	prompt	(Audio_01)DidThisSentenceEndCorrectly.wav
n/a	n/a	2909.13671875	n/a	Response	left	n/a
2913.140327125	0.447207	2911.142578125	2.491882	Sound	NPC	NPC_bloom.wav
n/a	n/a	2915.634460125	6.546621	Picture-Sound	prompt	(Audio_01)DidThisSentenceEndCorrectly.wav
n/a	n/a	2916.416015625	n/a	Response	right	n/a
2921.703097875	0.448658	2918.435546875	3.748526	Sound	NPI	NPI_cone(hug).wav
n/a	n/a	2924.184072875	6.546621	Picture-Sound	prompt	(Audio_01)DidThisSentenceEndCorrectly.wav
n/a	n/a	2925.041015625	n/a	Response	left	n/a
2929.704789	0.440442	2927.046875	3.138798	Sound	NPC	NPC_cough.wav
n/a	n/a	2932.185673	6.546621	Picture-Sound	prompt	(Audio_01)DidThisSentenceEndCorrectly.wav
n/a	n/a	2936.208984375	n/a	Response	left	n/a
2940.480004625	0.497904	2938.228515625	2.806372	Sound	NPI	NPI_candles(planet).wav
n/a	n/a	2943.034887625	6.546621	Picture-Sound	prompt	(Audio_01)DidThisSentenceEndCorrectly.wav
n/a	n/a	2949.47265625	n/a	Response	left	n/a
2953.086862625	0.437475	2951.478515625	2.084989	Sound	NPI	NPI_cake(clue).wav
n/a	n/a	2955.563504625	6.546621	Picture-Sound	prompt	(Audio_01)DidThisSentenceEndCorrectly.wav
n/a	n/a	2956.3515625	n/a	Response	left	n/a
2960.13165375	0.34916	2958.37109375	2.15381	Sound	NPI	NPI_ears(bee).wav
n/a	n/a	2962.52490375	6.546621	Picture-Sound	prompt	(Audio_01)DidThisSentenceEndCorrectly.wav
n/a	n/a	2963.263671875	n/a	Response	left	n/a
2967.018823	0.338641	2965.28125	2.12034	Sound	NPC	NPC_beat.wav
n/a	n/a	2969.40159	6.546621	Picture-Sound	prompt	(Audio_01)DidThisSentenceEndCorrectly.wav
n/a	n/a	2970.015625	n/a	Response	right	n/a
2974.5502035	0.43902	2972.0234375	3.008685	Sound	NPC	NPC_cane.wav
n/a	n/a	2977.0321225	6.546621	Picture-Sound	prompt	(Audio_01)DidThisSentenceEndCorrectly.wav
n/a	n/a	2978.71875	n/a	Response	right	n/a
2983.957409	0.410844	2980.734375	3.657755	Sound	NPC	NPC_couch.wav
n/a	n/a	2986.39213	6.546621	Picture-Sound	prompt	(Audio_01)DidThisSentenceEndCorrectly.wav
n/a	n/a	2987.470703125	n/a	Response	right	n/a
2991.69695575	0.492342	2989.48046875	2.752857	Sound	NPI	NPI_solve(cloud).wav
n/a	n/a	2994.23332575	6.546621	Picture-Sound	prompt	(Audio_01)DidThisSentenceEndCorrectly.wav
n/a	n/a	2994.92578125	n/a	Response	left	n/a
2998.879525125	0.43686	2996.939453125	2.415034	Sound	NPC	NPC_friend.wav
n/a	n/a	3001.354487125	6.546621	Picture-Sound	prompt	(Audio_01)DidThisSentenceEndCorrectly.wav
n/a	n/a	3003.677734375	n/a	Response	right	n/a
3008.211846875	0.435178	3005.685546875	3.007166	Sound	NPC	NPC_dream.wav
n/a	n/a	3010.692712875	6.546621	Picture-Sound	prompt	(Audio_01)DidThisSentenceEndCorrectly.wav
n/a	n/a	3011.56640625	n/a	Response	left	n/a
3016.523314	0.448038	3013.578125	3.428186	Sound	NPI	NPI_fork(cleats).wav
n/a	n/a	3019.006311	6.546621	Picture-Sound	prompt	(Audio_01)DidThisSentenceEndCorrectly.wav
n/a	n/a	3021.005925	n/a	Response	left	n/a
n/a	n/a	3022.005925	5.308549	Picture-Sound	break	(Audio_02)DoYouWantToTakeABreak.wav
3026.2242865	0.310566	3023.5078125	3.086893	Sound	NPI	NPI_belt(bed).wav
n/a	n/a	3028.5947055	6.546621	Picture-Sound	prompt	(Audio_01)DidThisSentenceEndCorrectly.wav
n/a	n/a	3029.357421875	n/a	Response	left	n/a
3033.391135625	0.440391	3031.369140625	2.500907	Sound	NPC	NPC_cape.wav
n/a	n/a	3035.870047625	6.546621	Picture-Sound	prompt	(Audio_01)DidThisSentenceEndCorrectly.wav
n/a	n/a	3036.509765625	n/a	Response	right	n/a
3041.68598375	0.424375	3038.52734375	3.666304	Sound	NPC	NPC_gone.wav
n/a	n/a	3044.19364775	6.546621	Picture-Sound	prompt	(Audio_01)DidThisSentenceEndCorrectly.wav
n/a	n/a	3044.765625	n/a	Response	right	n/a
3049.422484375	0.42673	3046.771484375	3.113855	Sound	NPI	NPI_barn(claw).wav
n/a	n/a	3051.885339375	6.546621	Picture-Sound	prompt	(Audio_01)DidThisSentenceEndCorrectly.wav
n/a	n/a	3052.412109375	n/a	Response	left	n/a
3056.688578625	0.395222	3054.431640625	2.689274	Sound	NPI	NPI_bottle(money).wav
n/a	n/a	3059.120914625	6.546621	Picture-Sound	prompt	(Audio_01)DidThisSentenceEndCorrectly.wav
n/a	n/a	3060.09375	n/a	Response	left	n/a
3064.376989	0.486034	3062.109375	2.811066	Sound	NPC	NPC_bushes.wav
n/a	n/a	3066.920441	6.546621	Picture-Sound	prompt	(Audio_01)DidThisSentenceEndCorrectly.wav
n/a	n/a	3067.66015625	n/a	Response	right	n/a
3072.278974875	0.422246	3069.669921875	3.051814	Sound	NPI	NPI_stove(kid).wav
n/a	n/a	3074.721735875	6.546621	Picture-Sound	prompt	(Audio_01)DidThisSentenceEndCorrectly.wav
n/a	n/a	3075.533203125	n/a	Response	left	n/a
3079.128767	0.459237	3077.546875	2.070317	Sound	NPC	NPC_grapes.wav
n/a	n/a	3081.617192	6.546621	Picture-Sound	prompt	(Audio_01)DidThisSentenceEndCorrectly.wav
n/a	n/a	3082.31640625	n/a	Response	right	n/a
3086.437223625	0.405647	3084.322265625	2.550726	Sound	NPC	NPC_glue.wav
n/a	n/a	3088.872991625	6.546621	Picture-Sound	prompt	(Audio_01)DidThisSentenceEndCorrectly.wav
n/a	n/a	3089.69140625	n/a	Response	left	n/a
3093.26133175	0.4962	3091.69921875	2.085918	Sound	NPI	NPI_bridge(steak).wav
n/a	n/a	3095.78513675	6.546621	Picture-Sound	prompt	(Audio_01)DidThisSentenceEndCorrectly.wav
n/a	n/a	3099.03515625	n/a	Response	left	n/a
3103.018004875	0.319158	3101.044921875	2.330771	Sound	NPC	NPC_walk.wav
n/a	n/a	3105.375692875	6.546621	Picture-Sound	prompt	(Audio_01)DidThisSentenceEndCorrectly.wav
n/a	n/a	3107.38671875	n/a	Response	right	n/a
3111.864195	0.435422	3109.40625	2.942789	Sound	NPC	NPC_truck.wav
n/a	n/a	3114.349039	6.546621	Picture-Sound	prompt	(Audio_01)DidThisSentenceEndCorrectly.wav
n/a	n/a	3116.091796875	n/a	Response	right	n/a
3119.8698785	0.597382	3118.1015625	2.399365	Sound	NPC	NPC_pictures.wav
n/a	n/a	3122.5009275	6.546621	Picture-Sound	prompt	(Audio_01)DidThisSentenceEndCorrectly.wav
n/a	n/a	3124.39453125	n/a	Response	right	n/a
3127.842751375	0.507147	3126.412109375	1.971247	Sound	NPI	NPI_toilet(window).wav
n/a	n/a	3130.383356375	6.546621	Picture-Sound	prompt	(Audio_01)DidThisSentenceEndCorrectly.wav
n/a	n/a	3131.05078125	n/a	Response	left	n/a
3135.0730465	0.451121	3133.0703125	2.493152	Sound	NPI	NPI_flag(touch).wav
n/a	n/a	3137.5634645	6.546621	Picture-Sound	prompt	(Audio_01)DidThisSentenceEndCorrectly.wav
n/a	n/a	3140.505859375	n/a	Response	left	n/a
3144.670213125	0.355738	3142.517578125	2.548435	Sound	NPI	NPI_boat(cop).wav
n/a	n/a	3147.066013125	6.546621	Picture-Sound	prompt	(Audio_01)DidThisSentenceEndCorrectly.wav
n/a	n/a	3148.859375	n/a	Response	left	n/a
3152.33453825	0.450979	3150.87890625	1.925283	Sound	NPI	NPI_hands(king).wav
n/a	n/a	3154.80418925	6.546621	Picture-Sound	prompt	(Audio_01)DidThisSentenceEndCorrectly.wav
n/a	n/a	3156.6015625	n/a	Response	left	n/a
3159.84275975	0.551908	3158.62109375	1.799796	Sound	NPC	NPC_caves.wav
n/a	n/a	3162.42088975	6.546621	Picture-Sound	prompt	(Audio_01)DidThisSentenceEndCorrectly.wav
n/a	n/a	3163.546875	n/a	Response	right	n/a
3168.269493125	0.34928	3165.564453125	3.086485	Sound	NPI	NPI_drill(bowl).wav
n/a	n/a	3170.650938125	6.546621	Picture-Sound	prompt	(Audio_01)DidThisSentenceEndCorrectly.wav
n/a	n/a	3172.025390625	n/a	Response	left	n/a
3175.63808075	0.403828	3174.04296875	2.031882	Sound	NPI	NPI_clean(cheek).wav
n/a	n/a	3178.07485075	6.546621	Picture-Sound	prompt	(Audio_01)DidThisSentenceEndCorrectly.wav
n/a	n/a	3180.05859375	n/a	Response	left	n/a
3184.6555235	0.421112	3182.0703125	3.03873	Sound	NPI	NPI_chores(cave).wav
n/a	n/a	3187.1090425	6.546621	Picture-Sound	prompt	(Audio_01)DidThisSentenceEndCorrectly.wav
n/a	n/a	3189.224609375	n/a	Response	left	n/a
3192.574149875	0.525087	3191.232421875	1.914875	Sound	NPC	NPC_bird.wav
n/a	n/a	3195.147296875	6.546621	Picture-Sound	prompt	(Audio_01)DidThisSentenceEndCorrectly.wav
n/a	n/a	3196.728515625	n/a	Response	right	n/a
n/a	n/a	3198.228515625	3.000907	Picture-Sound	congrats	(Audio_03)Congratulations.wav
