onset	duration	trial_type	response_time	raw_time	reward_prob	category_ground	reward_ground	stimulus_entropy	exemplar_numb	category_response	correct	reward	boundary_distance	prototype_distance
0.0	0.0	999.0	0.0	22732.229650321282	0.0	0.0	0.0	0.0	0.0	0.0	0.0	0.0	0.0	0.0
0.0	1.5042786538797372	999.0	0.0	22733.73392897516	0.0	0.0	0.0	0.0	0.0	0.0	0.0	0.0	0.0	0.0
0.0	3.0082569613186934	999.0	0.0	22735.2379072826	0.0	0.0	0.0	0.0	0.0	0.0	0.0	0.0	0.0	0.0
0.0	4.495981545747782	999.0	0.0	22736.72563186703	0.0	0.0	0.0	0.0	0.0	0.0	0.0	0.0	0.0	0.0
4.541061543550313	0.0	3.0	0.0	22736.770711864832	0.0	1.0	0.0	11.0	12.0	0.0	0.0	0.0	0.0	0.0
4.55771764023666	4.5	2.0	0.0	22736.78736796152	0.0	1.0	0.0	11.0	12.0	0.0	0.0	0.0	0.0	0.0
9.005813096671773	2.0	1.0	0.9139530496649968	22741.235463417954	0.0	1.0	0.0	11.0	12.0	1.0	1.0	0.0	0.0	0.6
11.004925640860165	2.5	2.0	0.0	22743.234575962142	0.0	1.0	0.0	11.0	12.0	0.0	0.0	0.0	0.0	0.0
13.50381496274349	0.75	5.0	0.0	22745.733465284025	0.0	1.0	0.0	11.0	12.0	1.0	1.0	0.0	0.0	0.6
14.245981545747782	8.25	0.0	0.0	22746.499742023538	0.0	1.0	0.0	11.0	12.0	0.0	0.0	0.0	0.0	0.0
22.499812355919858	0.0	3.0	0.0	22754.7294626772	0.5	2.0	1.0	0.0	19.0	0.0	0.0	0.0	1.65	0.0
22.516410194450145	3.0	2.0	0.0	22754.746060515732	0.5	2.0	1.0	0.0	19.0	0.0	0.0	0.0	1.65	0.0
25.4984826814798	2.0	1.0	0.5647165484224388	22757.72813300276	0.5	2.0	1.0	0.0	19.0	2.0	1.0	0.0	1.65	1.0
27.497588282985816	1.0	2.0	0.0	22759.727238604268	0.5	2.0	1.0	0.0	19.0	0.0	0.0	0.0	1.65	0.0
28.497142140233336	0.75	5.0	0.0	22760.726792461515	0.5	2.0	1.0	0.0	19.0	2.0	1.0	1.0	1.65	1.0
29.24598154574778	8.25	0.0	0.0	22761.493077049276	0.5	2.0	1.0	0.0	19.0	0.0	0.0	0.0	1.65	0.0
37.50979895050841	0.0	3.0	0.0	22769.73944927179	0.75	2.0	1.0	0.0	85.0	0.0	0.0	0.0	1.65	0.0
37.526404335432744	3.0	2.0	0.0	22769.756054656715	0.75	2.0	1.0	0.0	85.0	0.0	0.0	0.0	1.65	0.0
40.508472596480715	2.0	1.0	0.5544365500791173	22772.738122917763	0.75	2.0	1.0	0.0	85.0	2.0	1.0	0.0	1.65	1.0
42.50757487757437	2.5	2.0	0.0	22774.737225198856	0.75	2.0	1.0	0.0	85.0	0.0	0.0	0.0	1.65	0.0
45.00642586378308	0.75	5.0	0.0	22777.236076185065	0.75	2.0	1.0	0.0	85.0	2.0	1.0	1.0	1.65	1.0
45.74598154574778	3.75	0.0	0.0	22778.002397599223	0.75	2.0	1.0	0.0	85.0	0.0	0.0	0.0	1.65	0.0
49.50446395254039	0.0	3.0	0.0	22781.734114273822	1.0	1.0	1.0	5.0	72.0	0.0	0.0	0.0	0.97	0.0
49.521064205917355	3.0	2.0	0.0	22781.7507145272	1.0	1.0	1.0	5.0	72.0	0.0	0.0	0.0	0.97	0.0
52.50312884469895	2.0	1.0	0.7278599048331671	22784.73277916598	1.0	1.0	1.0	5.0	72.0	1.0	1.0	0.0	0.97	0.8
54.502241388883704	2.5	2.0	0.0	22786.731891710166	1.0	1.0	1.0	5.0	72.0	0.0	0.0	0.0	0.97	0.0
57.00115425551485	0.75	5.0	0.0	22789.230804576797	1.0	1.0	1.0	5.0	72.0	1.0	1.0	1.0	0.97	0.8
57.74598154574778	5.25	0.0	0.0	22789.997059884554	1.0	1.0	1.0	5.0	72.0	0.0	0.0	0.0	0.97	0.0
62.99845989137248	0.0	3.0	0.0	22795.228110212654	0.5	1.0	1.0	5.0	33.0	0.0	0.0	0.0	0.97	0.0
63.015072822690854	1.5	2.0	0.0	22795.244723143973	0.5	1.0	1.0	5.0	33.0	0.0	0.0	0.0	0.97	0.0
64.49779505415427	2.0	1.0	0.7243309096302255	22796.727445375436	0.5	1.0	1.0	5.0	33.0	1.0	1.0	0.0	0.97	0.8
66.4969027686493	4.0	2.0	0.0	22798.72655308993	0.5	1.0	1.0	5.0	33.0	0.0	0.0	0.0	0.97	0.0
70.51178485927812	0.75	5.0	0.0	22802.74143518056	0.5	1.0	1.0	5.0	33.0	1.0	1.0	1.0	0.97	0.8
71.24598154574778	3.75	0.0	0.0	22803.507712523784	0.5	1.0	1.0	5.0	33.0	0.0	0.0	0.0	0.97	0.0
75.0097824993718	0.0	3.0	0.0	22807.239432820654	0.25	2.0	0.0	0.0	28.0	0.0	0.0	0.0	1.65	0.0
75.02639392140918	3.0	2.0	0.0	22807.25604424269	0.25	2.0	0.0	0.0	28.0	0.0	0.0	0.0	1.65	0.0
78.00845191936241	2.0	1.0	0.5738588525673549	22810.238102240644	0.25	2.0	0.0	0.0	28.0	2.0	1.0	0.0	1.65	1.0
80.00755752086843	1.0	2.0	0.0	22812.23720784215	0.25	2.0	0.0	0.0	28.0	0.0	0.0	0.0	1.65	0.0
81.00712405605736	0.75	5.0	0.0	22813.23677437734	0.25	2.0	0.0	0.0	28.0	2.0	1.0	0.0	1.65	1.0
81.74598154574778	5.25	0.0	0.0	22814.003046589016	0.25	2.0	0.0	0.0	28.0	0.0	0.0	0.0	1.65	0.0
87.00444569026877	0.0	3.0	0.0	22819.23409601155	1.0	1.0	1.0	5.0	50.0	0.0	0.0	0.0	0.97	0.0
87.02105077333908	3.0	2.0	0.0	22819.25070109462	1.0	1.0	1.0	5.0	50.0	0.0	0.0	0.0	0.97	0.0
90.00311480840537	2.0	1.0	0.8022045534344215	22822.232765129687	1.0	1.0	1.0	5.0	50.0	1.0	1.0	0.0	0.97	0.8
92.00222101362306	1.0	2.0	0.0	22824.231871334905	1.0	1.0	1.0	5.0	50.0	0.0	0.0	0.0	0.97	0.0
93.00177668200558	0.75	5.0	0.0	22825.231427003288	1.0	1.0	1.0	5.0	50.0	1.0	1.0	1.0	0.97	0.8
93.74598154574778	8.25	0.0	0.0	22825.997709176205	1.0	1.0	1.0	5.0	50.0	0.0	0.0	0.0	0.97	0.0
101.99777467889362	0.0	3.0	0.0	22834.227425000176	0.0	1.0	0.0	0.0	96.0	0.0	0.0	0.0	1.65	0.0
102.01436255618682	3.0	2.0	0.0	22834.24401287747	0.0	1.0	0.0	0.0	96.0	0.0	0.0	0.0	1.65	0.0
104.9964809252815	2.0	1.0	0.5126714910256851	22837.226131246563	0.0	1.0	0.0	0.0	96.0	1.0	1.0	0.0	1.65	1.0
107.0122085137773	1.0	2.0	0.0	22839.24185883506	0.0	1.0	0.0	0.0	96.0	0.0	0.0	0.0	1.65	0.0
108.01176357844815	0.75	5.0	0.0	22840.24141389973	0.0	1.0	0.0	0.0	96.0	1.0	1.0	0.0	1.65	1.0
108.74598154574778	5.25	0.0	0.0	22841.007700600483	0.0	1.0	0.0	0.0	96.0	0.0	0.0	0.0	1.65	0.0
114.00909577761195	0.0	3.0	0.0	22846.238746098894	1.0	1.0	1.0	11.0	27.0	0.0	0.0	0.0	0.0	0.0
114.0256969365546	3.0	2.0	0.0	22846.255347257837	1.0	1.0	1.0	11.0	27.0	0.0	0.0	0.0	0.0	0.0
117.00776549946022	2.0	1.0	0.6769326191606524	22849.237415820742	1.0	1.0	1.0	11.0	27.0	1.0	1.0	0.0	0.0	0.6
119.00687321395526	1.0	2.0	0.0	22851.236523535237	1.0	1.0	1.0	11.0	27.0	0.0	0.0	0.0	0.0	0.0
120.00642827862612	0.75	5.0	0.0	22852.236078599908	1.0	1.0	1.0	11.0	27.0	1.0	1.0	1.0	0.0	0.6
120.74598154574778	6.75	0.0	0.0	22853.00236590437	1.0	1.0	1.0	11.0	27.0	0.0	0.0	0.0	0.0	0.0
127.50309292386737	0.0	3.0	0.0	22859.73274324515	0.0	1.0	0.0	5.0	68.0	0.0	0.0	0.0	0.97	0.0
127.51969347909835	4.5	2.0	0.0	22859.74934380038	0.0	1.0	0.0	5.0	68.0	0.0	0.0	0.0	0.97	0.0
132.00108392313268	2.0	1.0	0.699260584795411	22864.230734244415	0.0	1.0	0.0	5.0	68.0	1.0	1.0	0.0	0.97	0.8
134.0002000895911	4.0	2.0	0.0	22866.229850410873	0.0	1.0	0.0	5.0	68.0	0.0	0.0	0.0	0.97	0.0
137.9984257816759	0.75	5.0	0.0	22870.228076102958	0.0	1.0	0.0	5.0	68.0	1.0	1.0	0.0	0.97	0.8
138.74598154574778	3.75	0.0	0.0	22870.994354049893	0.0	1.0	0.0	5.0	68.0	0.0	0.0	0.0	0.97	0.0
142.4964228180579	0.0	3.0	0.0	22874.72607313934	0.5	2.0	1.0	5.0	73.0	0.0	0.0	0.0	0.97	0.0
142.51302276958086	4.5	2.0	0.0	22874.742673090863	0.5	2.0	1.0	5.0	73.0	0.0	0.0	0.0	0.97	0.0
147.01108349751667	2.0	1.0	0.8410838718191371	22879.2407338188	0.5	2.0	1.0	5.0	73.0	2.0	1.0	0.0	0.97	0.8
149.0101909101577	2.5	2.0	0.0	22881.23984123144	0.5	2.0	1.0	5.0	73.0	0.0	0.0	0.0	0.97	0.0
151.50907932647533	0.75	5.0	0.0	22883.738729647757	0.5	2.0	1.0	5.0	73.0	2.0	1.0	1.0	0.97	0.8
152.24598154574778	2.25	0.0	0.0	22884.505009405824	0.5	2.0	1.0	5.0	73.0	0.0	0.0	0.0	0.97	0.0
154.50774663347693	0.0	3.0	0.0	22886.73739695476	0.25	1.0	0.0	0.0	35.0	0.0	0.0	0.0	1.65	0.0
154.52434477386487	1.5	2.0	0.0	22886.753995095147	0.25	1.0	0.0	0.0	35.0	0.0	0.0	0.0	1.65	0.0
156.00707394801066	2.0	1.0	0.6048244195808365	22888.236724269293	0.25	1.0	0.0	0.0	35.0	1.0	1.0	0.0	1.65	1.0
158.00617713467	2.5	2.0	0.0	22890.235827455952	0.25	1.0	0.0	0.0	35.0	0.0	0.0	0.0	1.65	0.0
160.50507732335973	0.75	5.0	0.0	22892.73472764464	0.25	1.0	0.0	0.0	35.0	1.0	1.0	0.0	1.65	1.0
161.24598154574778	2.25	0.0	0.0	22893.501008610132	0.25	1.0	0.0	0.0	35.0	0.0	0.0	0.0	1.65	0.0
163.50374312108397	0.0	3.0	0.0	22895.733393442366	0.75	2.0	1.0	11.0	80.0	0.0	0.0	0.0	0.0	0.0
163.5203439781726	1.5	2.0	0.0	22895.749994299455	0.75	2.0	1.0	11.0	80.0	0.0	0.0	0.0	0.0	0.0
165.00307888757743	2.0	1.0	0.7043592297341092	22897.23272920886	0.75	2.0	1.0	11.0	80.0	2.0	1.0	0.0	0.0	0.6
167.00218509279512	1.0	2.0	0.0	22899.231835414077	0.75	2.0	1.0	11.0	80.0	0.0	0.0	0.0	0.0	0.0
168.0017413648893	0.75	5.0	0.0	22900.23139168617	0.75	2.0	1.0	11.0	80.0	2.0	1.0	1.0	0.0	0.6
168.74598154574778	3.75	0.0	0.0	22900.997671142384	0.75	2.0	1.0	11.0	80.0	0.0	0.0	0.0	0.0	0.0
172.4997347790013	0.0	3.0	0.0	22904.729385100283	0.25	2.0	0.0	0.0	57.0	0.0	0.0	0.0	1.65	0.0
172.516343484338	1.5	2.0	0.0	22904.74599380562	0.25	2.0	0.0	0.0	57.0	0.0	0.0	0.0	1.65	0.0
173.99907839373918	2.0	1.0	0.5490013360140438	22906.22872871502	0.25	2.0	0.0	0.0	57.0	2.0	1.0	0.0	1.65	1.0
175.9981839952452	4.0	2.0	0.0	22908.227834316527	0.25	2.0	0.0	0.0	57.0	0.0	0.0	0.0	1.65	0.0
179.9964066687753	0.75	5.0	0.0	22912.226056990057	0.25	2.0	0.0	0.0	57.0	2.0	1.0	0.0	1.65	1.0
180.74598154574778	6.75	0.0	0.0	22912.992335238847	0.25	2.0	0.0	0.0	57.0	0.0	0.0	0.0	1.65	0.0
187.509692395437	0.0	3.0	0.0	22919.73934271672	0.0	2.0	0.0	11.0	16.0	0.0	0.0	0.0	0.0	0.0
187.52630683603638	1.5	2.0	0.0	22919.75595715732	0.0	2.0	0.0	11.0	16.0	0.0	0.0	0.0	0.0	0.0
189.00906529018175	2.0	1.0	1.07371894244352	22921.238715611464	0.0	2.0	0.0	11.0	16.0	1.0	2.0	0.0	0.0	0.4
191.00817240096876	2.5	2.0	0.0	22923.23782272225	0.0	2.0	0.0	11.0	16.0	0.0	0.0	0.0	0.0	0.0
193.50706293027542	0.75	5.0	0.0	22925.736713251557	0.0	2.0	0.0	11.0	16.0	1.0	2.0	0.0	0.0	0.4
194.24598154574778	8.25	0.0	0.0	22926.502991198493	0.0	2.0	0.0	11.0	16.0	0.0	0.0	0.0	0.0	0.0
202.5030633420065	0.0	3.0	0.0	22934.73271366329	0.75	2.0	1.0	0.0	69.0	0.0	0.0	0.0	1.65	0.0
202.51965816198208	3.0	2.0	0.0	22934.749308483264	0.75	2.0	1.0	0.0	69.0	0.0	0.0	0.0	1.65	0.0
205.5017279323074	2.0	1.0	0.6049146744444442	22937.73137825359	0.75	2.0	1.0	0.0	69.0	2.0	1.0	0.0	1.65	1.0
207.50083685422578	2.5	2.0	0.0	22939.730487175508	0.75	2.0	1.0	0.0	69.0	0.0	0.0	0.0	1.65	0.0
209.99972617611274	0.75	5.0	0.0	22942.229376497395	0.75	2.0	1.0	0.0	69.0	2.0	1.0	1.0	1.65	1.0
210.74598154574778	2.25	0.0	0.0	22942.995639653396	0.75	2.0	1.0	0.0	69.0	0.0	0.0	0.0	1.65	0.0
212.99837808847224	0.0	3.0	0.0	22945.228028409754	0.25	1.0	0.0	11.0	91.0	0.0	0.0	0.0	0.0	0.0
213.01499192535994	1.5	2.0	0.0	22945.244642246642	0.25	1.0	0.0	11.0	91.0	0.0	0.0	0.0	0.0	0.0
214.49773860713321	2.0	1.0	0.9926302333842614	22946.727388928415	0.25	1.0	0.0	11.0	91.0	2.0	2.0	0.0	0.0	0.4
216.49683485111382	2.5	2.0	0.0	22948.726485172396	0.25	1.0	0.0	11.0	91.0	0.0	0.0	0.0	0.0	0.0
219.01238117524917	0.75	5.0	0.0	22951.24203149653	0.25	1.0	0.0	11.0	91.0	2.0	2.0	0.0	0.0	0.4
219.74598154574778	2.25	0.0	0.0	22952.008297671095	0.25	1.0	0.0	11.0	91.0	0.0	0.0	0.0	0.0	0.0
222.0110475766851	0.0	3.0	0.0	22954.240697897967	0.25	1.0	1.0	0.0	13.0	0.0	0.0	0.0	1.65	0.0
222.02765115047805	4.5	2.0	0.0	22954.25730147176	0.25	1.0	1.0	0.0	13.0	0.0	0.0	0.0	1.65	0.0
226.50906393183323	2.0	1.0	0.5888465926982462	22958.738714253115	0.25	1.0	1.0	0.0	13.0	1.0	1.0	0.0	1.65	1.0
228.5081755704523	2.5	2.0	0.0	22960.737825891734	0.25	1.0	1.0	0.0	13.0	0.0	0.0	0.0	1.65	0.0
231.00704617728115	0.75	5.0	0.0	22963.236696498563	0.25	1.0	1.0	0.0	13.0	1.0	1.0	1.0	1.65	1.0
231.74598154574778	6.75	0.0	0.0	22964.00297293622	0.25	1.0	1.0	0.0	13.0	0.0	0.0	0.0	1.65	0.0
238.5037105206684	0.0	3.0	0.0	22970.73336084195	0.0	2.0	0.0	5.0	97.0	0.0	0.0	0.0	0.97	0.0
238.52030926476436	1.5	2.0	0.0	22970.749959586046	0.0	2.0	0.0	5.0	97.0	0.0	0.0	0.0	0.97	0.0
240.00304538159253	2.0	1.0	1.015097958214028	22972.232695702874	0.0	2.0	0.0	5.0	97.0	1.0	2.0	0.0	0.97	0.2
242.00215188866423	4.0	2.0	0.0	22974.231802209946	0.0	2.0	0.0	5.0	97.0	0.0	0.0	0.0	0.97	0.0
246.00037426034032	0.75	5.0	0.0	22978.230024581622	0.0	2.0	0.0	5.0	97.0	1.0	2.0	0.0	0.97	0.2
246.74598154574778	3.75	0.0	0.0	22978.996303735978	0.0	2.0	0.0	5.0	97.0	0.0	0.0	0.0	0.97	0.0
250.49837522084272	0.0	3.0	0.0	22982.728025542125	0.0	1.0	0.0	0.0	90.0	0.0	0.0	0.0	1.65	0.0
250.51497336123066	1.5	2.0	0.0	22982.744623682513	0.0	1.0	0.0	0.0	90.0	0.0	0.0	0.0	1.65	0.0
251.99770706321215	2.0	1.0	0.6843298953972408	22984.227357384494	0.0	1.0	0.0	0.0	90.0	1.0	1.0	0.0	1.65	1.0
253.99681870183122	1.0	2.0	0.0	22986.226469023113	0.0	1.0	0.0	0.0	90.0	0.0	0.0	0.0	1.65	0.0
254.99637255907874	0.75	5.0	0.0	22987.22602288036	0.0	1.0	0.0	0.0	90.0	1.0	1.0	0.0	1.65	1.0
255.74598154574778	6.75	0.0	0.0	22987.992302940285	0.0	1.0	0.0	0.0	90.0	0.0	0.0	0.0	1.65	0.0
262.50969631956104	0.0	3.0	0.0	22994.739346640843	1.0	2.0	1.0	0.0	83.0	0.0	0.0	0.0	1.65	0.0
262.5263234380982	1.5	2.0	0.0	22994.75597375938	1.0	2.0	1.0	0.0	83.0	0.0	0.0	0.0	1.65	0.0
264.0090320860545	2.0	1.0	0.5842143148438481	22996.238682407336	1.0	2.0	1.0	0.0	83.0	2.0	1.0	0.0	1.65	1.0
266.0081401024072	4.0	2.0	0.0	22998.23779042369	1.0	2.0	1.0	0.0	83.0	0.0	0.0	0.0	1.65	0.0
270.0063630777913	0.75	5.0	0.0	23002.236013399073	1.0	2.0	1.0	0.0	83.0	2.0	1.0	1.0	1.65	1.0
270.7459815457478	8.25	0.0	0.0	23003.00227715879	1.0	2.0	1.0	0.0	83.0	0.0	0.0	0.0	1.65	0.0
279.0023607728217	0.0	3.0	0.0	23011.232011094104	0.5	1.0	1.0	0.0	57.0	0.0	0.0	0.0	1.65	0.0
279.01894985753825	3.0	2.0	0.0	23011.24860017882	0.5	1.0	1.0	0.0	57.0	0.0	0.0	0.0	1.65	0.0
282.00103049467	2.0	1.0	0.6077089528298529	23014.230680815952	0.5	1.0	1.0	0.0	57.0	1.0	1.0	0.0	1.65	1.0
284.00013730359933	2.5	2.0	0.0	23016.22978762488	0.5	1.0	1.0	0.0	57.0	0.0	0.0	0.0	1.65	0.0
286.499025719917	0.75	5.0	0.0	23018.7286760412	0.5	1.0	1.0	0.0	57.0	1.0	1.0	1.0	1.65	1.0
287.2459815457478	8.25	0.0	0.0	23019.494960025248	0.5	1.0	1.0	0.0	57.0	0.0	0.0	0.0	1.65	0.0
295.5116825301884	0.0	3.0	0.0	23027.74133285147	0.5	1.0	0.0	5.0	21.0	0.0	0.0	0.0	0.97	0.0
295.52828882068206	4.5	2.0	0.0	23027.757939141964	0.5	1.0	0.0	5.0	21.0	0.0	0.0	0.0	0.97	0.0
300.0096843962601	2.0	1.0	0.6155092064509518	23032.239334717542	0.5	1.0	0.0	5.0	21.0	1.0	1.0	0.0	0.97	0.8
302.0087924126128	4.0	2.0	0.0	23034.238442733895	0.5	1.0	0.0	5.0	21.0	0.0	0.0	0.0	0.97	0.0
306.0070132750079	0.75	5.0	0.0	23038.23666359629	0.5	1.0	0.0	5.0	21.0	1.0	1.0	0.0	0.97	0.8
306.7459815457478	6.75	0.0	0.0	23039.002954221167	0.5	1.0	0.0	5.0	21.0	0.0	0.0	0.0	0.97	0.0
313.5036809388075	0.0	3.0	0.0	23045.73333126009	0.25	1.0	1.0	11.0	1.0	0.0	0.0	0.0	0.0	0.0
313.5202851163085	4.5	2.0	0.0	23045.74993543759	0.25	1.0	1.0	11.0	1.0	0.0	0.0	0.0	0.0	0.0
318.0016671083795	2.0	1.0	0.8309822702030942	23050.23131742966	0.25	1.0	1.0	11.0	1.0	1.0	1.0	0.0	0.0	0.6
320.00077844514453	1.0	2.0	0.0	23052.230428766426	0.25	1.0	1.0	11.0	1.0	0.0	0.0	0.0	0.0	0.0
321.0003434710561	0.75	5.0	0.0	23053.229993792338	0.25	1.0	1.0	11.0	1.0	1.0	1.0	1.0	0.0	0.6
321.7459815457478	8.25	0.0	0.0	23053.996273852263	0.25	1.0	1.0	11.0	1.0	0.0	0.0	0.0	0.0	0.0
329.9963016229849	0.0	3.0	0.0	23062.225951944267	0.75	1.0	1.0	11.0	31.0	0.0	0.0	0.0	0.0	0.0
330.0129673790543	4.5	2.0	0.0	23062.242617700336	0.75	1.0	1.0	11.0	31.0	0.0	0.0	0.0	0.0	0.0
334.5110039585343	2.0	1.0	0.7293214902238105	23066.740654279816	0.75	1.0	1.0	11.0	31.0	1.0	1.0	0.0	0.0	0.6
336.5101116730293	2.5	2.0	0.0	23068.73976199431	0.75	1.0	1.0	11.0	31.0	0.0	0.0	0.0	0.0	0.0
339.00900280604765	0.75	5.0	0.0	23071.23865312733	0.75	1.0	1.0	11.0	31.0	1.0	1.0	1.0	0.0	0.6
339.7459815457478	3.75	0.0	0.0	23072.004930470554	0.75	1.0	1.0	11.0	31.0	0.0	0.0	0.0	0.0	0.0
343.50700165356466	0.0	3.0	0.0	23075.736651974847	1.0	1.0	1.0	11.0	30.0	0.0	0.0	0.0	0.0	0.0
343.5236079440547	4.5	2.0	0.0	23075.753258265337	1.0	1.0	1.0	11.0	30.0	0.0	0.0	0.0	0.0	0.0
348.00500412334804	2.0	1.0	0.6340917463276128	23080.23465444463	1.0	1.0	1.0	11.0	30.0	1.0	1.0	0.0	0.0	0.6
350.00411485640143	1.0	2.0	0.0	23082.233765177683	1.0	1.0	1.0	11.0	30.0	0.0	0.0	0.0	0.0	0.0
351.0036635821016	0.75	5.0	0.0	23083.233313903384	1.0	1.0	1.0	11.0	30.0	1.0	1.0	1.0	0.0	0.6
351.7459815457478	2.25	0.0	0.0	23083.999593963308	1.0	1.0	1.0	11.0	30.0	0.0	0.0	0.0	0.0	0.0
354.0023308891068	0.0	3.0	0.0	23086.23198121039	0.25	1.0	1.0	5.0	47.0	0.0	0.0	0.0	0.97	0.0
354.0189311424838	4.5	2.0	0.0	23086.248581463766	0.25	1.0	1.0	5.0	47.0	0.0	0.0	0.0	0.97	0.0
358.50029683434695	2.0	1.0	0.7313230954932806	23090.72994715563	0.25	1.0	1.0	5.0	47.0	1.0	1.0	0.0	0.97	0.8
360.49942567874314	2.5	2.0	0.0	23092.729076000025	0.25	1.0	1.0	5.0	47.0	0.0	0.0	0.0	0.97	0.0
362.9983288859912	0.75	5.0	0.0	23095.227979207273	0.25	1.0	1.0	5.0	47.0	1.0	1.0	1.0	0.97	0.8
363.7459815457478	6.75	0.0	0.0	23095.994246589256	0.25	1.0	1.0	5.0	47.0	0.0	0.0	0.0	0.97	0.0
370.5116553631742	0.0	3.0	0.0	23102.741305684456	0.75	2.0	1.0	5.0	52.0	0.0	0.0	0.0	0.97	0.0
370.5282429386134	3.0	2.0	0.0	23102.757893259895	0.75	2.0	1.0	5.0	52.0	0.0	0.0	0.0	0.97	0.0
373.5103214627561	2.0	1.0	0.8329138449444144	23105.739971784038	0.75	2.0	1.0	5.0	52.0	1.0	2.0	0.0	0.97	0.2
375.5094306865285	4.0	2.0	0.0	23107.73908100781	0.75	2.0	1.0	5.0	52.0	0.0	0.0	0.0	0.97	0.0
379.5076539637703	0.75	5.0	0.0	23111.737304285052	0.75	2.0	1.0	5.0	52.0	1.0	2.0	0.0	0.97	0.2
380.2459815457478	5.25	0.0	0.0	23112.503571063327	0.75	2.0	1.0	5.0	52.0	0.0	0.0	0.0	0.97	0.0
385.50498495551074	0.0	3.0	0.0	23117.734635276793	0.0	2.0	0.0	5.0	71.0	0.0	0.0	0.0	0.97	0.0
385.5215984905408	3.0	2.0	0.0	23117.751248811823	0.0	2.0	0.0	5.0	71.0	0.0	0.0	0.0	0.97	0.0
388.5036552810707	2.0	1.0	0.8865285520769248	23120.733305602353	0.0	2.0	0.0	5.0	71.0	2.0	1.0	0.0	0.97	0.8
390.50276148628836	2.5	2.0	0.0	23122.73241180757	0.0	2.0	0.0	5.0	71.0	0.0	0.0	0.0	0.97	0.0
393.00165231744904	0.75	5.0	0.0	23125.23130263873	0.0	2.0	0.0	5.0	71.0	2.0	1.0	0.0	0.97	0.8
393.7459815457478	5.25	0.0	0.0	23125.997565794736	0.0	2.0	0.0	5.0	71.0	0.0	0.0	0.0	0.97	0.0
398.9989814980545	0.0	3.0	0.0	23131.228631819336	0.75	2.0	1.0	11.0	62.0	0.0	0.0	0.0	0.0	0.0
399.0155820532891	4.5	2.0	0.0	23131.24523237457	0.75	2.0	1.0	11.0	62.0	0.0	0.0	0.0	0.0	0.0
403.4969869863962	2.0	1.0	1.5892719074035995	23135.726637307678	0.75	2.0	1.0	11.0	62.0	2.0	1.0	0.0	0.0	0.6
405.4961312254345	1.0	2.0	0.0	23137.725781546716	0.75	2.0	1.0	11.0	62.0	0.0	0.0	0.0	0.0	0.0
406.51229288245304	0.75	5.0	0.0	23138.741943203735	0.75	2.0	1.0	11.0	62.0	2.0	1.0	1.0	0.0	0.6
407.2459815457478	3.75	0.0	0.0	23139.50823714902	0.75	2.0	1.0	11.0	62.0	0.0	0.0	0.0	0.0	0.0
411.01030561533116	0.0	3.0	0.0	23143.239955936613	1.0	2.0	1.0	0.0	1.0	0.0	0.0	0.0	1.65	0.0
411.0269113021095	1.5	2.0	0.0	23143.25656162339	1.0	2.0	1.0	0.0	1.0	0.0	0.0	0.0	1.65	0.0
412.50964440037933	2.0	1.0	0.6244960548974632	23144.73929472166	1.0	2.0	1.0	0.0	1.0	2.0	1.0	0.0	1.65	1.0
414.50875362415536	4.0	2.0	0.0	23146.738403945437	1.0	2.0	1.0	0.0	1.0	0.0	0.0	0.0	1.65	0.0
418.5069829385102	0.75	5.0	0.0	23150.736633259792	1.0	2.0	1.0	0.0	1.0	2.0	1.0	1.0	1.65	1.0
419.2459815457478	6.75	0.0	0.0	23151.502889171257	1.0	2.0	1.0	0.0	1.0	0.0	0.0	0.0	1.65	0.0
426.00363973549975	0.0	3.0	0.0	23158.23329005678	0.75	2.0	1.0	5.0	42.0	0.0	0.0	0.0	0.97	0.0
426.0202414981577	3.0	2.0	0.0	23158.24989181944	0.75	2.0	1.0	5.0	42.0	0.0	0.0	0.0	0.97	0.0
429.002307042505	2.0	1.0	0.5723296514952381	23161.231957363787	0.75	2.0	1.0	5.0	42.0	2.0	1.0	0.0	0.97	0.8
431.00141596442336	2.5	2.0	0.0	23163.231066285705	0.75	2.0	1.0	5.0	42.0	0.0	0.0	0.0	0.97	0.0
433.5003034751717	0.75	5.0	0.0	23165.729953796454	0.75	2.0	1.0	5.0	42.0	2.0	1.0	1.0	0.97	0.8
434.2459815457478	8.25	0.0	0.0	23166.496221782152	0.75	2.0	1.0	5.0	42.0	0.0	0.0	0.0	0.97	0.0
442.4962987553554	0.0	3.0	0.0	23174.725949076637	0.0	2.0	0.0	0.0	9.0	0.0	0.0	0.0	1.65	0.0
442.51290263100236	3.0	2.0	0.0	23174.742552952284	0.0	2.0	0.0	0.0	9.0	0.0	0.0	0.0	1.65	0.0
445.5116297054374	2.0	1.0	0.5412581331256661	23177.74128002672	0.0	2.0	0.0	0.0	9.0	2.0	1.0	0.0	1.65	1.0
447.51073741993605	1.0	2.0	0.0	23179.740387741218	0.0	2.0	0.0	0.0	9.0	0.0	0.0	0.0	1.65	0.0
448.51029459759593	0.75	5.0	0.0	23180.739944918878	0.0	2.0	0.0	0.0	9.0	2.0	1.0	0.0	1.65	1.0
449.2459815457478	8.25	0.0	0.0	23181.50622709179	0.0	2.0	0.0	0.0	9.0	0.0	0.0	0.0	1.65	0.0
457.50629380190367	0.0	3.0	0.0	23189.735944123186	1.0	1.0	1.0	0.0	61.0	0.0	0.0	0.0	1.65	0.0
457.52289586641564	4.5	2.0	0.0	23189.752546187698	1.0	1.0	1.0	0.0	61.0	0.0	0.0	0.0	1.65	0.0
462.0042968753987	2.0	1.0	0.6325589229927573	23194.23394719668	1.0	1.0	1.0	0.0	61.0	1.0	1.0	0.0	1.65	1.0
464.0034009676274	4.0	2.0	0.0	23196.23305128891	1.0	1.0	1.0	0.0	61.0	0.0	0.0	0.0	1.65	0.0
468.00162605600417	0.75	5.0	0.0	23200.231276377286	1.0	1.0	1.0	0.0	61.0	1.0	1.0	1.0	1.65	1.0
468.7459815457478	2.25	0.0	0.0	23200.99754436298	1.0	1.0	1.0	0.0	61.0	0.0	0.0	0.0	1.65	0.0
471.0002891370277	0.0	3.0	0.0	23203.22993945831	0.75	1.0	1.0	5.0	76.0	0.0	0.0	0.0	0.97	0.0
471.0168896922587	3.0	2.0	0.0	23203.24654001354	0.75	1.0	1.0	5.0	76.0	0.0	0.0	0.0	0.97	0.0
473.99896036815335	2.0	1.0	1.0936106305744033	23206.228610689435	0.75	1.0	1.0	5.0	76.0	1.0	1.0	0.0	0.97	0.8
475.99806596965936	4.0	2.0	0.0	23208.22771629094	0.75	1.0	1.0	5.0	76.0	0.0	0.0	0.0	0.97	0.0
479.9962853227771	0.75	5.0	0.0	23212.22593564406	0.75	1.0	1.0	5.0	76.0	1.0	1.0	1.0	0.97	0.8
480.7459815457478	6.75	0.0	0.0	23212.99220634646	0.75	1.0	1.0	5.0	76.0	0.0	0.0	0.0	0.97	0.0
487.5096072721244	0.0	3.0	0.0	23219.739257593406	0.0	2.0	0.0	0.0	57.0	0.0	0.0	0.0	1.65	0.0
487.52621416632974	1.5	2.0	0.0	23219.75586448761	0.0	2.0	0.0	0.0	57.0	0.0	0.0	0.0	1.65	0.0
489.0089493775886	2.0	1.0	0.5952661582596193	23221.23859969887	0.0	2.0	0.0	0.0	57.0	2.0	1.0	0.0	1.65	1.0
491.008058601361	4.0	2.0	0.0	23223.237708922643	0.0	2.0	0.0	0.0	57.0	0.0	0.0	0.0	1.65	0.0
495.0062797656137	0.75	5.0	0.0	23227.235930086896	0.0	2.0	0.0	0.0	57.0	2.0	1.0	0.0	1.65	1.0
495.7459815457478	2.25	0.0	0.0	23228.00219807259	0.0	2.0	0.0	0.0	57.0	0.0	0.0	0.0	1.65	0.0
498.0049458651956	0.0	3.0	0.0	23230.234596186478	0.5	1.0	0.0	11.0	41.0	0.0	0.0	0.0	0.0	0.0
498.0215506464083	3.0	2.0	0.0	23230.25120096769	0.5	1.0	0.0	11.0	41.0	0.0	0.0	0.0	0.0	0.0
501.003586005183	2.0	1.0	0.6563128550369584	23233.233236326465	0.5	1.0	0.0	11.0	41.0	1.0	1.0	0.0	0.0	0.6
503.00272088669226	2.5	2.0	0.0	23235.232371207974	0.5	1.0	0.0	11.0	41.0	0.0	0.0	0.0	0.0	0.0
505.5016129252799	0.75	5.0	0.0	23237.731263246562	0.5	1.0	0.0	11.0	41.0	1.0	1.0	0.0	0.0	0.6
506.2459815457478	3.75	0.0	0.0	23238.49752670442	0.5	1.0	0.0	11.0	41.0	0.0	0.0	0.0	0.0	0.0
509.99961147093927	0.0	3.0	0.0	23242.22926179222	0.25	2.0	0.0	11.0	82.0	0.0	0.0	0.0	0.0	0.0
510.0162105168929	4.5	2.0	0.0	23242.245860838175	0.25	2.0	0.0	11.0	82.0	0.0	0.0	0.0	0.0	0.0
514.4976148462883	2.0	1.0	0.817812607063388	23246.72726516757	0.25	2.0	0.0	11.0	82.0	2.0	1.0	0.0	0.0	0.6
516.4967198440827	4.0	2.0	0.0	23248.726370165365	0.25	2.0	0.0	11.0	82.0	0.0	0.0	0.0	0.0	0.0
520.5116007272882	0.75	5.0	0.0	23252.74125104857	0.25	2.0	0.0	11.0	82.0	2.0	1.0	0.0	0.0	0.6
521.2459815457478	2.25	0.0	0.0	23253.507521147258	0.25	2.0	0.0	11.0	82.0	0.0	0.0	0.0	0.0	0.0
523.5102801085231	0.0	3.0	0.0	23255.739930429805	0.25	2.0	0.0	11.0	21.0	0.0	0.0	0.0	0.0	0.0
523.5268851915898	1.5	2.0	0.0	23255.75653551287	0.25	2.0	0.0	11.0	21.0	0.0	0.0	0.0	0.0	0.0
525.0096013859402	2.0	1.0	1.058074364267668	23257.239251707222	0.25	2.0	0.0	11.0	21.0	2.0	1.0	0.0	0.0	0.6
527.0087103078586	4.0	2.0	0.0	23259.23836062914	0.25	2.0	0.0	11.0	21.0	0.0	0.0	0.0	0.0	0.0
531.006934490666	0.75	5.0	0.0	23263.236584811948	0.25	2.0	0.0	11.0	21.0	2.0	1.0	0.0	0.0	0.6
531.7459815457478	8.25	0.0	0.0	23264.002862457026	0.25	2.0	0.0	11.0	21.0	0.0	0.0	0.0	0.0	0.0
540.0029342986854	0.0	3.0	0.0	23272.232584619967	0.5	2.0	0.0	0.0	27.0	0.0	0.0	0.0	1.65	0.0
540.0195414947448	4.5	2.0	0.0	23272.249191816027	0.5	2.0	0.0	0.0	27.0	0.0	0.0	0.0	1.65	0.0
544.5009343536258	2.0	1.0	0.5097495276677364	23276.730584674908	0.5	2.0	0.0	0.0	27.0	2.0	1.0	0.0	1.65	1.0
546.5000324087378	4.0	2.0	0.0	23278.72968273002	0.5	2.0	0.0	0.0	27.0	0.0	0.0	0.0	1.65	0.0
550.4982653453626	0.75	5.0	0.0	23282.727915666645	0.5	2.0	0.0	0.0	27.0	2.0	1.0	0.0	1.65	1.0
551.2459815457478	5.25	0.0	0.0	23283.49419361358	0.5	2.0	0.0	0.0	27.0	0.0	0.0	0.0	1.65	0.0
556.5122569616215	0.0	3.0	0.0	23288.741907282903	0.25	1.0	0.0	5.0	77.0	0.0	0.0	0.0	0.97	0.0
556.5288418203563	4.5	2.0	0.0	23288.75849214164	0.25	1.0	0.0	5.0	77.0	0.0	0.0	0.0	0.97	0.0
561.0102576202698	2.0	1.0	0.5523555567560834	23293.23990794155	0.25	1.0	0.0	5.0	77.0	1.0	1.0	0.0	0.97	0.8
563.0093614106445	1.0	2.0	0.0	23295.239011731926	0.25	1.0	0.0	5.0	77.0	0.0	0.0	0.0	0.97	0.0
564.0089400200595	0.75	5.0	0.0	23296.23859034134	0.25	1.0	0.0	5.0	77.0	1.0	1.0	0.0	0.97	0.8
564.7459815457478	5.25	0.0	0.0	23297.004841724975	0.25	1.0	0.0	5.0	77.0	0.0	0.0	0.0	0.97	0.0
570.0062544097345	0.0	3.0	0.0	23302.235904731016	0.5	1.0	1.0	11.0	99.0	0.0	0.0	0.0	0.0	0.0
570.0228724726003	1.5	2.0	0.0	23302.252522793882	0.5	1.0	1.0	11.0	99.0	0.0	0.0	0.0	0.0	0.0
571.5055910817937	2.0	1.0	1.0010930603057204	23303.735241403076	0.5	1.0	1.0	11.0	99.0	1.0	1.0	0.0	0.0	0.6
573.5046840053583	1.0	2.0	0.0	23305.73433432664	0.5	1.0	1.0	11.0	99.0	0.0	0.0	0.0	0.0	0.0
574.5042538609596	0.75	5.0	0.0	23306.73390418224	0.5	1.0	1.0	11.0	99.0	1.0	1.0	1.0	0.0	0.6
575.2459815457478	2.25	0.0	0.0	23307.500184242166	0.5	1.0	1.0	11.0	99.0	0.0	0.0	0.0	0.0	0.0
577.5029190549722	0.0	3.0	0.0	23309.732569376254	0.0	2.0	0.0	11.0	62.0	0.0	0.0	0.0	0.0	0.0
577.5195368159839	1.5	2.0	0.0	23309.749187137266	0.0	2.0	0.0	11.0	62.0	0.0	0.0	0.0	0.0	0.0
579.0022454639366	2.0	1.0	0.6555358784207783	23311.23189578522	0.0	2.0	0.0	11.0	62.0	2.0	1.0	0.0	0.0	0.6
581.00136344153	4.0	2.0	0.0	23313.231013762812	0.0	2.0	0.0	11.0	62.0	0.0	0.0	0.0	0.0	0.0
584.9995855113484	0.75	5.0	0.0	23317.22923583263	0.0	2.0	0.0	11.0	62.0	2.0	1.0	0.0	0.0	0.6
585.7459815457478	6.75	0.0	0.0	23317.995505327603	0.0	2.0	0.0	11.0	62.0	0.0	0.0	0.0	0.0	0.0
592.4962377805023	0.0	3.0	0.0	23324.725888101784	0.0	1.0	0.0	11.0	22.0	0.0	0.0	0.0	0.0	0.0
592.5128645971818	3.0	2.0	0.0	23324.742514918464	0.0	1.0	0.0	11.0	22.0	0.0	0.0	0.0	0.0	0.0
595.511581106668	2.0	1.0	0.8817867006000597	23327.74123142795	0.0	1.0	0.0	11.0	22.0	1.0	1.0	0.0	0.0	0.6
597.510688519309	4.0	2.0	0.0	23329.74033884059	0.0	1.0	0.0	11.0	22.0	0.0	0.0	0.0	0.0	0.0
601.5089090798501	0.75	5.0	0.0	23333.738559401132	0.0	1.0	0.0	11.0	22.0	1.0	1.0	0.0	0.0	0.6
602.2459815457478	5.25	0.0	0.0	23334.504831009093	0.0	1.0	0.0	11.0	22.0	0.0	0.0	0.0	0.0	0.0
607.5062415808643	0.0	3.0	0.0	23339.735891902146	0.0	1.0	0.0	5.0	13.0	0.0	0.0	0.0	0.97	0.0
607.5228466639346	4.5	2.0	0.0	23339.752496985217	0.0	1.0	0.0	5.0	13.0	0.0	0.0	0.0	0.97	0.0
612.0042416358046	2.0	1.0	0.5976912670994352	23344.233891957087	0.0	1.0	0.0	5.0	13.0	1.0	1.0	0.0	0.97	0.8
614.003350859577	1.0	2.0	0.0	23346.23300118086	0.0	1.0	0.0	5.0	13.0	0.0	0.0	0.0	0.97	0.0
615.0028709089856	0.75	5.0	0.0	23347.232521230268	0.0	1.0	0.0	5.0	13.0	1.0	1.0	0.0	0.97	0.8
615.7459815457478	8.25	0.0	0.0	23347.998825438648	0.0	1.0	0.0	5.0	13.0	0.0	0.0	0.0	0.97	0.0
623.9989045248476	0.0	3.0	0.0	23356.22855484613	0.5	1.0	0.0	0.0	76.0	0.0	0.0	0.0	1.65	0.0
624.0155050800786	4.5	2.0	0.0	23356.24515540136	0.5	1.0	0.0	0.0	76.0	0.0	0.0	0.0	1.65	0.0
628.4969100131857	2.0	1.0	0.600418231664662	23360.726560334468	0.5	1.0	0.0	0.0	76.0	1.0	1.0	0.0	1.65	1.0
630.4961454126533	4.0	2.0	0.0	23362.725795733935	0.5	1.0	0.0	0.0	76.0	0.0	0.0	0.0	1.65	0.0
634.5108967997548	0.75	5.0	0.0	23366.740547121037	0.5	1.0	0.0	0.0	76.0	1.0	1.0	0.0	1.65	1.0
635.2459815457478	6.75	0.0	0.0	23367.506821747556	0.5	1.0	0.0	0.0	76.0	0.0	0.0	0.0	1.65	0.0
642.0076215142835	0.0	3.0	0.0	23374.237271835565	0.5	2.0	0.0	5.0	24.0	0.0	0.0	0.0	0.97	0.0
642.0241623020847	1.5	2.0	0.0	23374.253812623367	0.5	2.0	0.0	5.0	24.0	0.0	0.0	0.0	0.97	0.0
643.50690113561	2.0	1.0	0.8773385547319776	23375.736551456892	0.5	2.0	0.0	5.0	24.0	2.0	1.0	0.0	0.97	0.8
645.5059865127841	2.5	2.0	0.0	23377.735636834066	0.5	2.0	0.0	5.0	24.0	0.0	0.0	0.0	0.97	0.0
648.004894851576	0.75	5.0	0.0	23380.234545172858	0.5	2.0	0.0	5.0	24.0	2.0	1.0	0.0	0.97	0.8
648.7459815457478	3.75	0.0	0.0	23381.000811649275	0.5	2.0	0.0	5.0	24.0	0.0	0.0	0.0	0.97	0.0
652.5028967176513	0.0	3.0	0.0	23384.732547038933	0.75	1.0	0.0	5.0	19.0	0.0	0.0	0.0	0.97	0.0
652.5195048192763	3.0	2.0	0.0	23384.74915514056	0.75	1.0	0.0	5.0	19.0	0.0	0.0	0.0	0.97	0.0
655.5015637227989	2.0	1.0	1.299158074594743	23387.73121404408	0.75	1.0	0.0	5.0	19.0	2.0	2.0	0.0	0.97	0.2
657.5006723428596	1.0	2.0	0.0	23389.73032266414	0.75	1.0	0.0	5.0	19.0	0.0	0.0	0.0	0.97	0.0
658.5002274075305	0.75	5.0	0.0	23390.729877728812	0.75	1.0	0.0	5.0	19.0	2.0	2.0	0.0	0.97	0.2
659.2459815457478	3.75	0.0	0.0	23391.496155977606	0.75	1.0	0.0	5.0	19.0	0.0	0.0	0.0	0.97	0.0
662.9982268587592	0.0	3.0	0.0	23395.22787718004	1.0	2.0	1.0	11.0	38.0	0.0	0.0	0.0	0.0	0.0
663.0148304325485	1.5	2.0	0.0	23395.24448075383	1.0	2.0	1.0	11.0	38.0	0.0	0.0	0.0	0.0	0.0
664.4975638326723	2.0	1.0	0.8954963836185925	23396.727214153954	1.0	2.0	1.0	11.0	38.0	2.0	1.0	0.0	0.0	0.6
666.4966703397477	2.5	2.0	0.0	23398.72632066103	1.0	2.0	1.0	11.0	38.0	0.0	0.0	0.0	0.0	0.0
669.0122196824414	0.75	5.0	0.0	23401.241870003723	1.0	2.0	1.0	11.0	38.0	2.0	1.0	1.0	0.0	0.6
669.7459815457478	2.25	0.0	0.0	23402.008148554367	1.0	2.0	1.0	11.0	38.0	0.0	0.0	0.0	0.0	0.0
672.0108797449066	0.0	3.0	0.0	23404.24053006619	0.25	2.0	0.0	5.0	39.0	0.0	0.0	0.0	0.97	0.0
672.0274585665284	4.5	2.0	0.0	23404.25710888781	0.25	2.0	0.0	5.0	39.0	0.0	0.0	0.0	0.97	0.0
676.5088885536607	2.0	1.0	0.6590582327953598	23408.738538874943	0.25	2.0	0.0	5.0	39.0	2.0	1.0	0.0	0.97	0.8
678.5079950607324	1.0	2.0	0.0	23410.737645382014	0.25	2.0	0.0	5.0	39.0	0.0	0.0	0.0	0.97	0.0
679.5075359381844	0.75	5.0	0.0	23411.737186259466	0.25	2.0	0.0	5.0	39.0	2.0	1.0	0.0	0.97	0.8
680.2459815457478	8.25	0.0	0.0	23412.50348412888	0.25	2.0	0.0	5.0	39.0	0.0	0.0	0.0	0.97	0.0
688.5035496315686	0.0	3.0	0.0	23420.73319995285	0.75	1.0	0.0	0.0	35.0	0.0	0.0	0.0	1.65	0.0
688.5201622610293	4.5	2.0	0.0	23420.74981258231	0.75	1.0	0.0	0.0	35.0	0.0	0.0	0.0	1.65	0.0
693.0015524032096	2.0	1.0	0.5655976652633399	23425.23120272449	0.75	1.0	0.0	0.0	35.0	1.0	1.0	0.0	1.65	1.0
695.000659815847	4.0	2.0	0.0	23427.23031013713	0.75	1.0	0.0	0.0	35.0	0.0	0.0	0.0	1.65	0.0
698.9988836968005	0.75	5.0	0.0	23431.228534018082	0.75	1.0	0.0	0.0	35.0	1.0	1.0	0.0	1.65	1.0
699.7459815457478	2.25	0.0	0.0	23431.994800796358	0.75	1.0	0.0	0.0	35.0	0.0	0.0	0.0	1.65	0.0
701.9975567390647	0.0	3.0	0.0	23434.227207060347	0.5	2.0	0.0	11.0	14.0	0.0	0.0	0.0	0.0	0.0
702.01415276646	1.5	2.0	0.0	23434.243803087742	0.5	2.0	0.0	11.0	14.0	0.0	0.0	0.0	0.0	0.0
703.4968822424598	2.0	1.0	0.7271641274055582	23435.72653256374	0.5	2.0	0.0	11.0	14.0	2.0	1.0	0.0	0.0	0.6
705.5126472610646	2.5	2.0	0.0	23437.742297582347	0.5	2.0	0.0	11.0	14.0	0.0	0.0	0.0	0.0	0.0
708.0115405070756	0.75	5.0	0.0	23440.241190828358	0.5	2.0	0.0	11.0	14.0	2.0	1.0	0.0	0.0	0.6
708.7459815457478	6.75	0.0	0.0	23441.007472699413	0.5	2.0	0.0	11.0	14.0	0.0	0.0	0.0	0.0	0.0
715.5082072653022	0.0	3.0	0.0	23447.737857586584	1.0	1.0	1.0	0.0	21.0	0.0	0.0	0.0	1.65	0.0
715.5248057075478	1.5	2.0	0.0	23447.75445602883	1.0	1.0	1.0	0.0	21.0	0.0	0.0	0.0	1.65	0.0
717.0075409188066	2.0	1.0	0.5510168266446271	23449.23719124009	1.0	1.0	1.0	0.0	21.0	1.0	1.0	0.0	1.65	1.0
719.006650142579	1.0	2.0	0.0	23451.23630046386	1.0	1.0	1.0	0.0	21.0	0.0	0.0	0.0	1.65	0.0
720.0062046035382	0.75	5.0	0.0	23452.23585492482	1.0	1.0	1.0	0.0	21.0	1.0	1.0	1.0	1.65	1.0
720.7459815457478	5.25	0.0	0.0	23453.002121703095	1.0	1.0	1.0	0.0	21.0	0.0	0.0	0.0	1.65	0.0
726.0035374064137	0.0	3.0	0.0	23458.233187727696	0.5	2.0	1.0	11.0	28.0	0.0	0.0	0.0	0.0	0.0
726.0201624119582	3.0	2.0	0.0	23458.24981273324	0.5	2.0	1.0	11.0	28.0	0.0	0.0	0.0	0.0	0.0
729.0022068264043	2.0	1.0	1.0283322184805002	23461.231857147686	0.5	2.0	1.0	11.0	28.0	1.0	2.0	0.0	0.0	0.4
731.001313031622	2.5	2.0	0.0	23463.230963352904	0.5	2.0	1.0	11.0	28.0	0.0	0.0	0.0	0.0	0.0
733.500204768352	0.75	5.0	0.0	23465.729855089634	0.5	2.0	1.0	11.0	28.0	1.0	2.0	0.0	0.0	0.4
734.2459815457478	2.25	0.0	0.0	23466.496119453062	0.5	2.0	1.0	11.0	28.0	0.0	0.0	0.0	0.0	0.0
736.4988584918501	0.0	3.0	0.0	23468.728508813132	1.0	2.0	1.0	5.0	12.0	0.0	0.0	0.0	0.97	0.0
736.5154696120335	3.0	2.0	0.0	23468.745119933315	1.0	2.0	1.0	5.0	12.0	0.0	0.0	0.0	0.97	0.0
739.4975393823588	2.0	1.0	0.7808346778510895	23471.72718970364	1.0	2.0	1.0	5.0	12.0	2.0	1.0	0.0	0.97	0.8
741.4966473987115	4.0	2.0	0.0	23473.726297719993	1.0	2.0	1.0	5.0	12.0	0.0	0.0	0.0	0.97	0.0
745.5115273763513	0.75	5.0	0.0	23477.741177697633	1.0	2.0	1.0	5.0	12.0	2.0	1.0	1.0	0.97	0.8
746.2459815457478	3.75	0.0	0.0	23478.50744417405	1.0	2.0	1.0	5.0	12.0	0.0	0.0	0.0	0.97	0.0
750.009523809018	0.0	3.0	0.0	23482.2391741303	0.75	1.0	1.0	0.0	6.0	0.0	0.0	0.0	1.65	0.0
750.0261270809533	4.5	2.0	0.0	23482.255777402235	0.75	1.0	1.0	0.0	6.0	0.0	0.0	0.0	1.65	0.0
754.5075274862247	2.0	1.0	0.5701937204357819	23486.737177807507	0.75	1.0	1.0	0.0	6.0	1.0	1.0	0.0	1.65	1.0
756.5066315784534	1.0	2.0	0.0	23488.736281899735	0.75	1.0	1.0	0.0	6.0	0.0	0.0	0.0	1.65	0.0
757.5061914728176	0.75	5.0	0.0	23489.7358417941	0.75	1.0	1.0	0.0	6.0	1.0	1.0	1.0	1.65	1.0
758.2459815457478	3.75	0.0	0.0	23490.502109176083	0.75	1.0	1.0	0.0	6.0	0.0	0.0	0.0	1.65	0.0
762.0041933388893	0.0	3.0	0.0	23494.23384366017	0.75	1.0	0.0	11.0	4.0	0.0	0.0	0.0	0.0	0.0
762.0207923848429	4.5	2.0	0.0	23494.250442706125	0.75	1.0	0.0	11.0	4.0	0.0	0.0	0.0	0.0	0.0
766.5022169385702	2.0	1.0	0.624726068956079	23498.731867259852	0.75	1.0	0.0	11.0	4.0	1.0	1.0	0.0	0.0	0.6
768.5013198233755	2.5	2.0	0.0	23500.730970144657	0.75	1.0	0.0	11.0	4.0	0.0	0.0	0.0	0.0	0.0
771.0001937506204	0.75	5.0	0.0	23503.229844071902	0.75	1.0	0.0	11.0	4.0	1.0	1.0	0.0	0.0	0.6
771.7459815457478	6.75	0.0	0.0	23503.99611115203	0.75	1.0	0.0	11.0	4.0	0.0	0.0	0.0	0.0	0.0
778.4968574902923	0.0	3.0	0.0	23510.726507811574	1.0	2.0	1.0	5.0	95.0	0.0	0.0	0.0	0.97	0.0
778.5134577436693	3.0	2.0	0.0	23510.74310806495	1.0	2.0	1.0	5.0	95.0	0.0	0.0	0.0	0.97	0.0
781.512187232951	2.0	1.0	0.7968659331963863	23513.741837554233	1.0	2.0	1.0	5.0	95.0	2.0	1.0	0.0	0.97	0.8
783.511293136311	1.0	2.0	0.0	23515.740943457593	1.0	2.0	1.0	5.0	95.0	0.0	0.0	0.0	0.97	0.0
784.5108506158285	0.75	5.0	0.0	23516.74050093711	1.0	2.0	1.0	5.0	95.0	2.0	1.0	1.0	0.97	0.8
785.2459815457478	5.25	0.0	0.0	23517.506778884046	1.0	2.0	1.0	5.0	95.0	0.0	0.0	0.0	0.97	0.0
790.5081813057113	0.0	3.0	0.0	23522.737831626993	0.25	2.0	0.0	5.0	27.0	0.0	0.0	0.0	0.97	0.0
790.5247827665116	1.5	2.0	0.0	23522.754433087794	0.25	2.0	0.0	5.0	27.0	0.0	0.0	0.0	0.97	0.0
792.0075179777705	2.0	1.0	0.5580962488093064	23524.237168299052	0.25	2.0	0.0	5.0	27.0	2.0	1.0	0.0	0.97	0.8
794.0066259941232	1.0	2.0	0.0	23526.236276315405	0.25	2.0	0.0	5.0	27.0	0.0	0.0	0.0	0.97	0.0
795.006181360648	0.75	5.0	0.0	23527.23583168193	0.25	2.0	0.0	5.0	27.0	2.0	1.0	0.0	0.97	0.8
795.7459815457478	5.25	0.0	0.0	23528.00211355299	0.25	2.0	0.0	5.0	27.0	0.0	0.0	0.0	0.97	0.0
801.0035153709432	0.0	3.0	0.0	23533.233165692225	1.0	2.0	1.0	11.0	19.0	0.0	0.0	0.0	0.0	0.0
801.0201225670025	1.5	2.0	0.0	23533.249772888284	1.0	2.0	1.0	11.0	19.0	0.0	0.0	0.0	0.0	0.0
802.5028496281593	2.0	1.0	1.3422531099422486	23534.73249994944	1.0	2.0	1.0	11.0	19.0	2.0	1.0	0.0	0.0	0.6
804.501960059355	4.0	2.0	0.0	23536.731610380637	1.0	2.0	1.0	11.0	19.0	0.0	0.0	0.0	0.0	0.0
808.5001815254618	0.75	5.0	0.0	23540.729831846744	1.0	2.0	1.0	11.0	19.0	2.0	1.0	1.0	0.0	0.6
