onset	duration	trial_type	response_time	trust_value	choice	cLow	cHigh
4.031059	2.019754	choice_close_good	2.019754	10	high	0	10
10.785387	2.000000	outcome_close_good_recip	2.019754	10	high	0	10
18.437782	2.029999	choice_close_good	2.029999	20	high	0	20
25.189117	2.000000	outcome_close_good_recip	2.029999	20	high	0	20
27.999476	1.684758	choice_close_good	1.684758	20	high	0	20
33.251082	2.000000	outcome_close_good_recip	1.684758	20	high	0	20
36.064816	1.819949	choice_far_bad	1.819949	4	low	4	20
41.318172	2.000000	outcome_far_bad_defect	1.819949	4	low	4	20
45.743464	1.790898	choice_far_good	1.790898	20	high	0	20
53.995157	2.000000	outcome_far_good_recip	1.790898	20	high	0	20
58.418897	1.582959	choice_far_good	1.582959	4	low	4	10
63.670186	2.000000	outcome_far_good_recip	1.582959	4	low	4	10
72.942041	1.576373	choice_far_bad	1.576373	10	high	4	10
79.695996	2.000000	outcome_far_bad_recip	1.576373	10	high	4	10
87.349287	2.268994	choice_far_good	2.268994	20	high	4	20
92.601889	2.000000	outcome_far_good_recip	2.268994	20	high	4	20
98.643265	1.642115	choice_close_good	1.642115	16	high	10	16
103.896912	2.000000	outcome_close_good_recip	1.642115	16	high	10	16
113.167100	1.551591	choice_close_bad	1.551591	10	high	0	10
119.920253	2.000000	outcome_close_bad_defect	1.551591	10	high	0	10
124.343675	1.725003	choice_close_bad	1.725003	16	low	16	20
129.594601	2.000000	outcome_close_bad_defect	1.725003	16	low	16	20
132.407123	1.710809	choice_far_bad	1.710809	20	high	0	20
137.659954	2.000000	outcome_far_bad_recip	1.710809	20	high	0	20
146.929853	1.472136	choice_close_good	1.472136	10	high	4	10
152.181793	2.000000	outcome_close_good_defect	1.472136	10	high	4	10
154.992842	3.000000	missed_trial	3.000000	n/a	n/a	10	20
167.899758	1.269261	choice_far_good	1.269261	10	low	10	20
173.151850	2.000000	outcome_far_good_recip	1.269261	10	low	10	20
184.037640	1.131654	choice_far_good	1.131654	10	high	0	10
189.288846	2.000000	outcome_far_good_recip	1.131654	10	high	0	10
192.099068	1.670627	choice_far_good	1.670627	4	high	0	4
198.851367	2.000000	outcome_far_good_defect	1.670627	4	high	0	4
201.663288	1.155851	choice_close_good	1.155851	16	low	16	20
209.915436	2.000000	outcome_close_good_recip	1.155851	16	low	16	20
212.726954	1.393048	choice_far_bad	1.393048	20	high	0	20
217.979955	2.000000	outcome_far_bad_defect	1.393048	20	high	0	20
224.020402	1.448978	choice_close_bad	1.448978	16	high	10	16
232.273391	2.000000	outcome_close_bad_recip	1.448978	16	high	10	16
235.083741	1.319309	choice_close_good	1.319309	20	high	10	20
240.335677	2.000000	outcome_close_good_recip	1.319309	20	high	10	20
244.761093	1.725392	choice_far_good	1.725392	10	low	10	16
253.013239	2.000000	outcome_far_good_recip	1.725392	10	low	10	16
255.823963	1.345653	choice_close_good	1.345653	16	high	4	16
262.575678	2.000000	outcome_close_good_defect	1.345653	16	high	4	16
265.384606	1.584392	choice_close_good	1.584392	0	low	0	4
273.446988	1.973145	choice_close_bad	1.973145	4	low	4	10
278.699020	2.000000	outcome_close_bad_defect	1.973145	4	low	4	10
283.124981	1.329091	choice_far_bad	1.329091	10	low	10	20
289.877421	2.000000	outcome_far_bad_defect	1.329091	10	low	10	20
297.530811	1.489243	choice_far_bad	1.489243	10	high	0	10
304.283340	2.000000	outcome_far_bad_recip	1.489243	10	high	0	10
313.553784	1.183121	choice_far_good	1.183121	20	high	0	20
321.805850	2.000000	outcome_far_good_recip	1.183121	20	high	0	20
324.618601	1.334710	choice_close_bad	1.334710	16	high	0	16
331.371910	2.000000	outcome_close_bad_recip	1.334710	16	high	0	16
334.181208	1.372499	choice_close_good	1.372499	20	high	4	20
340.934096	2.000000	outcome_close_good_defect	1.372499	20	high	4	20
346.974556	1.862133	choice_far_bad	1.862133	10	low	10	16
352.227862	2.000000	outcome_far_bad_defect	1.862133	10	low	10	16
361.496345	1.674237	choice_far_bad	1.674237	0	low	0	4
374.402213	1.384667	choice_far_bad	1.384667	16	high	0	16
379.652855	2.000000	outcome_far_bad_defect	1.384667	16	high	0	16
382.465235	1.672683	choice_far_good	1.672683	16	high	0	16
387.718571	2.000000	outcome_far_good_recip	1.672683	16	high	0	16
392.142838	1.594336	choice_close_bad	1.594336	16	high	4	16
398.895225	2.000000	outcome_close_bad_recip	1.594336	16	high	4	16
403.319355	1.451712	choice_close_bad	1.451712	20	high	0	20
410.070199	2.000000	outcome_close_bad_recip	1.451712	20	high	0	20
412.883824	1.337329	choice_far_bad	1.337329	4	high	0	4
418.136111	2.000000	outcome_far_bad_recip	1.337329	4	high	0	4
422.561852	1.742650	choice_far_good	1.742650	16	high	4	16
429.314664	2.000000	outcome_far_good_defect	1.742650	16	high	4	16
432.122905	1.515064	choice_far_good	1.515064	4	high	0	4
437.374566	2.000000	outcome_far_good_defect	1.515064	4	high	0	4
441.800802	1.570547	choice_close_bad	1.570547	20	high	0	20
450.054171	2.000000	outcome_close_bad_defect	1.570547	20	high	0	20
452.862290	2.458649	choice_close_bad	2.458649	4	high	0	4
459.615013	2.000000	outcome_close_bad_recip	2.458649	4	high	0	4
462.425229	1.296472	choice_far_good	1.296472	20	high	16	20
467.677486	2.000000	outcome_far_good_defect	1.296472	20	high	16	20
470.488174	1.365854	choice_close_bad	1.365854	0	low	0	4
481.550738	1.387651	choice_close_good	1.387651	4	high	0	4
486.803070	2.000000	outcome_close_good_recip	1.387651	4	high	0	4
489.614759	1.473449	choice_far_bad	1.473449	16	high	4	16
497.868204	2.000000	outcome_far_bad_defect	1.473449	16	high	4	16
503.906013	1.564931	choice_far_bad	1.564931	16	low	16	20
512.158863	2.000000	outcome_far_bad_recip	1.564931	16	low	16	20
516.582979	1.505467	choice_close_good	1.505467	16	high	0	16
524.834702	2.000000	outcome_close_good_defect	1.505467	16	high	0	16
529.260608	1.660854	choice_close_bad	1.660854	20	high	4	20
536.013631	2.000000	outcome_close_bad_defect	1.660854	20	high	4	20
