onset	duration	 sample	trial_type	response_time	value
0	0	0	TRIGGER	0	-3
0.8666	0	1	TRIGGER	3.1416	-3
0.9671	0.9591	1	DOT_FLIP	N/A	1
1.3499	0.1501	1	KEYPRESS	0.3908	1
1.7333	0	2	TRIGGER	3.1416	-2
2.0160	1.0484	2	DOT_FLIP	N/A	0
2.3328	0.1667	2	KEYPRESS	0.3252	1
2.6161	0	3	TRIGGER	3.1416	-2
3.4827	0	4	TRIGGER	3.1416	-2
4.3661	0	5	TRIGGER	3.1416	-2
4.6160	2.6050	5	DOT_FLIP	N/A	1
4.9158	0.1503	5	KEYPRESS	0.3032	1
5.2327	0	6	TRIGGER	3.1416	-2
6.1160	0	7	TRIGGER	3.1416	-2
6.4656	1.8526	7	DOT_FLIP	N/A	0
6.7327	0.1660	7	KEYPRESS	0.2675	1
6.9821	0	8	TRIGGER	3.1416	-1
7.8655	0	9	TRIGGER	3.1416	-1
8.7322	0	10	TRIGGER	3.1416	-1
8.9822	2.5138	10	DOT_FLIP	N/A	1
9.2822	0.2001	10	KEYPRESS	0.3031	1
9.5988	0	11	TRIGGER	3.1416	-1
10.4812	0	12	TRIGGER	3.1416	-1
11.3488	0	13	TRIGGER	3.1416	-1
11.4155	2.4243	13	DOT_FLIP	N/A	0
11.7321	0.1494	13	KEYPRESS	0.3288	1
12.2316	0	14	TRIGGER	3.1416	0
13.0983	0	15	TRIGGER	3.1416	0
13.9816	0	16	TRIGGER	3.1416	0
14.3983	2.9883	16	DOT_FLIP	N/A	1
14.8482	0	17	TRIGGER	4.2075	0
14.7316	0.1500	17	KEYPRESS	0.3399	1
15.5982	1.1976	17	DOT_FLIP	N/A	0
15.7316	0	18	TRIGGER	5.3176	0
15.8983	0.1500	18	KEYPRESS	0.3090	1
16.5983	0	19	TRIGGER	0.1235	1
16.6483	1.0425	19	DOT_FLIP	N/A	1
16.9808	0.1335	19	KEYPRESS	0.3491	1
17.4810	0	20	TRIGGER	1.2328	1
17.9534	1.3003	20	DOT_FLIP	N/A	0
18.3477	0	21	TRIGGER	2.3219	1
18.2809	0.1835	21	KEYPRESS	0.3488	1
19.2138	0	22	TRIGGER	3.4103	1
19.4144	1.4752	22	DOT_FLIP	N/A	1
19.7645	0.1666	22	KEYPRESS	0.3572	1
20.0977	0	23	TRIGGER	4.5210	1
20.9644	0	24	TRIGGER	5.6101	1
21.8477	0	25	TRIGGER	0.4370	2
21.8972	2.4791	25	DOT_FLIP	N/A	0
22.3138	0.2000	25	KEYPRESS	0.4274	1
22.7138	0	26	TRIGGER	1.5253	2
23.2139	1.3119	26	DOT_FLIP	N/A	1
23.5971	0	27	TRIGGER	2.6353	2
23.6305	0.1499	27	KEYPRESS	0.4323	1
24.4638	0	28	TRIGGER	3.7244	2
24.5643	1.3562	28	DOT_FLIP	N/A	0
24.8472	0.2000	28	KEYPRESS	0.2926	1
25.3305	0	29	TRIGGER	4.8135	2
26.2138	0	30	TRIGGER	5.9235	2
26.2388	1.6593	30	DOT_FLIP	N/A	1
26.5305	0.1833	30	KEYPRESS	0.3166	1
27.0799	0	31	TRIGGER	0.7287	3
27.9633	0	32	TRIGGER	1.8388	3
28.8299	0	33	TRIGGER	2.9279	3
29.0966	2.8714	33	DOT_FLIP	N/A	0
29.3799	0.1667	33	KEYPRESS	0.2947	1
29.7133	0	34	TRIGGER	4.0379	3
30.5800	0	35	TRIGGER	5.1271	3
30.6466	1.5501	35	DOT_FLIP	N/A	1
31.0133	0.1667	35	KEYPRESS	0.3780	1
31.4632	0	36	TRIGGER	6.2369	3
32.3294	0	37	TRIGGER	1.0422	4
32.6627	2.0263	37	DOT_FLIP	N/A	0
32.9627	0.1666	37	KEYPRESS	0.3011	1
33.2127	0	38	TRIGGER	2.1523	4
34.0794	0	39	TRIGGER	3.2413	4
34.5460	1.8839	39	DOT_FLIP	N/A	1
34.9456	0	40	TRIGGER	4.3299	4
34.8293	0.1665	40	KEYPRESS	0.2839	1
35.8294	0	41	TRIGGER	5.4404	4
36.6960	0	42	TRIGGER	0.2463	5
37.5121	2.9596	42	DOT_FLIP	N/A	0
37.5788	0	43	TRIGGER	1.3556	5
37.8954	0.1833	43	KEYPRESS	0.3903	1
38.4454	0	44	TRIGGER	2.4447	5
39.3287	0	45	TRIGGER	3.5546	5
40.1954	0	46	TRIGGER	4.6438	5
40.3955	2.8857	46	DOT_FLIP	N/A	1
40.7121	0.1333	46	KEYPRESS	0.3213	1
41.0787	0	47	TRIGGER	5.7538	5
41.9121	1.5181	47	DOT_FLIP	N/A	0
41.9448	0	48	TRIGGER	0.5590	6
42.2115	0.1500	48	KEYPRESS	0.3026	1
42.8116	0	49	TRIGGER	1.6481	6
42.8781	0.9603	49	DOT_FLIP	N/A	1
43.2283	0.1666	49	KEYPRESS	0.3591	1
43.6949	0	50	TRIGGER	2.7581	6
44.5616	0	51	TRIGGER	3.8473	6
45.0282	2.1459	51	DOT_FLIP	N/A	0
45.4448	0	52	TRIGGER	4.9571	6
45.3449	0.1999	52	KEYPRESS	0.3299	1
46.3115	0	53	TRIGGER	6.0464	6
47.1943	0	54	TRIGGER	0.8724	7
47.7277	2.7087	54	DOT_FLIP	N/A	1
48.0610	0	55	TRIGGER	1.9616	7
48.0110	0.1833	55	KEYPRESS	0.2873	1
48.9443	0	56	TRIGGER	3.0717	7
49.6277	1.8923	56	DOT_FLIP	N/A	0
49.8110	0	57	TRIGGER	4.1607	7
49.9444	0.1500	57	KEYPRESS	0.3283	1
50.6795	0	58	TRIGGER	5.2521	7
51.5110	0	59	TRIGGER	0.0138	8
52.2269	2.6091	59	DOT_FLIP	N/A	1
52.4269	0	60	TRIGGER	1.1648	8
52.5435	0.1669	60	KEYPRESS	0.3183	1
53.3101	0	61	TRIGGER	2.2746	8
54.1767	0	62	TRIGGER	3.3637	8
54.6934	2.4550	62	DOT_FLIP	N/A	0
55.0601	0	63	TRIGGER	4.4738	8
54.9934	0.1667	63	KEYPRESS	0.3133	1
55.9267	0	64	TRIGGER	5.5628	8
56.8104	0	65	TRIGGER	0.3900	9
57.3432	2.6481	65	DOT_FLIP	N/A	1
57.6765	0	66	TRIGGER	1.4785	9
57.6432	0.1657	66	KEYPRESS	0.3149	1
58.5432	0	67	TRIGGER	2.5676	9
58.9266	1.5933	67	DOT_FLIP	N/A	0
59.2431	0.1502	67	KEYPRESS	0.3215	1
59.4266	0	68	TRIGGER	3.6776	9
60.2936	0	69	TRIGGER	4.7672	9
60.6932	1.7570	69	DOT_FLIP	N/A	1
61.1765	0	70	TRIGGER	5.8767	9
61.0933	0.1833	70	KEYPRESS	0.4148	1
62.0426	0	71	TRIGGER	0.6819	10
62.4149	1.7207	71	DOT_FLIP	N/A	0
62.9260	0	72	TRIGGER	1.7919	10
62.8426	0.1501	72	KEYPRESS	0.4434	1
63.7926	0	73	TRIGGER	2.8810	10
64.6760	0	74	TRIGGER	3.9911	10
65.0262	2.6135	74	DOT_FLIP	N/A	1
65.3593	0.1667	74	KEYPRESS	0.3466	1
65.5593	0	75	TRIGGER	5.1011	10
66.4093	0	76	TRIGGER	6.1692	10
66.7769	1.7510	76	DOT_FLIP	N/A	0
67.2921	0	77	TRIGGER	0.9954	11
67.1587	0.1833	77	KEYPRESS	0.3950	1
68.1588	0	78	TRIGGER	2.0845	11
68.6421	1.8675	78	DOT_FLIP	N/A	1
69.0421	0	79	TRIGGER	3.1945	11
68.9754	0.1833	79	KEYPRESS	0.3443	1
69.9087	0	80	TRIGGER	4.2835	11
70.7921	0	81	TRIGGER	5.3936	11
71.4088	2.7642	81	DOT_FLIP	N/A	0
71.6600	0	82	TRIGGER	0.2011	12
71.7255	0.1500	82	KEYPRESS	0.3302	1
72.5414	0	83	TRIGGER	1.3087	12
73.4083	0	84	TRIGGER	2.3980	12
74.1582	2.7512	84	DOT_FLIP	N/A	1
74.2749	0	85	TRIGGER	3.4870	12
74.4746	0.1836	85	KEYPRESS	0.3281	1
75.1582	0	86	TRIGGER	4.5970	12
75.4082	1.2511	86	DOT_FLIP	N/A	0
75.7581	0.1501	86	KEYPRESS	0.3605	1
76.0249	0	87	TRIGGER	5.6862	12
76.9083	0	88	TRIGGER	0.5130	13
77.0576	1.6569	88	DOT_FLIP	N/A	1
77.3910	0.1833	88	KEYPRESS	0.3365	1
77.7743	0	89	TRIGGER	1.6013	13
78.0743	1.0143	89	DOT_FLIP	N/A	0
78.4077	0.1666	89	KEYPRESS	0.3388	1
78.6576	0	90	TRIGGER	2.7114	13
79.5291	0	91	TRIGGER	3.8065	13
79.5910	1.5095	91	DOT_FLIP	N/A	1
79.9243	0.1667	91	KEYPRESS	0.3459	1
80.4077	0	92	TRIGGER	4.9106	13
81.2743	0	93	TRIGGER	5.9996	13
81.6910	2.1018	93	DOT_FLIP	N/A	0
82.1403	0	94	TRIGGER	0.8047	14
82.0243	0.1825	94	KEYPRESS	0.3441	1
83.0237	0	95	TRIGGER	1.9148	14
83.8904	0	96	TRIGGER	3.0039	14
84.0070	2.3173	96	DOT_FLIP	N/A	1
84.3571	0.1685	96	KEYPRESS	0.3596	1
84.7738	0	97	TRIGGER	4.1140	14
85.6404	0	98	TRIGGER	5.2030	14
86.5237	0	99	TRIGGER	0.0298	15
86.6571	2.6500	99	DOT_FLIP	N/A	0
86.9738	0.1660	99	KEYPRESS	0.3263	1
87.3944	0	100	TRIGGER	1.1240	15
88.2732	0	101	TRIGGER	2.2283	15
89.0399	2.3836	101	DOT_FLIP	N/A	1
89.1398	0	102	TRIGGER	3.3173	15
89.3232	0.1666	102	KEYPRESS	0.2921	1
90.0065	0	103	TRIGGER	4.4064	15
90.8898	0	104	TRIGGER	5.5164	15
91.4732	2.4300	104	DOT_FLIP	N/A	0
91.7565	0	105	TRIGGER	0.3223	16
91.7898	0.1500	105	KEYPRESS	0.3287	1
92.6393	0	106	TRIGGER	1.4317	16
93.5059	0	107	TRIGGER	2.5207	16
93.7559	2.2848	107	DOT_FLIP	N/A	1
94.0893	0.1668	107	KEYPRESS	0.3434	1
94.3893	0	108	TRIGGER	3.6308	16
95.2570	0	109	TRIGGER	4.7212	16
95.3060	1.5473	109	DOT_FLIP	N/A	0
95.6727	0.1665	109	KEYPRESS	0.3794	1
96.1226	0	110	TRIGGER	5.8089	16
97.0060	0	111	TRIGGER	0.6358	17
97.8072	2.5118	111	DOT_FLIP	N/A	1
97.8720	0	112	TRIGGER	1.7241	17
98.0887	0.1499	112	KEYPRESS	0.2836	1
98.7553	0	113	TRIGGER	2.8341	17
99.6221	0	114	TRIGGER	3.9233	17
100.0887	2.2757	114	DOT_FLIP	N/A	0
100.3582	0.1471	114	KEYPRESS	0.2774	1
100.5386	0	115	TRIGGER	5.0750	17
101.3720	0	116	TRIGGER	6.1224	17
102.2546	0	117	TRIGGER	0.9483	18
102.3377	2.2538	117	DOT_FLIP	N/A	1
102.6714	0.1500	117	KEYPRESS	0.3369	1
103.1214	0	118	TRIGGER	2.0376	18
103.7575	1.4182	118	DOT_FLIP	N/A	0
104.0048	0	119	TRIGGER	3.1476	18
104.1048	0.1500	119	KEYPRESS	0.3520	1
104.8714	0	120	TRIGGER	4.2367	18
105.7381	0	121	TRIGGER	5.3258	18
106.2714	2.5134	121	DOT_FLIP	N/A	1
106.6268	0	122	TRIGGER	0.1593	19
106.6548	0.1167	122	KEYPRESS	0.3887	1
107.4874	0	123	TRIGGER	1.2408	19
107.5046	1.2241	123	DOT_FLIP	N/A	0
107.8375	0.1499	123	KEYPRESS	0.3472	1
108.3707	0	124	TRIGGER	2.3508	19
108.4208	0.9242	124	DOT_FLIP	N/A	1
108.8041	0.1333	124	KEYPRESS	0.3897	1
109.2374	0	125	TRIGGER	3.4399	19
110.1207	0	126	TRIGGER	4.5499	19
110.7208	0.1667	126	KEYPRESS	2.3064	1
110.9875	0	127	TRIGGER	5.6391	19
111.1375	2.7131	127	DOT_FLIP	N/A	0
111.6041	0.1333	127	KEYPRESS	0.4766	1
111.8709	0	128	TRIGGER	0.4661	20
112.7370	0	129	TRIGGER	1.5545	20
113.2204	2.0765	129	DOT_FLIP	N/A	1
113.6037	0	130	TRIGGER	2.6435	20
113.6427	0.1277	130	KEYPRESS	0.4386	1
114.4870	0	131	TRIGGER	3.7536	20
115.1871	1.9755	131	DOT_FLIP	N/A	0
115.3537	0	132	TRIGGER	4.8427	20
115.5370	0.1501	132	KEYPRESS	0.3574	1
116.2370	0	133	TRIGGER	5.9527	20
117.1037	0	134	TRIGGER	0.7586	21
117.9032	2.7177	134	DOT_FLIP	N/A	1
117.9865	0	135	TRIGGER	1.8679	21
118.2365	0.1501	135	KEYPRESS	0.3391	1
118.8530	0	136	TRIGGER	2.9569	21
119.7365	0	137	TRIGGER	4.0671	21
119.9532	2.0440	137	DOT_FLIP	N/A	0
120.2699	0.1499	137	KEYPRESS	0.3286	1
120.6031	0	138	TRIGGER	5.1561	21
120.8032	0.8593	138	DOT_FLIP	N/A	1
121.1698	0.1835	138	KEYPRESS	0.3691	1
121.4698	0	139	TRIGGER	6.2452	21
122.3581	0	140	TRIGGER	1.0783	22
123.2193	0	141	TRIGGER	2.1606	22
123.3026	2.4906	141	DOT_FLIP	N/A	0
123.6361	0.1503	141	KEYPRESS	0.3448	1
124.1026	0	142	TRIGGER	3.2705	22
124.6193	1.3273	142	DOT_FLIP	N/A	1
124.9691	0	143	TRIGGER	4.3594	22
124.9361	0.1499	143	KEYPRESS	0.3176	1
125.8526	0	144	TRIGGER	5.4696	22
126.0026	1.3794	144	DOT_FLIP	N/A	0
126.3860	0.1502	144	KEYPRESS	0.3880	1
126.7192	0	145	TRIGGER	0.2755	23
126.9694	0.9614	145	DOT_FLIP	N/A	1
127.3020	0.1667	145	KEYPRESS	0.3426	1
127.6020	0	146	TRIGGER	1.3848	23
127.9521	0.9902	146	DOT_FLIP	N/A	0
128.4688	0	147	TRIGGER	2.4741	23
128.3188	0.1834	147	KEYPRESS	0.3691	1
129.2522	1.2982	147	DOT_FLIP	N/A	1
129.3355	0	148	TRIGGER	3.5632	23
129.5687	0.1667	148	KEYPRESS	0.3209	1
130.2197	0	149	TRIGGER	4.6744	23
131.0854	0	150	TRIGGER	5.7622	23
131.8854	2.6284	150	DOT_FLIP	N/A	0
131.9688	0	151	TRIGGER	0.5891	24
132.2021	0.1826	151	KEYPRESS	0.3258	1
132.8348	0	152	TRIGGER	1.6774	24
133.1014	1.2116	152	DOT_FLIP	N/A	1
133.4180	0.1835	152	KEYPRESS	0.3301	1
133.7015	0	153	TRIGGER	2.7665	24
134.5729	1.4733	153	DOT_FLIP	N/A	0
134.5848	0	154	TRIGGER	3.8765	24
134.9348	0.1693	154	KEYPRESS	0.3736	1
135.4684	0	155	TRIGGER	4.9868	24
135.6358	1.0671	155	DOT_FLIP	N/A	1
135.9849	0.2000	155	KEYPRESS	0.3566	1
136.3347	0	156	TRIGGER	6.0755	24
137.2015	0	157	TRIGGER	0.8815	25
137.4843	1.8403	157	DOT_FLIP	N/A	0
137.8008	0.1500	157	KEYPRESS	0.3322	1
138.0843	0	158	TRIGGER	1.9909	25
138.9510	0	159	TRIGGER	3.0800	25
139.7508	2.2695	159	DOT_FLIP	N/A	1
139.8341	0	160	TRIGGER	4.1898	25
140.0675	0.1668	160	KEYPRESS	0.3293	1
140.7009	0	161	TRIGGER	5.2790	25
141.1177	1.3794	161	DOT_FLIP	N/A	0
141.5676	0	162	TRIGGER	0.0849	26
141.4343	0.1665	162	KEYPRESS	0.3167	1
142.4500	0	163	TRIGGER	1.1937	26
143.1004	1.9788	163	DOT_FLIP	N/A	1
143.3338	0	164	TRIGGER	2.3044	26
143.5004	0.1998	164	KEYPRESS	0.4041	1
144.2004	0	165	TRIGGER	3.3934	26
145.0671	0	166	TRIGGER	4.4826	26
145.0965	1.9844	166	DOT_FLIP	N/A	0
145.4338	0.1666	166	KEYPRESS	0.3530	1
145.9503	0	167	TRIGGER	5.5924	26
146.8170	0	168	TRIGGER	0.3984	27
147.2504	2.1690	168	DOT_FLIP	N/A	1
147.6998	0	169	TRIGGER	1.5077	27
147.6165	0.1839	169	KEYPRESS	0.3668	1
148.5662	0	170	TRIGGER	2.5965	27
148.7165	1.4593	170	DOT_FLIP	N/A	0
149.0665	0.1499	170	KEYPRESS	0.3575	1
149.4498	0	171	TRIGGER	3.7069	27
150.3165	0	172	TRIGGER	4.7959	27
151.1666	2.4553	172	DOT_FLIP	N/A	1
151.1831	0	173	TRIGGER	5.8850	27
151.5165	0.1833	173	KEYPRESS	0.3521	1
152.0665	0	174	TRIGGER	0.7119	28
152.9325	0	175	TRIGGER	1.8002	28
153.0330	1.8676	175	DOT_FLIP	N/A	0
153.3991	0.1501	175	KEYPRESS	0.3672	1
153.8159	0	176	TRIGGER	2.9103	28
154.6826	0	177	TRIGGER	3.9993	28
155.5159	2.4837	177	DOT_FLIP	N/A	1
155.5659	0	178	TRIGGER	5.1094	28
155.8659	0.1666	178	KEYPRESS	0.3503	1
156.4326	0	179	TRIGGER	6.1984	28
156.4554	0.9306	179	DOT_FLIP	N/A	0
156.9159	0.1667	179	KEYPRESS	0.4696	1
157.3153	0	180	TRIGGER	1.0245	29
158.1820	0	181	TRIGGER	2.1137	29
158.3671	1.9100	181	DOT_FLIP	N/A	1
158.7487	0.1666	181	KEYPRESS	0.3925	1
159.0653	0	182	TRIGGER	3.2236	29
159.7153	1.3590	182	DOT_FLIP	N/A	0
159.9320	0	183	TRIGGER	4.3128	29
160.1320	0.1666	183	KEYPRESS	0.4167	1
160.7986	0	184	TRIGGER	5.4018	29
161.6820	0	185	TRIGGER	0.2287	30
162.4147	2.6872	185	DOT_FLIP	N/A	1
162.5480	0	186	TRIGGER	1.3170	30
162.7648	0.2001	186	KEYPRESS	0.3623	1
163.4314	0	187	TRIGGER	2.4271	30
163.7648	1.3569	187	DOT_FLIP	N/A	0
164.0814	0.1833	187	KEYPRESS	0.3220	1
164.2981	0	188	TRIGGER	3.5162	30
165.0981	1.3376	188	DOT_FLIP	N/A	1
165.1814	0	189	TRIGGER	4.6262	30
165.4315	0.1834	189	KEYPRESS	0.3344	1
166.0482	0	190	TRIGGER	5.7155	30
166.9315	0	191	TRIGGER	0.5422	31
166.9981	1.8847	191	DOT_FLIP	N/A	0
167.3475	0.1834	191	KEYPRESS	0.3658	1
167.7976	0	192	TRIGGER	1.6306	31
168.6698	0	193	TRIGGER	2.7266	31
169.5475	0	194	TRIGGER	3.8297	31
169.8976	2.9037	194	DOT_FLIP	N/A	1
170.2309	0.1833	194	KEYPRESS	0.3455	1
170.4476	0	195	TRIGGER	4.9607	31
171.2976	0	196	TRIGGER	6.0288	31
172.1642	0	197	TRIGGER	0.8346	32
172.7136	2.8157	197	DOT_FLIP	N/A	0
173.0469	0	198	TRIGGER	1.9439	32
173.0970	0.1667	198	KEYPRESS	0.3959	1
173.9136	0	199	TRIGGER	3.0331	32
174.7973	0	200	TRIGGER	4.1436	32
175.6636	0	201	TRIGGER	5.2322	32
175.6813	2.9675	201	DOT_FLIP	N/A	1
176.0471	0.1666	201	KEYPRESS	0.3785	1
176.5304	0	202	TRIGGER	0.0382	33
177.1470	1.4744	202	DOT_FLIP	N/A	0
177.4130	0	203	TRIGGER	1.1474	33
177.5631	0.1666	203	KEYPRESS	0.4202	1
178.2798	0	204	TRIGGER	2.2365	33
179.1131	1.9597	204	DOT_FLIP	N/A	1
179.1631	0	205	TRIGGER	3.3465	33
179.4464	0.1667	205	KEYPRESS	0.3438	1
180.0298	0	206	TRIGGER	4.4357	33
180.2297	1.1150	206	DOT_FLIP	N/A	0
180.6131	0.1499	206	KEYPRESS	0.3955	1
180.9130	0	207	TRIGGER	5.5456	33
181.6464	1.4176	207	DOT_FLIP	N/A	1
181.7798	0	208	TRIGGER	0.3516	34
181.9964	0.1667	208	KEYPRESS	0.3612	1
182.6623	0	209	TRIGGER	1.4606	34
183.5311	0	210	TRIGGER	2.5523	34
184.0458	2.4016	210	DOT_FLIP	N/A	0
184.3959	0	211	TRIGGER	3.6391	34
184.3458	0.1833	211	KEYPRESS	0.3089	1
185.2790	0	212	TRIGGER	4.7489	34
186.1458	0	213	TRIGGER	5.8381	34
186.6124	2.5749	213	DOT_FLIP	N/A	1
187.0333	0	214	TRIGGER	0.6702	35
186.9458	0.1834	214	KEYPRESS	0.3339	1
187.8953	1.2758	214	DOT_FLIP	N/A	0
187.8953	0	215	TRIGGER	1.7534	35
188.3120	0.1832	215	KEYPRESS	0.4243	1
188.7786	0	216	TRIGGER	2.8634	35
189.6453	0	217	TRIGGER	3.9525	35
190.5287	2.6368	217	DOT_FLIP	N/A	1
190.5287	0	218	TRIGGER	5.0627	35
190.9119	0.1666	218	KEYPRESS	0.3874	1
191.3953	0	219	TRIGGER	6.1516	35
192.2620	0	220	TRIGGER	0.9575	36
193.1447	0	221	TRIGGER	2.0668	36
193.4946	2.9664	221	DOT_FLIP	N/A	0
194.0114	0	222	TRIGGER	3.1559	36
193.9280	0.1667	222	KEYPRESS	0.4371	1
194.5786	1.0743	222	DOT_FLIP	N/A	1
194.8964	0	223	TRIGGER	4.2681	36
195.0447	0.1834	223	KEYPRESS	0.4795	1
195.7614	0	224	TRIGGER	5.3550	36
196.6446	0	225	TRIGGER	0.1817	37
197.1335	2.5476	225	DOT_FLIP	N/A	0
197.5108	0	226	TRIGGER	1.2702	37
197.7274	0.1668	226	KEYPRESS	0.6146	1
198.3108	1.1932	226	DOT_FLIP	N/A	1
198.3942	0	227	TRIGGER	2.3803	37
198.6442	0.1666	227	KEYPRESS	0.3381	1
199.2609	0	228	TRIGGER	3.4694	37
199.3622	1.0522	228	DOT_FLIP	N/A	0
199.7441	0.1501	228	KEYPRESS	0.3859	1
200.1275	0	229	TRIGGER	4.5585	37
201.0109	0	230	TRIGGER	5.6685	37
201.5109	2.1383	230	DOT_FLIP	N/A	1
201.8942	0	231	TRIGGER	0.4953	38
201.8609	0.1499	231	KEYPRESS	0.3644	1
202.7619	0	232	TRIGGER	1.5857	38
203.6270	0	233	TRIGGER	2.6728	38
204.4270	2.9264	233	DOT_FLIP	N/A	0
204.5103	0	234	TRIGGER	3.7829	38
204.7436	0.1667	234	KEYPRESS	0.3207	1
205.3769	0	235	TRIGGER	4.8719	38
205.8270	1.3937	235	DOT_FLIP	N/A	1
206.2595	0	236	TRIGGER	5.9809	38
206.1437	0.1667	236	KEYPRESS	0.3270	1
207.1270	0	237	TRIGGER	0.7879	39
207.9931	0	238	TRIGGER	1.8762	39
208.4264	2.5985	238	DOT_FLIP	N/A	0
208.8756	0	239	TRIGGER	2.9853	39
208.7264	0.1824	239	KEYPRESS	0.3113	1
209.3764	0.9603	239	DOT_FLIP	N/A	1
209.7431	0	240	TRIGGER	4.0754	39
209.7931	0.1667	240	KEYPRESS	0.4176	1
210.6256	0	241	TRIGGER	5.1844	39
210.8764	1.4899	241	DOT_FLIP	N/A	0
211.2431	0.1499	241	KEYPRESS	0.3778	1
211.4931	0	242	TRIGGER	6.2745	39
211.9256	1.0597	242	DOT_FLIP	N/A	1
212.3764	0	243	TRIGGER	1.1013	40
212.2598	0.1498	243	KEYPRESS	0.3347	1
213.2425	0	244	TRIGGER	2.1896	40
213.9092	1.9715	244	DOT_FLIP	N/A	0
214.1258	0	245	TRIGGER	3.2996	40
214.2258	0.1334	245	KEYPRESS	0.3293	1
214.9925	0	246	TRIGGER	4.3888	40
215.6091	1.7043	246	DOT_FLIP	N/A	1
215.8757	0	247	TRIGGER	5.4987	40
215.9258	0.1834	247	KEYPRESS	0.3249	1
216.7425	0	248	TRIGGER	0.3047	41
217.6087	0	249	TRIGGER	1.3932	41
218.2253	2.6083	249	DOT_FLIP	N/A	0
218.4938	0	250	TRIGGER	2.5055	41
218.5419	0.1666	250	KEYPRESS	0.3328	1
219.3586	0	251	TRIGGER	3.5922	41
220.2419	0	252	TRIGGER	4.7022	41
221.1086	2.8890	252	DOT_FLIP	N/A	1
221.1086	0	253	TRIGGER	5.7913	41
221.4586	0.1667	253	KEYPRESS	0.3605	1
221.9921	0	254	TRIGGER	0.6184	42
222.8581	0	255	TRIGGER	1.7066	42
223.7247	0	256	TRIGGER	2.7956	42
223.9247	2.8189	256	DOT_FLIP	N/A	0
224.2247	0.1500	256	KEYPRESS	0.3078	1
224.6081	0	257	TRIGGER	3.9058	42
224.7634	0.8295	257	DOT_FLIP	N/A	1
225.1413	0.1668	257	KEYPRESS	0.3948	1
225.4747	0	258	TRIGGER	4.9948	42
226.3579	0	259	TRIGGER	6.1046	42
227.1247	2.3626	259	DOT_FLIP	N/A	0
227.2247	0	260	TRIGGER	0.9107	43
227.5908	0.1666	260	KEYPRESS	0.4817	1
228.1075	0	261	TRIGGER	2.0200	43
228.9741	0	262	TRIGGER	3.1091	43
229.7242	2.6102	262	DOT_FLIP	N/A	1
229.8408	0	263	TRIGGER	4.1982	43
230.0575	0.1500	263	KEYPRESS	0.3382	1
230.7242	0	264	TRIGGER	5.3083	43
231.6076	0	265	TRIGGER	0.1352	44
231.4075	0.2333	265	KEYPRESS	1.6882	1
231.7242	1.9892	265	DOT_FLIP	N/A	0
232.4741	0	266	TRIGGER	1.2240	44
233.3403	0	267	TRIGGER	2.3126	44
233.9069	2.1856	267	DOT_FLIP	N/A	1
234.2236	0	268	TRIGGER	3.4226	44
234.2903	0.1667	268	KEYPRESS	0.3962	1
235.0902	0	269	TRIGGER	4.5116	44
235.2403	1.3428	269	DOT_FLIP	N/A	0
235.7070	0.1666	269	KEYPRESS	0.4701	1
235.9736	0	270	TRIGGER	5.6216	44
236.8403	0	271	TRIGGER	0.4276	45
237.7230	0	272	TRIGGER	1.5369	45
237.7730	2.5293	272	DOT_FLIP	N/A	1
238.1064	0.1500	272	KEYPRESS	0.3402	1
238.5897	0	273	TRIGGER	2.6260	45
239.4563	0	274	TRIGGER	3.7150	45
240.1064	2.3327	274	DOT_FLIP	N/A	0
240.3397	0	275	TRIGGER	4.8251	45
240.4564	0.1833	275	KEYPRESS	0.3575	1
241.0397	0.9251	275	DOT_FLIP	N/A	1
241.2119	0	276	TRIGGER	5.9212	45
241.4244	0.1653	276	KEYPRESS	0.4005	1
242.0897	0	277	TRIGGER	0.7410	46
242.4562	1.4170	277	DOT_FLIP	N/A	0
242.9558	0	278	TRIGGER	1.8294	46
242.8058	0.1833	278	KEYPRESS	0.3649	1
243.6391	1.1903	278	DOT_FLIP	N/A	1
243.8391	0	279	TRIGGER	2.9394	46
243.9559	0.1833	279	KEYPRESS	0.3247	1
244.5392	0.9063	279	DOT_FLIP	N/A	0
244.7058	0	280	TRIGGER	4.0285	46
244.9062	0.1829	280	KEYPRESS	0.3687	1
245.5891	0	281	TRIGGER	5.1386	46
246.4558	0	282	TRIGGER	6.2276	46
247.0724	2.5227	282	DOT_FLIP	N/A	1
247.3225	0	283	TRIGGER	1.0336	47
247.4058	0.1669	283	KEYPRESS	0.3457	1
248.2052	0	284	TRIGGER	2.1429	47
249.0713	0	285	TRIGGER	3.2312	47
249.9552	0	286	TRIGGER	4.3420	47
249.9886	2.9200	286	DOT_FLIP	N/A	0
250.3720	0.1666	286	KEYPRESS	0.3918	1
250.8220	0	287	TRIGGER	5.4312	47
251.7053	0	288	TRIGGER	0.2579	48
252.5774	0	289	TRIGGER	1.3539	48
252.8380	2.8436	289	DOT_FLIP	N/A	1
253.2380	0.1888	289	KEYPRESS	0.4143	1
253.4547	0	290	TRIGGER	2.4563	48
254.3213	0	291	TRIGGER	3.5454	48
254.7381	1.9014	291	DOT_FLIP	N/A	0
255.2047	0	292	TRIGGER	4.6555	48
255.1714	0.1833	292	KEYPRESS	0.4463	1
256.0713	0	293	TRIGGER	5.7445	48
256.9381	0	294	TRIGGER	0.5505	49
257.2880	2.5520	294	DOT_FLIP	N/A	1
257.6540	0.1502	294	KEYPRESS	0.3767	1
257.8374	0	295	TRIGGER	1.6807	49
258.6877	0	296	TRIGGER	2.7491	49
259.5708	0	297	TRIGGER	3.8588	49
259.8375	2.5491	297	DOT_FLIP	N/A	0
260.2542	0.1664	297	KEYPRESS	0.4278	1
260.4435	0	298	TRIGGER	4.9556	49
260.8708	1.0373	298	DOT_FLIP	N/A	1
261.3207	0	299	TRIGGER	6.0578	49
261.3875	0.1500	299	KEYPRESS	0.5238	1
262.8703	1.9994	299	DOT_FLIP	N/A	0
263.1870	0.1665	299	KEYPRESS	0.3240	1
265.2035	2.3386	299	DOT_FLIP	N/A	1
265.2035	0	299	FINISH	N/A	97.08 %