name	updated_at
ds000001	2026-05-30T21:49:30Z
ds000002	2023-09-15T06:45:23Z
ds000003	2020-05-21T20:04:55Z
ds000005	2026-01-15T19:16:19Z
ds000008	2018-07-14T01:41:42Z
ds000011	2022-12-14T23:13:40Z
ds000051	2018-07-14T01:46:27Z
ds000052	2018-07-14T01:49:41Z
ds000101	2018-07-14T01:51:38Z
ds000102	2024-05-02T07:44:39Z
ds000105	2023-03-24T18:55:51Z
ds000107	2018-07-14T02:00:23Z
ds000109	2025-04-05T18:44:31Z
ds000017	2018-07-14T02:24:58Z
ds000122	2018-07-14T02:28:05Z
ds001037	2018-07-14T03:17:13Z
ds001110	2020-05-22T08:49:19Z
ds001105	2025-03-20T17:35:06Z
ds001131	2020-01-21T17:46:02Z
ds001132	2019-04-04T19:51:25Z
ds001145	2019-04-04T14:25:46Z
ds001178	2018-07-14T12:07:51Z
ds001247	2018-07-15T15:18:47Z
ds001299	2019-06-05T17:40:11Z
ds001306	2024-01-18T18:29:59Z
ds000208	2025-04-05T18:55:47Z
ds000248	2022-06-23T22:29:12Z
ds000138	2018-07-16T18:46:19Z
ds000236	2019-12-05T21:51:34Z
ds000174	2019-05-16T21:52:48Z
ds000116	2025-06-25T07:35:21Z
ds000255	2018-07-16T19:18:23Z
ds000157	2026-05-01T11:08:22Z
ds000202	2018-07-17T01:19:49Z
ds000240	2021-08-17T02:15:41Z
ds000231	2021-01-06T17:40:39Z
ds000235	2019-12-05T21:50:55Z
ds000219	2018-07-17T02:02:34Z
ds000200	2020-08-23T03:22:29Z
ds000218	2018-07-17T02:20:22Z
ds000234	2018-07-17T02:22:17Z
ds000144	2018-07-17T13:08:16Z
ds000120	2018-07-17T13:10:28Z
ds000168	2019-05-16T19:01:47Z
ds000205	2018-07-17T14:34:25Z
ds000237	2019-05-15T03:27:40Z
ds000245	2018-07-17T14:40:02Z
ds000164	2018-07-17T14:41:25Z
ds000222	2019-12-05T17:43:34Z
ds000229	2026-03-30T14:03:31Z
ds000254	2020-08-24T21:42:59Z
ds000214	2018-07-17T18:59:28Z
ds000246	2024-05-10T23:47:32Z
ds000213	2018-07-18T02:24:17Z
ds000239	2018-07-18T02:25:12Z
ds001338	2018-10-19T16:25:31Z
ds001339	2018-07-18T03:12:18Z
ds001344	2018-11-09T09:05:44Z
ds000114	2025-04-05T19:10:46Z
ds001357	2018-07-18T04:48:29Z
ds001365	2018-11-01T18:31:13Z
ds001378	2025-04-11T15:07:37Z
ds001386	2024-10-16T02:09:53Z
ds001399	2026-05-27T19:24:39Z
ds001420	2024-01-20T02:56:07Z
ds001421	2025-11-08T19:09:45Z
ds001419	2020-08-25T22:00:37Z
ds001450	2018-08-01T03:42:37Z
ds001021	2018-08-15T15:27:15Z
ds001454	2020-08-25T00:27:17Z
ds000201	2023-10-29T22:28:59Z
ds001246	2023-11-01T08:35:52Z
ds001506	2025-08-21T20:00:01Z
ds001511	2020-05-22T13:13:52Z
ds001510	2023-05-16T13:53:54Z
ds001499	2022-03-23T17:44:51Z
ds001486	2023-06-07T12:32:55Z
ds000244	2018-09-14T20:33:34Z
ds001517	2020-05-22T13:16:40Z
ds001525	2020-05-22T13:21:11Z
ds000117	2025-10-29T10:02:27Z
ds001529	2020-05-22T13:22:01Z
ds001545	2020-08-23T14:31:59Z
ds001534	2020-05-22T13:25:25Z
ds001547	2018-10-12T15:54:19Z
ds001553	2018-10-15T20:13:39Z
ds001555	2018-10-16T16:58:54Z
ds001551	2018-10-17T11:12:31Z
ds001566	2018-10-23T16:20:26Z
ds001576	2018-10-31T18:33:30Z
ds001583	2020-05-22T14:20:25Z
ds001591	2018-11-14T01:03:36Z
ds000228	2019-05-15T20:32:06Z
ds001595	2018-11-16T12:50:28Z
ds001597	2018-11-19T16:14:53Z
ds001541	2021-07-27T08:02:56Z
ds001600	2018-11-24T17:35:59Z
ds001461	2020-05-22T11:55:39Z
ds001497	2020-05-22T12:04:29Z
ds001607	2018-12-05T16:47:03Z
ds000233	2020-05-22T07:16:40Z
ds000241	2018-12-07T01:58:45Z
ds001612	2019-01-02T15:44:30Z
ds001614	2020-05-22T14:46:15Z
ds001618	2018-12-12T13:55:36Z
ds001621	2019-02-21T16:38:12Z
ds001439	2019-10-11T00:31:46Z
ds001354	2018-12-29T08:56:46Z
ds001635	2019-04-04T18:18:49Z
ds001634	2019-01-03T11:18:01Z
ds001168	2026-04-24T14:48:20Z
ds001652	2019-01-20T19:15:44Z
ds001720	2019-06-17T14:55:37Z
ds001722	2019-10-11T00:30:32Z
ds001728	2019-02-05T00:58:46Z
ds001740	2019-03-08T08:00:39Z
ds001745	2019-07-08T15:18:50Z
ds001743	2019-02-08T21:27:45Z
ds001748	2019-03-18T10:56:01Z
ds001705	2025-06-22T00:31:14Z
ds000220	2019-02-15T01:13:56Z
ds001762	2019-05-15T14:57:36Z
ds001715	2019-02-15T16:00:34Z
ds001761	2020-07-22T18:56:21Z
ds001232	2019-02-22T14:43:27Z
ds001554	2019-02-22T14:53:37Z
ds001521	2019-02-22T14:57:05Z
ds001771	2019-02-28T10:11:47Z
ds001775	2019-03-06T14:44:42Z
ds000212	2019-03-04T19:55:30Z
ds001590	2019-03-06T23:26:39Z
ds001229	2019-03-14T20:56:20Z
ds001868	2020-05-22T19:00:23Z
ds001875	2019-06-05T14:42:16Z
ds000224	2024-01-19T05:43:29Z
ds000172	2019-05-16T21:08:54Z
ds001890	2019-06-17T14:56:38Z
ds001769	2020-05-22T18:12:44Z
ds001907	2025-08-26T18:58:44Z
ds001734	2026-05-23T09:46:44Z
ds001919	2020-06-19T00:21:29Z
ds001921	2019-05-15T16:47:31Z
ds001923	2019-05-15T16:47:44Z
ds000148	2019-05-15T22:32:58Z
ds001912	2019-05-16T16:55:02Z
ds001927	2022-06-08T05:28:36Z
ds001894	2021-03-23T13:31:45Z
ds001926	2019-05-21T15:04:32Z
ds001019	2020-05-22T08:29:48Z
ds001945	2019-05-24T15:21:10Z
ds001810	2019-05-28T12:26:02Z
ds001882	2020-05-22T19:03:33Z
ds001883	2020-07-22T18:43:57Z
ds000158	2022-11-23T12:58:45Z
ds001242	2019-06-06T11:48:53Z
ds001966	2019-06-07T16:01:30Z
ds001971	2019-06-12T12:35:26Z
ds001978	2019-06-14T18:35:32Z
ds001972	2026-03-11T17:17:04Z
ds001984	2019-06-14T18:34:59Z
ds002000	2019-06-28T17:12:03Z
ds002001	2023-08-28T22:10:55Z
ds002006	2020-05-22T20:14:03Z
ds001408	2020-05-22T10:46:57Z
ds002011	2019-07-04T01:11:00Z
ds002016	2019-07-09T20:21:44Z
ds001818	2019-07-10T13:04:08Z
ds002033	2020-07-22T18:55:01Z
ds002040	2020-05-22T20:30:27Z
ds001840	2020-09-24T23:35:38Z
ds001608	2020-05-22T14:41:45Z
ds001653	2020-07-22T18:39:07Z
ds001784	2020-05-22T18:39:28Z
ds002013	2024-01-19T04:48:50Z
ds002080	2026-03-25T16:58:52Z
ds002041	2020-09-24T23:14:31Z
ds002087	2019-08-03T17:33:20Z
ds002094	2023-08-28T14:43:12Z
ds001946	2019-10-21T18:21:21Z
ds001849	2020-07-22T14:20:15Z
ds002034	2023-08-28T22:09:06Z
ds001725	2019-10-18T19:53:00Z
ds002154	2019-10-18T19:45:49Z
ds002076	2019-10-18T19:41:02Z
ds002156	2020-06-19T00:23:10Z
ds002155	2019-10-18T19:42:53Z
ds002153	2019-10-18T19:40:28Z
ds002149	2020-05-22T20:42:17Z
ds002179	2019-10-18T19:51:04Z
ds001981	2020-05-22T20:02:38Z
ds001482	2019-10-18T19:14:31Z
ds002207	2019-10-18T19:04:17Z
ds001563	2020-05-22T13:58:11Z
ds000216	2019-09-30T19:21:34Z
ds002218	2019-10-03T05:30:07Z
ds002237	2020-05-22T21:23:53Z
ds001928	2019-10-15T14:40:30Z
ds002242	2019-10-15T18:33:08Z
ds002250	2020-05-22T21:36:41Z
ds002014	2020-05-22T20:22:57Z
ds002293	2019-10-31T14:26:52Z
ds002311	2020-05-22T22:13:59Z
ds002307	2021-01-27T08:45:50Z
ds000210	2019-11-12T06:08:18Z
ds002316	2025-08-20T12:51:45Z
ds002320	2020-05-22T22:29:25Z
ds002322	2020-07-13T23:35:20Z
ds002328	2021-04-12T16:20:55Z
ds001345	2019-11-29T10:26:15Z
ds002336	2025-02-21T02:05:36Z
ds002338	2025-09-17T07:32:26Z
ds002345	2025-09-08T03:38:33Z
ds000030	2026-05-17T18:24:45Z
ds002278	2024-05-10T23:44:27Z
ds001787	2025-05-19T12:51:39Z
ds000006	2026-03-17T21:28:35Z
ds000007	2019-12-13T17:20:49Z
ds000009	2020-08-21T20:37:34Z
ds000031	2022-10-18T01:42:41Z
ds000053	2019-12-13T17:53:04Z
ds000108	2019-12-13T18:04:01Z
ds000110	2019-12-13T18:07:08Z
ds000113	2025-01-24T08:14:52Z
ds000115	2019-12-13T18:51:19Z
ds000119	2019-12-13T18:56:09Z
ds000121	2019-12-13T19:00:40Z
ds000133	2022-02-14T09:39:33Z
ds000140	2019-12-13T19:08:04Z
ds000170	2019-12-13T19:13:15Z
ds000171	2025-09-14T21:25:17Z
ds000203	2019-12-13T19:17:35Z
ds000206	2020-07-22T18:07:02Z
ds000217	2020-09-24T23:21:01Z
ds000221	2024-11-16T12:05:12Z
ds000223	2019-12-13T20:34:04Z
ds000238	2019-12-13T20:37:03Z
ds000243	2025-10-04T01:43:07Z
ds000247	2024-05-10T23:47:22Z
ds000249	2020-08-25T21:15:33Z
ds000253	2019-12-13T20:58:54Z
ds000256	2019-12-13T21:03:11Z
ds000258	2025-04-05T19:01:07Z
ds001107	2019-12-13T21:24:31Z
ds001167	2019-12-13T21:36:46Z
ds001218	2019-12-13T21:41:05Z
ds001226	2026-03-31T18:36:41Z
ds001228	2019-12-13T21:48:20Z
ds001233	2019-12-13T21:51:00Z
ds001235	2019-12-13T21:54:39Z
ds001241	2020-09-24T23:24:33Z
ds001293	2019-12-13T22:05:57Z
ds001297	2019-12-13T22:13:47Z
ds001302	2019-12-13T22:18:58Z
ds001417	2020-07-22T18:31:48Z
ds001430	2019-12-13T23:17:03Z
ds001491	2019-12-13T23:23:33Z
ds002165	2019-12-13T23:33:27Z
ds002181	2019-12-13T23:34:45Z
ds002232	2025-04-07T23:15:13Z
ds002236	2024-01-19T18:49:28Z
ds002270	2019-12-14T00:07:33Z
ds002274	2019-12-14T00:08:21Z
ds002355	2019-12-14T02:21:29Z
ds002358	2019-12-15T11:02:37Z
ds002330	2020-05-22T22:35:08Z
ds002367	2019-12-18T15:57:39Z
ds002372	2019-12-19T15:02:55Z
ds002374	2019-12-19T21:12:44Z
ds002366	2021-02-12T13:50:44Z
ds002393	2020-06-19T00:21:18Z
ds002380	2020-05-22T23:20:07Z
ds002363	2020-06-18T23:41:38Z
ds002422	2021-01-10T18:09:55Z
ds001353	2021-01-25T23:56:07Z
ds002419	2020-05-22T23:29:18Z
ds002306	2020-09-10T08:23:20Z
ds002411	2020-05-22T23:25:01Z
ds002522	2020-02-05T21:12:00Z
ds002547	2020-05-23T04:31:30Z
ds002513	2020-02-14T18:46:48Z
ds002543	2020-05-22T23:42:05Z
ds002549	2020-09-25T00:31:42Z
ds002574	2020-05-23T04:45:19Z
ds002551	2020-05-23T04:43:48Z
ds002578	2022-11-02T18:02:35Z
ds002596	2020-05-23T04:47:49Z
ds002683	2020-05-23T04:57:22Z
ds002685	2026-04-22T12:08:25Z
ds002687	2025-04-24T04:47:28Z
ds002691	2023-08-16T19:47:51Z
ds002680	2026-04-22T11:57:26Z
ds002655	2020-04-10T20:41:50Z
ds002294	2020-05-22T22:01:25Z
ds002702	2020-04-14T01:52:08Z
ds002711	2020-06-19T00:25:31Z
ds002715	2020-04-17T12:43:53Z
ds002712	2020-05-23T05:04:06Z
ds002717	2020-07-15T13:10:40Z
ds002718	2025-11-18T19:42:15Z
ds002732	2020-04-24T14:49:11Z
ds002723	2023-08-16T10:40:21Z
ds002720	2020-04-24T15:47:13Z
ds002722	2026-04-05T16:44:41Z
ds002721	2025-12-26T04:41:10Z
ds002724	2020-04-24T16:06:09Z
ds002725	2026-02-10T08:02:16Z
ds002750	2020-04-28T02:00:48Z
ds002749	2020-04-28T02:26:03Z
ds002770	2020-05-23T05:56:41Z
ds002734	2020-05-04T14:06:55Z
ds002727	2020-05-05T20:40:35Z
ds002778	2025-09-30T15:18:56Z
ds002773	2020-05-06T08:08:21Z
ds002614	2020-05-08T17:02:37Z
ds002609	2020-07-29T17:21:18Z
ds002105	2020-05-10T23:15:39Z
ds002776	2020-07-13T06:03:28Z
ds002168	2025-08-26T19:50:15Z
ds002797	2020-05-16T00:09:49Z
ds002793	2020-05-17T22:21:09Z
ds002295	2020-05-18T17:18:09Z
ds002743	2020-05-19T00:04:43Z
ds002737	2020-05-19T00:25:27Z
ds002733	2020-05-19T00:37:50Z
ds002739	2025-08-28T16:48:18Z
ds002726	2020-05-19T00:49:51Z
ds002735	2020-09-24T23:09:19Z
ds002731	2020-05-19T02:23:43Z
ds002809	2020-05-23T09:44:52Z
ds002790	2022-08-01T05:44:24Z
ds002785	2020-08-17T20:37:07Z
ds002844	2020-05-25T10:49:49Z
ds002837	2025-01-17T06:50:10Z
ds002868	2021-06-15T02:03:03Z
ds002870	2021-06-15T02:03:39Z
ds002848	2024-12-02T17:25:23Z
ds002842	2020-06-01T23:40:06Z
ds002841	2020-06-01T23:46:04Z
ds001619	2020-07-13T23:34:38Z
ds002873	2021-10-16T00:44:00Z
ds001348	2020-06-08T22:54:40Z
ds002886	2021-08-09T14:37:20Z
ds002879	2023-02-13T20:50:50Z
ds002872	2020-06-19T00:07:42Z
ds002766	2020-07-30T04:39:07Z
ds002894	2020-06-17T12:02:00Z
ds002896	2020-06-17T13:40:12Z
ds002898	2020-09-08T06:40:18Z
ds002862	2020-06-22T11:57:50Z
ds002912	2020-06-23T20:18:19Z
ds002885	2020-06-24T07:31:42Z
ds002939	2020-06-25T18:17:16Z
ds002938	2020-06-26T15:33:23Z
ds002940	2020-06-26T18:22:07Z
ds002941	2020-06-29T13:43:01Z
ds002982	2020-06-29T21:54:12Z
ds002893	2023-06-26T14:06:37Z
ds002995	2021-01-25T23:38:32Z
ds003004	2023-08-16T17:41:54Z
ds003007	2026-03-03T02:22:59Z
ds002748	2025-09-23T14:20:48Z
ds002799	2024-11-23T10:04:01Z
ds001832	2022-10-27T09:20:59Z
ds003017	2021-04-01T22:17:43Z
ds003012	2021-01-18T18:39:51Z
ds002351	2020-07-16T14:28:23Z
ds002994	2020-07-17T20:59:42Z
ds002791	2020-07-17T21:24:20Z
ds002833	2020-07-20T17:52:40Z
ds003023	2020-07-20T18:26:58Z
ds002905	2020-07-21T13:22:14Z
ds002990	2020-07-30T07:18:58Z
ds001747	2020-08-06T20:43:02Z
ds003059	2020-08-07T14:29:49Z
ds003047	2020-08-07T18:06:56Z
ds000149	2020-08-11T09:58:11Z
ds001415	2020-08-12T02:58:28Z
ds003027	2021-01-29T15:56:01Z
ds003076	2021-03-21T00:06:52Z
ds003028	2020-08-14T17:09:53Z
ds002936	2020-08-20T20:37:24Z
ds003037	2021-03-02T22:19:24Z
ds003078	2020-09-02T02:39:55Z
ds003089	2020-09-02T02:48:34Z
ds003098	2020-09-02T02:51:48Z
ds003103	2020-09-02T02:55:11Z
ds003104	2026-03-13T18:17:09Z
ds003090	2020-09-02T03:31:59Z
ds003085	2020-09-02T03:51:23Z
ds003083	2021-03-23T13:22:00Z
ds003151	2021-04-06T00:44:53Z
ds003145	2020-09-23T20:07:14Z
ds003126	2021-06-10T11:49:30Z
ds003114	2020-09-23T18:24:50Z
ds003148	2020-09-23T18:49:54Z
ds003146	2020-09-23T19:23:48Z
ds003136	2020-09-23T19:33:13Z
ds002878	2024-01-19T04:38:16Z
ds003095	2020-09-30T05:34:25Z
ds003190	2020-10-06T01:18:22Z
ds003216	2023-05-25T09:26:48Z
ds003171	2024-01-19T19:49:46Z
ds003233	2022-05-05T17:35:38Z
ds003242	2020-10-07T05:04:47Z
ds003195	2020-10-13T02:53:49Z
ds003194	2020-10-13T02:55:33Z
ds003325	2020-10-14T13:24:00Z
ds003170	2020-10-16T15:27:11Z
ds003342	2020-10-21T18:34:46Z
ds003340	2022-01-30T22:35:19Z
ds003345	2021-06-09T18:57:53Z
ds003346	2026-04-17T21:16:54Z
ds003338	2021-07-11T00:50:32Z
ds003367	2025-04-07T16:57:15Z
ds003374	2022-03-14T19:32:42Z
ds003343	2021-05-05T13:15:34Z
ds003380	2022-03-14T19:35:58Z
ds003061	2022-06-13T14:27:27Z
ds003082	2020-11-30T22:13:44Z
ds001839	2020-11-30T22:23:44Z
ds001838	2020-11-30T22:51:21Z
ds001796	2022-03-09T17:58:57Z
ds002169	2022-01-30T21:53:57Z
ds001847	2020-12-01T20:17:49Z
ds002382	2020-12-01T20:46:47Z
ds002134	2020-12-01T21:04:14Z
ds003029	2025-11-27T10:12:33Z
ds003097	2026-03-17T11:56:41Z
ds002241	2020-12-03T13:03:48Z
ds003416	2021-07-21T20:14:49Z
ds003417	2021-01-20T18:38:20Z
ds001751	2024-01-19T19:16:02Z
ds001814	2020-12-04T19:20:51Z
ds002647	2020-12-04T22:34:42Z
ds002602	2020-12-04T22:50:53Z
ds002672	2020-12-04T23:08:17Z
ds002634	2020-12-18T15:50:15Z
ds002674	2021-04-01T19:43:50Z
ds001780	2020-12-05T00:00:07Z
ds002608	2020-12-05T00:08:12Z
ds002158	2020-12-05T01:07:05Z
ds003392	2021-05-18T15:35:13Z
ds003420	2020-12-13T17:41:11Z
ds003421	2020-12-13T17:42:16Z
ds003192	2020-12-14T23:18:04Z
ds002116	2020-12-10T22:19:31Z
ds003424	2026-03-30T14:04:33Z
ds002813	2020-12-16T20:59:15Z
ds003433	2020-12-17T03:47:23Z
ds003434	2020-12-17T03:47:10Z
ds003438	2020-12-18T00:59:17Z
ds003439	2020-12-18T00:59:32Z
ds003440	2020-12-18T01:09:02Z
ds003441	2020-12-18T01:11:21Z
ds003443	2020-12-18T01:22:14Z
ds003442	2020-12-18T01:22:58Z
ds003444	2020-12-18T01:44:09Z
ds003445	2020-12-18T01:44:41Z
ds003446	2020-12-18T01:45:04Z
ds003452	2021-01-04T22:40:21Z
ds003430	2021-09-13T21:09:25Z
ds003454	2021-01-29T08:36:26Z
ds003437	2025-11-18T19:46:48Z
ds003455	2021-06-04T05:46:04Z
ds003453	2025-11-18T19:59:54Z
ds003458	2021-01-04T22:50:09Z
ds003459	2021-08-09T14:49:12Z
ds003463	2021-01-15T10:40:13Z
ds003464	2021-07-27T07:59:46Z
ds003470	2024-01-19T21:50:30Z
ds003478	2026-02-06T09:48:07Z
ds003466	2021-01-19T14:33:27Z
ds003481	2026-04-07T15:03:11Z
ds003483	2021-01-24T11:21:50Z
ds003490	2021-01-27T18:31:47Z
ds003465	2024-01-19T18:03:10Z
ds003495	2021-02-01T16:52:20Z
ds002835	2021-08-19T16:54:31Z
ds003506	2021-02-05T20:28:17Z
ds003474	2026-04-15T07:53:18Z
ds003507	2023-09-20T01:45:39Z
ds003509	2021-02-08T22:53:47Z
ds003516	2025-12-10T05:36:44Z
ds003468	2023-03-07T15:54:33Z
ds003517	2021-02-15T18:16:44Z
ds003518	2021-02-16T18:49:01Z
ds003469	2021-02-17T16:55:01Z
ds003519	2021-02-17T17:22:50Z
ds003521	2022-01-25T19:46:25Z
ds003522	2021-02-19T23:10:10Z
ds003523	2021-02-22T21:30:19Z
ds003524	2021-10-18T17:07:28Z
ds003542	2021-02-23T22:17:25Z
ds003545	2021-02-24T01:29:41Z
ds003540	2021-03-20T19:22:53Z
ds003520	2021-04-08T13:59:54Z
ds003548	2026-05-02T18:08:31Z
ds003500	2026-01-01T17:38:16Z
ds001785	2021-04-28T15:30:23Z
ds003552	2021-03-03T10:50:28Z
ds003436	2021-03-04T13:05:28Z
ds003382	2024-01-20T01:18:13Z
ds003555	2021-11-20T12:31:08Z
ds003511	2021-03-08T13:58:18Z
ds003498	2021-04-14T11:04:32Z
ds003505	2025-11-09T15:14:13Z
ds003563	2021-04-08T00:49:35Z
ds003565	2021-03-14T12:36:22Z
ds003011	2021-06-02T18:43:37Z
ds003568	2021-03-18T16:32:44Z
ds003569	2021-03-18T10:53:51Z
ds003570	2022-07-19T21:10:16Z
ds002424	2021-08-09T14:33:20Z
ds003574	2021-06-07T09:57:29Z
ds003590	2021-08-03T12:49:46Z
ds002814	2021-10-16T01:02:17Z
ds000204	2022-02-16T17:21:41Z
ds002425	2025-04-08T20:28:39Z
ds000232	2022-01-30T21:38:26Z
ds002385	2025-04-08T18:57:57Z
ds002675	2022-01-30T22:33:27Z
ds002684	2022-01-30T22:23:34Z
ds002761	2024-07-26T14:56:39Z
ds003176	2025-11-30T12:42:56Z
ds003352	2022-03-30T03:11:33Z
ds003357	2022-01-30T22:26:42Z
ds003381	2022-01-30T22:27:49Z
ds003427	2022-01-30T22:28:48Z
ds003484	2025-04-09T01:50:48Z
ds003508	2025-04-09T01:12:49Z
ds002603	2022-02-16T17:55:46Z
ds002606	2022-02-16T18:17:21Z
ds002908	2022-03-30T03:39:44Z
ds003043	2024-01-20T00:18:54Z
ds003096	2024-01-20T00:23:19Z
ds001371	2022-01-30T22:12:40Z
ds001848	2022-01-30T22:31:14Z
ds001942	2021-04-01T23:52:08Z
ds002144	2024-01-19T21:44:37Z
ds002185	2021-04-01T23:49:03Z
ds002550	2022-02-16T17:36:01Z
ds002738	2022-01-30T22:24:41Z
ds002741	2022-01-30T22:34:28Z
ds003052	2025-04-08T22:41:59Z
ds003599	2021-04-05T17:09:06Z
ds003606	2021-04-10T14:50:52Z
ds003612	2025-04-09T10:40:54Z
ds003626	2025-10-31T15:06:22Z
ds003094	2021-04-17T20:27:26Z
ds003620	2024-01-19T22:32:02Z
ds003604	2021-04-27T12:15:45Z
ds001161	2021-04-26T16:05:38Z
ds003642	2025-03-31T23:34:21Z
ds003639	2021-04-30T20:38:55Z
ds003487	2021-05-02T13:38:37Z
ds003647	2021-05-07T09:37:46Z
ds002843	2021-08-19T16:59:38Z
ds003633	2022-11-23T06:50:41Z
ds003655	2023-05-31T08:25:30Z
ds003645	2025-03-15T09:10:05Z
ds003669	2021-05-29T23:15:03Z
ds003643	2025-03-19T22:39:25Z
ds003682	2021-06-06T02:29:10Z
ds003419	2021-06-09T07:49:10Z
ds003690	2021-06-10T09:04:45Z
ds003688	2022-06-23T18:03:49Z
ds003702	2021-06-18T08:51:06Z
ds003701	2021-06-24T01:52:59Z
ds003703	2021-06-23T09:49:56Z
ds003708	2021-06-23T18:56:12Z
ds003707	2021-06-25T04:08:58Z
ds003709	2021-06-28T16:46:48Z
ds003714	2021-07-01T13:54:35Z
ds003653	2025-04-24T04:47:45Z
ds003711	2021-07-02T23:27:30Z
ds003670	2023-05-15T04:23:02Z
ds003710	2022-10-24T20:01:12Z
ds003716	2021-07-13T04:41:07Z
ds003694	2021-07-13T14:18:21Z
ds003722	2021-07-14T12:47:38Z
ds003553	2021-07-19T11:34:45Z
ds003554	2021-07-19T11:38:21Z
ds003550	2021-07-19T11:39:06Z
ds003739	2026-04-20T15:15:27Z
ds003745	2024-05-21T03:00:02Z
ds003752	2021-07-30T15:12:37Z
ds003661	2021-08-02T11:23:42Z
ds003646	2021-08-06T05:28:29Z
ds003751	2021-08-15T09:20:57Z
ds003397	2026-05-29T04:30:11Z
ds003764	2024-01-19T02:40:01Z
ds003720	2021-08-11T16:17:58Z
ds003763	2024-01-19T03:00:54Z
ds003721	2021-08-17T13:47:08Z
ds003768	2025-10-26T20:30:11Z
ds003758	2021-08-18T00:00:48Z
ds003766	2024-01-20T00:43:34Z
ds003770	2024-01-19T20:28:53Z
ds003772	2021-08-20T14:09:42Z
ds003673	2024-01-19T03:00:44Z
ds003499	2021-08-23T14:43:57Z
ds003774	2023-04-05T21:09:59Z
ds003775	2025-08-01T00:56:28Z
ds003826	2025-09-09T09:53:30Z
ds003821	2021-10-21T23:18:37Z
ds003777	2021-10-21T21:35:21Z
ds003787	2021-10-22T05:14:27Z
ds003778	2021-10-21T22:46:39Z
ds003782	2021-10-21T23:40:33Z
ds003791	2026-03-31T20:21:28Z
ds003799	2025-08-28T23:14:40Z
ds003816	2024-06-14T20:55:54Z
ds003812	2021-10-22T06:37:56Z
ds003810	2021-10-22T15:43:15Z
ds003800	2021-10-22T15:44:02Z
ds003830	2021-10-22T15:50:23Z
ds003844	2024-01-09T18:49:01Z
ds003822	2021-10-22T15:52:17Z
ds003825	2021-10-22T16:34:02Z
ds003846	2025-04-09T02:11:01Z
ds003805	2021-10-22T15:57:57Z
ds003849	2026-02-11T19:21:02Z
ds003850	2021-12-06T20:18:41Z
ds003858	2021-11-02T16:55:54Z
ds003838	2024-03-05T04:17:43Z
ds003425	2026-03-24T19:35:38Z
ds003974	2026-04-07T08:18:54Z
ds003989	2022-01-11T20:28:55Z
ds003990	2022-01-12T16:04:40Z
ds003798	2022-01-14T19:46:24Z
ds003592	2022-01-18T19:36:15Z
ds003949	2022-01-19T05:06:47Z
ds004000	2022-01-20T13:46:52Z
ds004007	2022-01-24T13:32:45Z
ds004006	2022-01-24T13:32:56Z
ds003947	2025-04-07T17:05:00Z
ds003944	2025-04-07T17:04:57Z
ds004009	2022-01-25T10:54:20Z
ds004010	2022-01-26T19:34:44Z
ds003020	2026-06-01T20:17:35Z
ds003987	2022-02-01T20:21:08Z
ds003967	2022-02-03T02:44:50Z
ds003972	2022-02-03T02:48:00Z
ds003950	2022-02-03T02:52:38Z
ds003969	2022-02-03T02:53:04Z
ds003959	2022-02-03T02:54:27Z
ds004011	2025-04-07T17:05:49Z
ds003988	2022-02-08T12:36:29Z
ds004018	2022-02-18T12:40:57Z
ds004019	2023-09-14T09:20:46Z
ds004024	2025-04-07T17:06:02Z
ds004022	2024-10-14T07:15:09Z
ds004038	2022-02-22T04:05:01Z
ds004040	2022-02-24T03:20:26Z
ds004043	2022-02-25T03:17:53Z
ds003965	2022-03-01T13:24:11Z
ds003831	2026-04-20T14:28:25Z
ds004044	2025-04-07T17:08:55Z
ds004056	2022-03-09T15:34:02Z
ds003993	2025-08-26T19:51:12Z
ds004067	2022-03-13T21:32:39Z
ds004021	2025-10-04T01:57:02Z
ds004075	2022-03-18T01:49:07Z
ds004015	2022-08-01T14:50:08Z
ds004092	2022-03-31T11:19:59Z
ds004073	2026-04-23T08:39:28Z
ds003401	2022-04-01T13:04:29Z
ds004091	2025-10-15T12:01:08Z
ds003717	2023-08-15T18:35:50Z
ds004042	2022-04-07T21:13:26Z
ds003929	2022-04-08T17:21:56Z
ds004078	2023-10-08T05:15:42Z
ds003696	2022-04-13T05:24:39Z
ds004033	2022-04-14T17:42:03Z
ds004101	2022-04-18T09:07:43Z
ds004102	2023-04-06T10:49:24Z
ds004097	2022-04-19T14:10:14Z
ds004107	2022-04-22T19:51:16Z
ds004109	2022-04-26T12:50:18Z
ds004116	2022-04-28T09:34:22Z
ds004114	2022-04-28T09:34:37Z
ds003823	2025-12-12T01:43:07Z
ds004106	2022-04-29T20:29:37Z
ds003922	2022-05-02T14:15:09Z
ds004121	2022-05-04T22:55:55Z
ds004123	2022-05-04T22:56:28Z
ds004122	2022-05-04T22:57:02Z
ds004120	2022-05-04T22:57:36Z
ds004119	2022-05-04T22:58:02Z
ds004118	2022-05-04T22:58:27Z
ds004105	2022-05-05T13:49:37Z
ds004086	2022-05-05T16:20:02Z
ds003039	2025-04-08T22:24:21Z
ds004094	2022-05-20T17:38:47Z
ds003404	2025-08-25T18:22:01Z
ds001379	2022-05-24T13:14:48Z
ds004128	2022-05-24T23:11:44Z
ds004103	2025-06-21T15:07:25Z
ds004134	2024-11-17T00:22:21Z
ds004141	2025-05-03T10:55:06Z
ds004146	2025-07-07T13:16:47Z
ds004129	2022-06-04T15:38:41Z
ds004144	2022-06-06T15:56:25Z
ds004147	2024-01-24T19:14:27Z
ds004131	2022-06-09T13:10:03Z
ds004130	2022-06-09T13:11:49Z
ds004148	2025-08-10T18:39:43Z
ds004142	2022-06-13T14:22:11Z
ds004152	2022-06-14T15:45:21Z
ds004151	2023-09-14T09:19:07Z
ds004158	2026-01-16T21:36:27Z
ds004161	2022-06-15T16:19:51Z
ds003848	2024-10-17T14:55:41Z
ds004117	2022-06-16T23:23:13Z
ds004166	2022-06-17T10:33:07Z
ds004169	2023-03-31T00:23:15Z
ds004068	2022-06-24T12:05:21Z
ds003999	2022-06-29T10:38:02Z
ds004065	2022-07-01T14:31:31Z
ds004187	2023-07-06T14:06:04Z
ds004194	2025-04-01T10:26:07Z
ds003789	2025-08-25T06:35:42Z
ds004200	2025-10-27T07:42:19Z
ds004186	2026-04-30T16:37:48Z
ds004217	2022-07-20T21:23:24Z
ds004219	2022-07-21T17:59:54Z
ds004226	2022-07-21T21:28:18Z
ds003354	2022-07-25T07:03:34Z
ds003602	2022-11-28T13:01:05Z
ds004228	2022-08-01T17:47:06Z
ds004229	2023-11-03T18:30:55Z
ds004230	2025-04-07T17:08:52Z
ds003876	2022-08-04T18:02:16Z
ds004215	2024-11-27T16:26:50Z
ds004081	2022-08-10T10:38:47Z
ds002643	2022-08-15T09:58:07Z
ds004252	2026-04-15T04:55:36Z
ds004145	2022-08-19T09:33:59Z
ds004254	2022-08-22T09:51:13Z
ds004127	2022-08-22T18:08:03Z
ds003836	2022-08-30T10:18:35Z
ds004259	2022-09-01T14:14:03Z
ds004256	2022-09-07T01:11:07Z
ds004262	2022-09-08T19:59:22Z
ds004264	2022-09-13T14:57:13Z
ds004265	2025-03-06T04:22:15Z
ds002989	2022-09-18T02:09:38Z
ds004100	2025-10-16T10:57:47Z
ds004278	2022-09-26T16:19:38Z
ds004280	2022-09-27T16:45:55Z
ds004283	2022-09-30T15:57:20Z
ds004173	2026-02-10T18:30:11Z
ds004276	2022-10-07T15:21:25Z
ds004213	2025-11-06T01:42:35Z
ds003659	2022-10-13T13:49:53Z
ds004295	2023-05-14T02:17:21Z
ds004301	2023-04-05T11:23:57Z
ds004299	2022-10-21T17:42:00Z
ds003638	2022-10-21T21:16:09Z
ds003753	2022-10-24T20:06:46Z
ds003801	2022-10-24T20:20:22Z
ds003885	2022-10-24T20:28:00Z
ds003887	2022-10-24T20:34:10Z
ds004315	2022-10-27T05:11:07Z
ds004317	2022-10-27T16:57:57Z
ds004302	2025-12-31T11:40:14Z
ds004286	2022-11-04T19:29:45Z
ds004330	2022-11-08T11:21:59Z
ds004331	2022-11-08T13:37:55Z
ds004332	2026-01-20T12:11:34Z
ds004339	2022-11-25T15:13:45Z
ds004347	2022-11-28T17:09:00Z
ds004346	2026-01-26T08:46:49Z
ds004348	2026-03-25T08:58:45Z
ds004349	2023-03-14T07:34:11Z
ds004350	2025-02-07T16:56:44Z
ds004359	2022-12-10T08:29:41Z
ds004356	2024-01-18T17:43:15Z
ds002979	2022-12-13T10:15:00Z
ds004367	2022-12-15T12:45:32Z
ds004368	2023-01-31T22:09:26Z
ds004362	2024-05-24T09:17:16Z
ds004192	2025-04-09T16:40:28Z
ds004212	2025-12-24T10:22:07Z
ds004285	2023-01-12T15:42:30Z
ds004401	2023-07-18T20:20:44Z
ds004393	2023-01-16T18:34:15Z
ds004392	2026-03-25T23:00:22Z
ds004400	2023-01-18T19:00:13Z
ds004408	2025-10-28T11:05:00Z
ds004398	2023-01-23T14:29:45Z
ds004440	2023-03-16T08:04:23Z
ds004306	2024-07-22T15:36:37Z
ds004441	2023-01-25T08:53:24Z
ds004444	2023-07-20T11:43:31Z
ds004446	2023-07-20T11:43:27Z
ds004447	2023-07-20T11:43:58Z
ds004448	2023-07-20T11:44:00Z
ds004443	2023-09-13T12:07:35Z
ds004455	2023-09-24T21:53:28Z
ds004406	2023-01-30T15:39:08Z
ds004456	2025-07-14T08:37:12Z
ds004458	2025-03-08T22:04:18Z
ds004460	2024-02-08T15:04:00Z
ds004369	2023-02-06T14:16:29Z
ds004466	2025-04-23T16:14:26Z
ds004470	2024-08-14T02:33:26Z
ds004471	2023-05-04T14:53:55Z
ds004473	2023-02-08T00:48:03Z
ds004477	2023-10-29T23:25:26Z
ds004489	2024-06-23T01:50:51Z
ds004199	2026-02-05T11:47:05Z
ds004498	2023-02-15T16:40:33Z
ds004502	2023-02-16T23:40:29Z
ds004504	2026-05-29T10:35:17Z
ds004312	2023-02-19T05:52:33Z
ds004450	2023-02-20T14:06:27Z
ds004496	2023-07-07T05:51:23Z
ds004509	2023-02-22T08:50:36Z
ds004510	2023-05-01T15:26:12Z
ds004080	2023-02-23T19:33:55Z
ds004511	2023-06-01T11:48:08Z
ds004493	2023-03-03T14:39:17Z
ds004484	2023-03-03T15:16:07Z
ds004478	2023-03-03T15:16:38Z
ds004519	2023-03-04T01:33:58Z
ds004488	2026-04-07T14:11:16Z
ds004520	2023-03-06T17:31:35Z
ds004516	2025-06-06T17:51:43Z
ds004521	2023-03-07T18:35:45Z
ds004507	2025-03-13T19:36:41Z
ds004360	2023-03-11T11:10:32Z
ds004529	2023-03-13T21:15:19Z
ds004513	2026-01-30T08:11:47Z
ds004532	2023-05-15T16:20:49Z
ds004017	2023-03-17T15:10:58Z
ds004539	2025-04-29T10:14:16Z
ds004261	2025-04-09T17:01:14Z
ds003691	2023-03-24T15:01:13Z
ds004505	2023-03-30T17:20:18Z
ds004544	2023-03-30T20:34:59Z
ds004381	2024-10-29T11:49:44Z
ds004465	2023-04-07T00:39:03Z
ds004551	2023-04-07T11:11:30Z
ds004552	2023-04-19T15:45:23Z
ds004271	2023-04-20T12:16:14Z
ds004553	2023-04-20T11:41:55Z
ds004554	2023-04-21T16:20:00Z
ds004556	2023-04-24T14:55:24Z
ds004557	2023-04-24T15:04:09Z
ds004357	2023-04-26T07:10:26Z
ds004560	2023-04-28T07:54:32Z
ds004196	2023-05-23T08:00:14Z
ds004386	2023-05-04T21:31:30Z
ds004561	2023-05-04T01:13:52Z
ds004564	2023-05-16T17:09:56Z
ds004457	2024-11-03T13:24:07Z
ds004574	2023-05-24T17:16:19Z
ds004572	2026-05-14T02:08:39Z
ds004577	2023-05-25T16:12:00Z
ds004579	2025-11-21T14:19:03Z
ds004580	2023-05-25T17:09:15Z
ds004395	2024-10-24T20:15:36Z
ds004588	2026-04-16T14:51:36Z
ds004590	2023-06-02T13:13:17Z
ds004584	2023-06-07T21:29:20Z
ds004515	2024-12-02T09:57:46Z
ds004603	2023-06-13T03:22:52Z
ds004597	2023-06-13T14:25:02Z
ds004284	2023-06-13T21:16:31Z
ds004305	2024-07-24T08:56:43Z
ds004592	2023-06-16T20:17:33Z
ds004620	2026-05-14T12:19:21Z
ds004624	2025-06-14T08:31:25Z
ds004563	2023-07-05T00:22:04Z
ds004598	2023-07-06T12:13:16Z
ds004483	2023-07-07T16:31:18Z
ds004482	2023-07-07T16:58:06Z
ds004627	2026-03-17T16:31:41Z
ds004631	2023-07-10T18:22:31Z
ds004327	2023-08-08T00:02:55Z
ds004632	2023-07-11T14:57:44Z
ds004635	2025-04-09T19:38:41Z
ds004640	2026-04-09T21:55:51Z
ds004616	2024-09-04T01:10:02Z
ds004644	2023-07-21T05:48:55Z
ds004645	2024-09-06T10:09:54Z
ds004602	2026-05-22T14:13:59Z
ds004647	2023-07-27T08:56:42Z
ds004595	2023-07-28T16:05:03Z
ds004642	2023-07-31T08:41:10Z
ds004650	2023-07-31T13:37:54Z
ds004648	2023-07-31T16:40:51Z
ds004475	2023-07-31T22:22:04Z
ds004341	2023-08-01T10:25:23Z
ds004279	2024-11-29T15:37:28Z
ds004656	2023-08-04T21:29:37Z
ds004657	2023-08-05T03:34:47Z
ds004660	2023-08-05T17:01:23Z
ds004661	2024-09-06T14:53:50Z
ds004662	2023-08-06T18:14:26Z
ds004626	2023-08-12T08:03:10Z
ds004604	2024-09-10T10:58:16Z
ds004533	2023-08-12T21:18:03Z
ds004692	2023-08-15T20:44:56Z
ds004698	2025-04-04T02:32:49Z
ds004693	2024-07-13T13:16:30Z
ds004696	2023-08-16T14:09:16Z
ds004697	2023-12-04T20:04:32Z
ds004589	2023-08-16T21:54:03Z
ds004663	2025-03-20T18:56:38Z
ds004703	2023-08-18T14:38:04Z
ds004711	2023-08-23T09:23:02Z
ds004706	2023-08-24T02:01:50Z
ds004469	2026-02-14T21:16:15Z
ds004717	2023-08-26T06:15:01Z
ds004720	2023-08-28T04:17:04Z
ds004738	2023-09-03T10:44:35Z
ds004742	2023-09-06T07:24:43Z
ds004744	2023-09-07T08:41:37Z
ds004743	2023-09-07T13:08:57Z
ds004725	2026-04-20T17:13:35Z
ds004745	2023-09-08T14:15:10Z
ds004737	2024-06-26T19:28:34Z
ds004562	2023-09-13T08:32:33Z
ds004752	2025-11-27T08:56:47Z
ds004324	2023-09-14T07:39:41Z
ds004467	2023-09-14T14:40:00Z
ds004767	2023-09-18T01:18:11Z
ds004746	2023-09-27T13:40:58Z
ds004594	2023-09-20T16:58:09Z
ds004670	2025-06-19T10:15:42Z
ds004770	2023-09-22T19:58:42Z
ds004771	2024-09-20T08:42:16Z
ds004775	2023-09-25T20:45:46Z
ds004710	2026-01-23T06:51:05Z
ds004636	2024-05-20T18:53:21Z
ds004776	2026-04-11T01:27:48Z
ds004785	2023-10-02T14:00:32Z
ds004786	2026-04-20T13:25:16Z
ds004787	2025-04-07T17:10:31Z
ds004789	2025-04-07T17:11:14Z
ds004621	2026-03-23T16:48:15Z
ds004798	2026-02-21T01:41:47Z
ds004808	2023-10-18T11:15:05Z
ds004802	2023-10-19T11:11:09Z
ds004809	2025-12-29T01:58:51Z
ds004542	2023-10-20T20:58:57Z
ds004791	2023-10-24T12:55:34Z
ds004817	2023-10-26T00:13:13Z
ds004816	2023-10-26T00:11:58Z
ds004819	2023-10-26T00:07:46Z
ds004815	2025-07-24T11:35:37Z
ds004814	2023-10-26T14:57:53Z
ds004783	2023-10-26T15:19:58Z
ds004830	2026-02-27T13:56:35Z
ds004718	2025-10-14T01:09:54Z
ds004835	2023-10-30T09:28:02Z
ds004829	2026-04-19T09:59:50Z
ds004837	2025-05-27T15:42:10Z
ds004569	2025-09-05T13:48:02Z
ds004274	2023-11-06T09:38:10Z
ds003138	2023-11-06T11:05:51Z
ds004715	2023-11-09T18:44:41Z
ds004712	2025-03-10T11:18:23Z
ds004840	2026-04-21T15:34:00Z
ds004841	2023-11-13T18:07:53Z
ds004842	2023-11-13T18:23:51Z
ds004843	2023-11-13T19:08:45Z
ds004844	2023-11-13T19:35:57Z
ds004849	2023-11-14T15:37:20Z
ds004850	2023-11-14T15:37:23Z
ds004851	2025-04-10T17:03:33Z
ds004852	2023-11-14T15:37:32Z
ds004853	2023-11-14T15:37:39Z
ds004854	2023-11-14T15:37:42Z
ds004855	2024-06-13T19:14:27Z
ds004848	2024-07-23T18:39:00Z
ds004859	2023-11-23T04:14:00Z
ds004860	2023-11-23T17:54:48Z
ds004865	2024-05-10T23:47:54Z
ds004866	2023-11-30T01:58:41Z
ds004495	2025-04-09T12:24:26Z
ds004666	2026-01-25T11:28:45Z
ds004902	2025-04-27T16:48:42Z
ds004784	2025-02-25T21:41:43Z
ds004889	2026-04-30T16:36:56Z
ds004884	2024-10-17T18:34:16Z
ds004883	2023-12-21T13:43:40Z
ds004012	2023-12-21T17:42:35Z
ds004654	2023-12-21T23:47:11Z
ds004730	2023-12-21T22:29:23Z
ds004731	2023-12-21T23:47:07Z
ds004733	2026-05-20T16:37:39Z
ds004906	2024-01-16T14:49:49Z
ds004909	2024-01-04T01:08:24Z
ds004913	2024-01-04T19:56:22Z
ds004499	2026-02-05T20:49:52Z
ds004920	2024-01-05T15:18:07Z
ds004926	2024-01-11T18:29:08Z
ds004910	2024-01-09T04:01:04Z
ds004934	2024-01-17T21:40:20Z
ds003834	2024-01-19T18:13:14Z
ds002620	2024-01-19T19:06:47Z
ds003872	2026-01-08T19:37:04Z
ds003835	2024-01-19T20:16:44Z
ds003684	2024-01-19T20:28:09Z
ds004935	2024-11-27T16:34:25Z
ds003928	2024-01-19T22:52:10Z
ds003871	2026-03-24T20:52:13Z
ds003851	2024-01-19T23:00:50Z
ds003715	2024-01-20T00:47:34Z
ds004937	2024-01-20T17:44:24Z
ds004943	2024-01-25T15:15:05Z
ds004944	2024-01-30T13:53:38Z
ds004625	2024-02-03T05:25:01Z
ds004946	2024-02-04T08:48:34Z
ds004795	2024-02-06T08:14:49Z
ds004945	2024-02-06T14:55:31Z
ds004630	2025-04-09T19:15:46Z
ds004894	2024-02-08T02:12:32Z
ds004952	2026-04-21T12:43:33Z
ds004959	2026-02-14T21:17:36Z
ds004956	2024-02-12T14:48:55Z
ds004951	2024-02-12T14:52:51Z
ds004962	2024-02-12T21:22:42Z
ds004958	2024-02-12T22:44:13Z
ds004973	2025-07-21T04:00:18Z
ds004796	2026-05-17T18:24:56Z
ds004942	2024-02-23T14:03:04Z
ds004993	2024-02-26T01:22:57Z
ds004872	2024-02-26T13:31:38Z
ds004892	2025-02-20T01:01:03Z
ds004995	2024-02-28T06:00:31Z
ds004996	2025-04-10T17:42:24Z
ds005003	2025-02-22T02:50:30Z
ds004370	2024-03-05T16:40:07Z
ds004605	2024-03-06T02:56:07Z
ds004965	2024-03-06T12:30:25Z
ds004998	2024-09-09T08:26:42Z
ds005007	2024-03-07T19:28:56Z
ds005012	2024-08-13T21:19:47Z
ds005021	2024-03-11T01:06:07Z
ds005026	2024-03-11T17:08:43Z
ds005027	2024-08-13T20:56:00Z
ds005016	2025-09-18T12:34:53Z
ds005017	2025-03-01T20:26:42Z
ds004581	2024-03-17T08:05:57Z
ds005050	2024-03-20T14:41:08Z
ds005034	2024-03-20T19:22:01Z
ds005038	2024-03-21T16:38:48Z
ds005040	2024-12-04T22:50:34Z
ds005028	2025-04-14T03:07:25Z
ds004765	2024-03-25T08:52:13Z
ds005048	2026-04-13T13:28:00Z
ds005059	2025-04-07T17:12:29Z
ds005069	2024-04-07T06:24:43Z
ds005072	2024-04-07T06:54:14Z
ds005063	2026-03-20T16:17:03Z
ds005065	2024-04-09T17:25:21Z
ds005077	2024-05-16T12:53:26Z
ds005079	2024-07-01T21:24:04Z
ds005083	2024-04-10T22:13:02Z
ds005047	2025-04-10T18:22:13Z
ds005085	2024-04-11T18:40:07Z
ds004182	2024-04-12T11:30:02Z
ds005073	2024-04-12T13:28:46Z
ds005025	2024-11-02T20:32:23Z
ds004797	2024-04-13T02:43:00Z
ds004611	2024-05-10T23:47:03Z
ds005009	2024-04-15T17:09:17Z
ds004869	2026-05-20T21:25:00Z
ds005089	2024-04-18T09:33:47Z
ds005093	2024-05-10T23:49:56Z
ds004868	2025-01-10T18:16:10Z
ds005088	2024-05-10T23:49:25Z
ds005095	2026-03-25T16:02:09Z
ds005096	2026-04-30T03:34:55Z
ds005106	2025-03-05T22:48:19Z
ds005114	2024-05-10T23:46:34Z
ds005115	2024-10-22T15:51:30Z
ds005118	2024-05-10T23:44:06Z
ds005121	2024-05-10T23:43:55Z
ds005125	2024-05-10T23:43:36Z
ds004125	2024-05-10T23:43:00Z
ds005126	2024-09-05T01:05:03Z
ds005131	2024-07-28T15:28:24Z
ds004977	2024-05-13T18:02:19Z
ds005123	2024-08-10T19:04:16Z
ds005138	2024-05-21T01:58:00Z
ds005139	2024-05-16T11:42:55Z
ds005148	2024-05-17T13:28:41Z
ds005169	2024-05-22T11:13:38Z
ds004917	2025-08-23T13:59:06Z
ds005170	2025-12-11T03:51:12Z
ds005189	2024-06-16T15:24:21Z
ds005191	2024-05-29T16:38:20Z
ds005056	2024-05-29T18:09:39Z
ds005194	2024-05-29T18:30:58Z
ds005207	2026-03-06T10:06:30Z
ds004957	2024-07-24T05:54:08Z
ds004928	2024-06-03T10:29:46Z
ds005233	2024-06-05T15:22:09Z
ds004582	2024-06-05T16:48:02Z
ds005165	2024-10-24T12:18:04Z
ds005234	2026-01-27T01:57:34Z
ds005216	2025-11-29T02:58:33Z
ds005215	2026-01-06T04:54:48Z
ds005241	2024-06-14T15:51:01Z
ds005143	2025-01-28T03:56:16Z
ds003814	2024-06-14T22:32:50Z
ds005262	2025-07-28T23:13:05Z
ds005237	2026-05-15T19:42:14Z
ds005263	2026-05-05T23:57:44Z
ds005264	2026-03-24T20:05:04Z
ds005265	2024-06-20T07:10:22Z
ds005266	2024-06-20T07:22:06Z
ds005267	2024-06-21T07:24:38Z
ds005230	2024-06-21T14:24:46Z
ds005270	2024-06-21T20:34:02Z
ds005273	2024-06-22T16:58:46Z
ds005258	2024-08-01T17:09:52Z
ds005279	2024-07-03T20:28:04Z
ds005107	2026-04-01T18:24:19Z
ds004587	2024-06-28T13:03:23Z
ds005296	2026-03-11T05:52:11Z
ds005299	2025-10-20T22:21:03Z
ds005239	2024-07-02T17:36:02Z
ds004980	2024-07-03T13:20:14Z
ds005304	2024-12-12T14:54:56Z
ds005305	2024-07-04T08:32:23Z
ds005274	2024-07-07T09:39:42Z
ds005342	2026-05-01T10:14:53Z
ds005134	2024-07-15T20:30:46Z
ds005355	2024-07-17T17:32:30Z
ds005357	2026-03-16T11:09:40Z
ds005360	2025-04-09T23:15:03Z
ds003676	2025-02-26T07:42:27Z
ds005364	2025-12-22T20:28:04Z
ds005365	2024-07-24T15:39:29Z
ds005375	2024-07-26T09:02:30Z
ds005374	2024-07-27T12:10:31Z
ds005363	2024-07-27T11:30:56Z
ds005383	2024-07-30T05:11:39Z
ds005366	2026-02-01T12:04:26Z
ds005385	2026-01-21T02:08:24Z
ds005397	2026-01-21T05:35:43Z
ds005402	2024-08-06T11:16:16Z
ds005075	2024-08-06T16:26:54Z
ds005403	2024-08-06T18:19:43Z
ds005371	2025-12-08T15:50:39Z
ds005127	2026-01-16T18:02:59Z
ds004054	2024-08-08T14:52:26Z
ds005406	2024-08-12T10:07:35Z
ds005236	2024-08-13T09:05:51Z
ds005411	2024-08-14T15:58:30Z
ds005398	2026-03-24T17:01:58Z
ds005412	2024-08-15T05:25:29Z
ds004388	2024-08-15T14:31:51Z
ds004389	2024-08-15T12:13:26Z
ds005307	2024-08-15T14:43:28Z
ds004856	2025-07-10T16:40:15Z
ds005418	2024-08-21T12:33:44Z
ds005422	2025-11-29T12:30:46Z
ds005427	2024-08-25T12:30:24Z
ds005410	2024-08-26T14:01:05Z
ds005420	2024-09-04T07:05:56Z
ds005443	2024-09-05T21:34:38Z
ds005238	2024-08-30T14:00:02Z
ds005454	2024-09-05T13:10:30Z
ds005455	2025-06-01T08:39:58Z
ds005449	2024-09-17T17:10:49Z
ds005450	2025-04-10T19:58:07Z
ds005464	2024-09-24T15:43:35Z
ds005467	2024-09-07T01:29:31Z
ds005186	2024-09-08T11:40:37Z
ds005479	2025-10-09T12:06:57Z
ds005489	2024-09-17T23:15:52Z
ds005491	2024-09-16T23:37:45Z
ds005492	2026-03-16T11:10:38Z
ds005494	2024-09-25T15:44:47Z
ds005503	2025-06-25T10:09:07Z
ds005497	2024-09-20T21:15:40Z
ds005496	2024-09-20T21:13:21Z
ds004323	2026-05-21T22:12:43Z
ds005504	2026-03-23T22:36:04Z
ds005520	2025-05-16T14:05:20Z
ds005522	2024-09-24T18:27:42Z
ds005523	2024-10-02T03:19:02Z
ds005529	2024-09-25T08:39:55Z
ds005469	2024-09-25T12:42:07Z
ds005429	2025-02-23T07:51:50Z
ds005295	2024-10-18T21:31:04Z
ds005530	2025-06-10T21:44:31Z
ds005518	2024-10-17T22:32:07Z
ds005534	2024-09-27T09:22:50Z
ds005386	2024-09-28T08:54:44Z
ds005498	2025-03-06T01:27:20Z
ds005533	2026-04-02T20:25:14Z
ds005525	2025-07-15T21:08:44Z
ds005555	2026-03-31T05:52:49Z
ds005531	2024-11-03T09:48:45Z
ds005505	2025-03-07T21:59:16Z
ds005506	2025-03-11T02:12:59Z
ds005507	2025-03-11T02:27:12Z
ds005508	2025-03-11T02:33:42Z
ds005509	2025-03-11T02:39:10Z
ds005510	2025-03-11T02:42:26Z
ds005512	2025-03-11T02:53:41Z
ds005514	2025-10-22T13:00:10Z
ds005511	2025-03-11T03:01:03Z
ds005557	2024-10-06T05:01:26Z
ds005558	2024-10-06T04:48:01Z
ds005540	2026-02-28T13:20:32Z
ds005486	2025-03-01T17:17:28Z
ds005261	2025-05-12T07:28:14Z
ds005559	2026-01-23T09:40:25Z
ds005565	2024-10-17T20:57:36Z
ds005573	2024-10-15T14:21:25Z
ds005481	2025-04-11T17:16:45Z
ds005545	2025-04-23T16:00:20Z
ds005472	2024-10-22T23:15:39Z
ds005576	2024-10-23T00:17:31Z
ds005588	2025-10-27T15:38:01Z
ds005586	2024-11-02T10:49:22Z
ds005597	2024-10-25T01:03:36Z
ds005415	2024-10-25T13:26:29Z
ds005595	2024-10-25T17:59:40Z
ds005571	2024-11-11T14:36:01Z
ds005589	2026-01-21T05:38:00Z
ds005600	2024-10-26T23:17:59Z
ds005090	2024-10-27T14:22:36Z
ds005596	2024-11-07T16:54:38Z
ds005602	2026-04-27T19:48:46Z
ds005603	2024-10-28T14:13:50Z
ds005604	2024-10-30T07:35:13Z
ds005605	2024-11-04T19:00:06Z
ds005616	2025-11-23T07:33:04Z
ds005620	2024-11-06T17:30:00Z
ds005624	2024-11-07T20:25:55Z
ds005619	2025-03-10T11:31:56Z
ds005594	2024-11-12T09:42:43Z
ds005581	2024-11-11T23:52:26Z
ds005598	2025-11-05T22:34:55Z
ds005381	2025-10-04T02:33:58Z
ds005628	2024-11-14T18:29:07Z
ds005087	2025-04-10T17:54:03Z
ds005128	2024-11-15T16:17:32Z
ds005630	2024-11-18T18:38:08Z
ds005635	2024-11-20T03:17:02Z
ds005636	2024-11-20T03:10:58Z
ds005468	2024-11-26T02:27:20Z
ds005613	2025-07-25T01:35:29Z
ds005340	2024-11-23T00:02:07Z
ds005226	2025-05-15T14:55:17Z
ds005639	2024-11-27T02:57:27Z
ds005670	2024-11-29T06:12:41Z
ds005691	2024-12-03T09:24:30Z
ds005688	2024-12-03T14:57:59Z
ds005672	2024-12-04T15:13:41Z
ds005692	2024-12-04T16:54:58Z
ds005697	2024-12-10T01:54:10Z
ds005700	2025-11-13T08:57:57Z
ds005625	2024-12-08T09:04:59Z
ds005704	2024-12-09T19:47:02Z
ds004873	2026-04-07T15:27:26Z
ds005684	2026-04-14T04:15:37Z
ds005687	2024-12-11T11:08:44Z
ds005699	2024-12-11T13:01:45Z
ds005713	2026-04-07T03:31:21Z
ds005416	2024-12-17T01:15:03Z
ds005572	2025-07-24T06:55:35Z
ds005731	2024-12-19T19:19:29Z
ds005747	2025-04-11T15:39:54Z
ds005776	2025-07-09T17:05:39Z
ds005777	2025-07-09T16:25:25Z
ds005779	2025-01-02T20:56:48Z
ds005783	2025-01-02T21:29:25Z
ds005577	2025-12-22T20:32:00Z
ds005574	2025-12-02T07:54:35Z
ds005623	2025-04-07T17:15:03Z
ds005733	2025-01-11T03:22:33Z
ds005815	2025-06-17T11:32:47Z
ds005811	2026-03-21T02:15:11Z
ds005356	2025-03-06T16:11:37Z
ds005849	2025-01-24T09:11:50Z
ds005345	2025-04-17T07:55:08Z
ds005850	2025-01-17T14:23:45Z
ds005863	2025-03-14T03:20:31Z
ds005810	2026-03-12T07:56:18Z
ds005866	2025-01-21T22:05:55Z
ds005868	2025-01-22T00:17:49Z
ds005876	2025-01-23T20:54:21Z
ds005874	2025-09-17T04:22:42Z
ds005880	2025-10-31T12:21:30Z
ds005839	2025-01-27T16:43:02Z
ds005185	2025-11-05T14:00:08Z
ds005178	2025-03-04T05:55:13Z
ds005891	2025-01-30T02:31:57Z
ds005717	2025-01-30T04:32:31Z
ds005882	2025-02-02T11:47:57Z
ds005873	2026-05-25T19:33:22Z
ds005851	2026-04-21T13:09:34Z
ds005795	2025-07-23T10:53:39Z
ds005899	2026-05-26T05:48:06Z
ds005754	2025-02-05T11:33:54Z
ds005883	2026-05-12T01:15:50Z
ds005884	2025-11-28T13:27:08Z
ds005895	2025-02-05T08:43:11Z
ds005203	2025-02-05T20:30:19Z
ds005903	2025-02-06T17:23:24Z
ds005405	2026-05-08T18:52:12Z
ds005907	2025-02-12T16:12:17Z
ds005920	2025-04-07T07:24:22Z
ds005521	2025-02-14T19:35:40Z
ds005926	2026-03-25T15:00:55Z
ds005927	2025-02-14T21:01:14Z
ds005929	2025-07-09T15:20:21Z
ds004774	2025-02-19T10:58:30Z
ds005935	2025-02-19T20:37:56Z
ds005752	2025-11-10T05:26:50Z
ds005917	2026-03-13T16:35:44Z
ds005946	2025-02-27T14:47:02Z
ds005343	2025-02-27T15:31:12Z
ds004514	2026-03-05T16:50:06Z
ds004517	2025-04-03T23:41:57Z
ds005953	2025-03-03T17:01:58Z
ds005329	2025-08-13T07:53:14Z
ds005516	2025-03-11T03:05:00Z
ds005515	2025-03-11T03:02:22Z
ds002312	2025-03-06T19:53:40Z
ds005963	2025-03-06T19:40:13Z
ds005964	2025-03-06T19:41:15Z
ds005931	2025-03-06T23:22:57Z
ds005256	2025-11-24T18:54:36Z
ds005664	2025-03-14T23:13:11Z
ds005978	2025-04-22T15:16:45Z
ds005980	2025-04-10T18:07:42Z
ds005875	2025-03-21T07:42:43Z
ds006001	2025-09-19T08:02:08Z
ds005960	2025-03-13T15:22:29Z
ds006005	2025-03-13T15:32:48Z
ds006010	2025-03-14T17:04:20Z
ds006012	2025-03-14T17:05:25Z
ds006018	2025-05-22T18:34:12Z
ds005431	2026-03-18T06:30:27Z
ds006033	2025-05-08T09:02:15Z
ds006035	2025-03-21T19:08:18Z
ds006036	2026-03-31T20:07:14Z
ds006039	2025-05-27T19:54:25Z
ds006040	2026-03-16T02:36:01Z
ds005901	2025-03-27T17:10:59Z
ds005896	2025-03-27T18:49:37Z
ds006071	2025-03-28T08:41:57Z
ds006072	2026-02-18T22:33:59Z
ds005166	2026-04-21T18:54:00Z
ds006065	2026-02-14T20:10:22Z
ds005857	2025-04-02T20:31:23Z
ds005346	2025-12-18T13:15:52Z
ds005892	2026-02-24T17:59:26Z
ds006092	2025-04-04T15:40:55Z
ds005894	2025-04-08T02:23:07Z
ds006104	2025-11-05T07:14:01Z
ds006105	2025-10-24T23:20:40Z
ds006107	2025-04-09T07:19:55Z
ds005341	2025-04-09T16:37:21Z
ds003358	2025-04-10T19:33:08Z
ds003877	2026-03-23T22:37:25Z
ds003892	2025-04-10T19:41:46Z
ds003900	2025-04-10T19:43:36Z
ds003927	2025-11-10T08:57:07Z
ds005737	2025-04-10T19:49:33Z
ds005648	2026-03-30T15:22:55Z
ds005460	2025-04-14T14:06:59Z
ds006123	2026-04-04T06:02:30Z
ds004669	2025-06-16T04:51:42Z
ds006126	2025-04-17T00:57:44Z
ds005413	2025-04-17T07:15:03Z
ds006156	2025-05-12T16:19:00Z
ds006145	2025-04-24T07:24:13Z
ds006171	2025-04-24T14:28:26Z
ds006179	2025-04-24T21:42:38Z
ds006111	2025-06-06T18:01:14Z
ds006181	2025-04-28T18:13:25Z
ds006187	2025-05-20T17:11:02Z
ds006193	2025-04-30T19:42:03Z
ds006207	2025-05-06T19:12:29Z
ds005947	2025-05-07T05:51:03Z
ds006209	2025-05-07T13:02:18Z
ds006095	2025-05-07T18:17:04Z
ds006211	2025-05-07T18:16:20Z
ds006206	2025-11-04T18:59:20Z
ds006128	2026-03-12T16:16:10Z
ds006224	2025-05-13T19:43:45Z
ds006218	2025-05-14T18:14:05Z
ds006239	2026-05-05T17:09:34Z
ds006192	2025-05-14T17:20:20Z
ds006191	2025-05-14T16:05:30Z
ds006189	2025-05-14T16:13:21Z
ds006190	2025-05-14T16:44:40Z
ds006188	2025-05-14T16:16:15Z
ds006185	2026-03-11T22:09:22Z
ds006184	2026-02-10T17:35:08Z
ds006182	2026-02-10T17:04:50Z
ds006143	2025-05-14T16:13:12Z
ds006243	2025-11-13T20:16:40Z
ds006138	2025-05-16T17:34:19Z
ds006169	2026-04-23T01:17:50Z
ds006248	2025-05-19T09:49:47Z
ds006234	2025-05-21T04:01:48Z
ds006233	2025-05-21T03:52:47Z
ds006159	2025-05-21T20:31:27Z
ds006253	2025-07-25T09:13:39Z
ds006131	2026-04-07T15:34:48Z
ds005841	2025-12-24T03:47:02Z
ds006260	2025-05-29T20:03:33Z
ds006266	2025-10-10T07:06:25Z
ds006265	2025-10-10T07:07:20Z
ds006267	2025-05-28T18:56:13Z
ds006142	2025-09-03T07:41:10Z
ds006269	2025-05-30T15:28:01Z
ds006303	2026-03-11T20:23:51Z
ds005137	2025-06-06T17:10:21Z
ds006317	2026-04-08T02:49:02Z
ds006318	2025-06-09T11:10:38Z
ds006334	2026-01-26T08:45:08Z
ds006067	2026-03-17T01:22:09Z
ds006367	2025-06-25T12:01:29Z
ds006366	2025-09-05T13:07:21Z
ds006377	2025-09-19T15:39:35Z
ds006370	2025-10-27T08:21:56Z
ds006392	2025-06-25T21:01:43Z
ds006394	2025-06-27T04:44:30Z
ds006373	2025-06-26T17:03:11Z
ds005551	2025-10-01T20:58:25Z
ds006401	2025-06-28T23:19:18Z
ds005448	2025-06-30T15:33:09Z
ds006395	2026-05-29T12:21:40Z
ds006437	2025-08-21T17:34:49Z
ds006444	2026-01-27T15:41:51Z
ds006446	2025-07-07T11:43:23Z
ds005642	2025-07-08T05:01:06Z
ds005280	2025-07-08T07:59:51Z
ds005284	2025-07-08T06:39:10Z
ds005285	2025-07-08T06:51:56Z
ds005473	2025-07-08T06:49:13Z
ds005293	2025-10-04T01:46:45Z
ds005292	2025-07-08T07:38:36Z
ds005291	2025-07-08T06:59:09Z
ds005289	2025-07-08T06:56:21Z
ds005286	2025-07-08T06:55:48Z
ds006459	2025-07-08T17:30:34Z
ds006460	2025-07-08T17:53:55Z
ds006466	2025-10-06T18:47:16Z
ds006045	2025-07-14T15:49:26Z
ds006462	2025-07-14T18:24:53Z
ds006391	2026-04-10T15:13:31Z
ds006472	2025-07-16T20:51:01Z
ds006480	2025-10-06T17:43:45Z
ds006486	2025-07-23T17:56:39Z
ds006483	2025-07-28T14:08:45Z
ds005658	2025-07-30T00:20:54Z
ds006319	2025-10-04T14:29:12Z
ds006512	2025-07-31T06:20:05Z
ds006407	2025-07-31T01:50:49Z
ds006519	2025-07-31T11:11:34Z
ds006525	2025-08-01T17:23:09Z
ds006521	2025-08-01T23:48:36Z
ds005112	2025-08-04T19:11:54Z
ds004940	2025-10-04T02:16:39Z
ds006545	2025-08-12T04:19:29Z
ds006547	2025-08-12T11:29:40Z
ds006468	2025-12-10T17:26:17Z
ds006554	2025-08-12T23:47:04Z
ds006557	2026-04-04T07:56:13Z
ds006556	2026-04-07T08:26:06Z
ds006563	2025-08-15T19:20:48Z
ds006212	2025-10-31T01:10:58Z
ds006564	2026-04-16T08:16:52Z
ds004974	2026-02-12T17:41:37Z
ds006592	2025-08-22T17:40:57Z
ds006593	2025-08-23T21:13:47Z
ds006598	2025-08-27T20:43:06Z
ds006566	2025-08-28T00:30:19Z
ds006572	2025-08-28T00:48:36Z
ds006594	2025-08-28T01:09:22Z
ds006601	2025-09-01T08:06:32Z
ds006583	2025-09-04T01:09:02Z
ds006434	2026-02-16T21:25:54Z
ds006630	2026-04-08T05:45:58Z
ds006613	2025-09-05T16:03:40Z
ds006638	2025-09-06T22:34:57Z
ds006502	2025-09-08T01:01:26Z
ds006636	2026-05-07T05:28:58Z
ds006491	2025-09-09T03:31:28Z
ds006661	2026-05-30T12:50:30Z
ds006374	2025-09-12T11:06:19Z
ds006670	2026-04-07T04:03:57Z
ds006676	2025-09-14T04:51:40Z
ds006644	2025-09-16T10:35:47Z
ds005933	2025-09-16T14:53:37Z
ds006673	2026-05-11T17:04:06Z
ds006663	2025-11-12T09:52:16Z
ds006693	2025-09-30T16:20:16Z
ds006691	2025-09-18T23:51:26Z
ds006695	2025-10-09T08:08:57Z
ds006629	2025-09-29T06:11:55Z
ds004639	2025-10-04T02:26:23Z
ds006628	2025-09-24T02:48:18Z
ds006642	2026-02-07T13:03:32Z
ds005872	2026-02-21T14:58:56Z
ds005408	2026-04-07T15:27:42Z
ds006707	2026-03-16T16:57:02Z
ds006729	2025-09-29T09:27:17Z
ds006721	2025-09-29T15:18:14Z
ds006731	2026-06-01T20:33:58Z
ds005424	2025-09-30T09:39:18Z
ds006735	2026-01-23T23:14:57Z
ds006746	2025-10-01T22:46:20Z
ds006533	2026-03-30T19:21:25Z
ds006761	2025-10-18T14:23:04Z
ds006648	2025-10-10T01:05:44Z
ds006647	2025-10-10T00:50:10Z
ds005483	2025-10-14T00:51:41Z
ds006756	2025-10-10T07:37:41Z
ds004402	2025-10-11T06:43:03Z
ds006777	2025-10-13T17:35:35Z
ds006780	2025-10-15T21:38:31Z
ds006801	2026-01-13T16:17:07Z
ds006803	2026-01-27T00:11:16Z
ds006798	2026-03-16T11:06:28Z
ds006812	2025-10-19T15:45:21Z
ds006815	2025-10-21T01:58:13Z
ds006821	2025-10-21T22:33:01Z
ds006826	2025-10-22T10:29:55Z
ds006465	2025-11-18T20:10:55Z
ds006768	2025-10-26T01:31:05Z
ds005662	2026-02-06T01:59:18Z
ds006848	2025-10-28T08:08:39Z
ds006817	2025-10-28T08:22:39Z
ds006844	2025-10-29T03:01:22Z
ds006802	2025-10-29T06:25:39Z
ds006839	2025-10-29T13:36:11Z
ds006833	2025-12-01T16:00:47Z
ds006850	2025-10-30T13:32:10Z
ds006861	2025-12-29T13:13:23Z
ds006866	2025-10-30T13:57:24Z
ds006890	2025-11-04T09:50:02Z
ds006903	2025-11-05T19:38:40Z
ds005932	2025-11-05T20:20:53Z
ds006623	2025-11-18T21:57:51Z
ds006902	2025-11-06T08:21:39Z
ds006917	2026-04-20T08:22:39Z
ds006779	2025-11-10T19:43:34Z
ds006923	2025-11-11T05:04:35Z
ds006744	2025-11-11T19:47:41Z
ds006926	2025-11-12T16:13:45Z
ds006935	2026-01-13T02:47:03Z
ds006910	2025-11-13T20:27:12Z
ds006914	2025-11-18T20:18:07Z
ds006720	2025-11-14T16:23:44Z
ds005354	2025-11-17T03:49:45Z
ds006840	2025-11-17T03:01:57Z
ds006943	2025-11-20T17:28:01Z
ds006944	2025-11-20T20:57:34Z
ds006948	2025-11-21T03:01:08Z
ds006949	2026-03-25T14:00:04Z
drop	2025-11-21T19:12:57Z
ds006950	2025-11-24T23:22:26Z
ds006951	2025-11-25T20:06:50Z
ds006952	2025-12-08T23:15:29Z
ds006959	2025-11-28T01:31:11Z
ds006963	2026-04-21T06:39:35Z
ds006945	2026-02-18T07:13:07Z
ds006969	2025-11-30T01:24:38Z
ds006971	2026-05-19T18:40:09Z
ds006978	2025-11-30T23:25:42Z
ds006979	2026-03-05T10:02:52Z
ds006980	2025-12-01T00:09:42Z
ds006997	2025-12-01T13:25:43Z
ds006998	2025-12-01T19:16:45Z
ds006999	2025-12-01T19:29:16Z
ds007000	2025-12-01T19:39:45Z
ds007001	2025-12-01T19:50:59Z
ds007002	2025-12-01T20:07:20Z
ds007003	2025-12-01T20:17:20Z
ds007004	2025-12-01T20:29:22Z
ds007005	2025-12-01T20:38:17Z
ds007006	2025-12-16T18:50:06Z
ds007007	2025-12-01T20:47:57Z
ds007008	2025-12-01T20:58:04Z
ds007009	2025-12-01T21:06:58Z
ds007010	2025-12-01T21:28:32Z
ds007011	2025-12-01T21:37:16Z
ds007012	2026-05-27T23:18:03Z
ds007020	2025-12-02T04:35:42Z
ds007021	2025-12-02T05:39:13Z
ds007022	2026-04-14T11:29:17Z
ds006871	2025-12-02T19:54:19Z
ds007023	2025-12-03T02:59:27Z
ds007024	2025-12-03T05:50:17Z
ds007025	2025-12-03T05:55:37Z
ds007026	2025-12-03T13:51:35Z
ds007028	2026-01-16T18:14:39Z
ds007029	2025-12-04T12:01:01Z
ds007030	2025-12-04T12:14:21Z
ds007034	2025-12-17T16:03:52Z
ds007036	2026-05-08T01:52:40Z
ds007038	2025-12-08T17:22:10Z
ds007039	2025-12-08T17:40:04Z
ds007043	2025-12-21T15:36:33Z
ds007045	2025-12-19T15:26:24Z
ds007046	2026-01-28T11:57:47Z
ds007048	2026-01-16T18:27:55Z
ds007051	2025-12-09T18:57:59Z
ds007052	2026-02-02T20:41:56Z
ds007056	2026-02-02T20:53:30Z
ds007058	2025-12-10T14:18:29Z
ds007060	2025-12-10T20:24:23Z
ds007061	2025-12-10T21:50:38Z
ds007062	2025-12-10T22:44:11Z
ds007063	2026-01-16T18:18:27Z
ds007065	2025-12-11T16:07:59Z
ds007067	2026-05-07T13:57:17Z
ds007068	2025-12-11T20:55:21Z
ds007069	2026-02-02T20:53:20Z
ds007070	2026-04-07T03:36:09Z
ds007074	2025-12-13T18:38:48Z
ds007081	2025-12-16T18:53:12Z
ds006893	2025-12-15T12:15:49Z
ds007082	2025-12-15T14:12:36Z
ds007088	2026-04-10T19:53:44Z
ds007089	2026-02-06T13:59:24Z
ds007090	2026-04-03T14:20:21Z
ds007091	2026-04-07T22:50:42Z
ds007095	2026-02-22T18:23:50Z
ds007096	2026-02-02T20:45:59Z
ds007100	2026-03-14T05:56:44Z
ds007102	2025-12-16T19:47:39Z
ds007109	2026-01-16T18:28:34Z
ds006576	2026-04-16T17:52:06Z
ds007111	2025-12-18T10:10:48Z
ds006921	2026-01-21T08:02:49Z
ds007114	2025-12-18T17:50:20Z
ds007115	2025-12-18T18:24:41Z
ds007116	2026-05-28T17:07:20Z
ds007118	2026-01-16T18:46:41Z
ds007119	2026-01-16T18:49:27Z
ds007120	2026-01-16T21:08:29Z
ds007122	2026-01-16T21:07:45Z
ds007123	2025-12-23T00:33:31Z
ds007124	2025-12-23T16:19:00Z
ds007125	2025-12-24T14:02:40Z
ds007126	2025-12-27T04:11:53Z
ds007127	2026-01-16T21:19:45Z
ds006905	2026-01-16T18:13:01Z
ds007135	2026-01-30T15:30:40Z
ds007137	2026-02-02T20:45:48Z
ds007139	2026-02-02T20:42:18Z
ds007146	2025-12-29T19:13:38Z
ds007156	2026-01-16T21:09:19Z
ds007157	2026-01-03T10:18:26Z
ds007159	2026-01-03T11:00:30Z
ds007160	2026-01-03T12:36:37Z
ds007161	2026-01-03T17:30:24Z
ds007162	2026-01-16T21:20:55Z
ds007169	2026-01-29T00:36:06Z
ds007170	2026-01-05T00:06:44Z
ds007172	2026-01-06T13:36:43Z
ds007173	2026-01-05T17:35:02Z
ds007175	2026-01-07T18:25:10Z
ds006148	2026-03-13T20:52:22Z
ds007176	2026-04-07T14:39:56Z
ds006805	2026-01-16T18:10:31Z
ds007179	2026-05-26T17:35:02Z
ds007180	2026-01-16T21:26:48Z
ds006577	2026-01-08T22:06:06Z
ds007181	2026-01-16T09:26:22Z
ds007182	2026-01-12T09:11:32Z
ds007183	2026-01-09T20:23:20Z
ds007185	2026-01-16T21:35:09Z
ds007195	2026-02-02T18:14:51Z
ds007196	2026-01-12T19:21:41Z
ds007207	2026-01-13T04:20:01Z
ds007212	2026-01-13T09:47:27Z
ds007216	2026-03-02T17:38:27Z
ds007221	2026-04-04T02:56:07Z
ds007222	2026-05-12T18:23:07Z
ds007231	2026-02-05T16:29:21Z
ds007234	2026-01-16T20:52:59Z
ds007236	2026-01-16T20:57:32Z
ds007238	2026-01-16T21:45:23Z
ds007241	2026-01-16T22:31:51Z
ds007242	2026-01-17T01:45:26Z
ds007245	2026-01-17T02:03:36Z
ds007248	2026-01-17T02:50:10Z
ds007262	2026-02-24T12:21:37Z
ds007267	2026-04-28T09:48:18Z
ds007272	2026-03-12T01:37:27Z
ds007275	2026-05-08T23:35:16Z
ds007276	2026-03-25T21:32:07Z
ds007283	2026-04-07T15:39:43Z
ds007284	2026-01-20T19:42:42Z
ds007286	2026-05-29T16:32:09Z
ds007285	2026-01-20T19:47:35Z
ds007292	2026-01-21T17:44:07Z
ds007293	2026-01-21T17:48:44Z
ds007300	2026-01-21T19:27:57Z
ds007304	2026-01-21T20:19:59Z
ds007305	2026-02-02T18:14:21Z
ds007313	2026-01-23T15:25:23Z
ds007314	2026-04-03T07:39:07Z
ds007315	2026-03-20T17:28:10Z
ds007318	2026-02-02T18:18:29Z
ds007322	2026-02-19T16:27:27Z
ds007325	2026-01-26T11:08:50Z
ds007326	2026-01-26T11:14:58Z
ds007327	2026-01-26T11:48:35Z
ds007328	2026-01-30T03:29:06Z
ds007329	2026-03-15T18:19:47Z
ds007335	2026-02-02T18:18:46Z
ds007336	2026-01-27T17:40:22Z
ds007338	2026-01-27T19:22:03Z
ds007339	2026-01-27T19:49:43Z
ds007341	2026-01-28T00:50:44Z
ds007342	2026-01-28T19:46:17Z
ds005563	2026-02-02T18:09:35Z
ds007345	2026-05-04T17:36:05Z
ds007347	2026-01-29T20:59:40Z
ds006136	2026-01-29T22:09:41Z
ds007348	2026-01-29T22:50:20Z
ds007349	2026-01-30T14:47:11Z
ds007350	2026-01-30T14:49:07Z
ds006883	2026-03-11T17:35:52Z
ds007353	2026-03-02T22:43:55Z
ds007354	2026-05-28T07:48:55Z
ds006692	2026-02-02T22:12:34Z
ds007357	2026-02-04T07:08:26Z
ds007358	2026-03-04T18:15:28Z
ds007366	2026-02-04T16:43:31Z
ds007368	2026-03-04T18:18:56Z
ds007369	2026-03-04T18:26:07Z
ds007371	2026-02-04T22:51:08Z
ds007373	2026-02-05T14:55:12Z
ds007374	2026-02-05T15:58:14Z
ds007376	2026-03-13T15:53:06Z
ds007377	2026-02-06T17:18:19Z
ds007378	2026-03-11T16:44:34Z
ds007384	2026-03-11T16:41:43Z
ds007386	2026-02-07T21:53:28Z
ds007387	2026-03-04T18:55:16Z
ds007388	2026-03-04T19:04:02Z
ds007390	2026-02-08T20:50:16Z
ds007391	2026-03-04T18:36:49Z
ds007392	2026-02-09T09:02:21Z
ds006222	2026-03-11T16:51:01Z
ds007393	2026-05-20T13:44:49Z
ds007394	2026-03-04T19:04:33Z
ds006654	2026-02-19T17:09:03Z
ds007396	2026-02-10T21:45:02Z
ds006386	2026-02-11T03:23:14Z
ds007398	2026-02-11T19:43:22Z
ds006021	2026-04-16T08:49:14Z
ds007401	2026-04-08T15:50:44Z
ds006559	2026-02-11T15:21:00Z
ds006568	2026-02-11T15:23:59Z
ds007402	2026-04-20T18:53:13Z
ds007406	2026-02-12T22:34:16Z
ds007407	2026-03-04T18:22:13Z
ds007408	2026-04-20T19:25:52Z
ds007410	2026-02-13T03:32:48Z
ds007411	2026-02-13T03:39:43Z
ds007418	2026-04-09T21:16:51Z
ds007420	2026-03-26T14:40:12Z
ds007422	2026-02-15T10:11:35Z
ds007424	2026-02-15T11:10:15Z
ds007425	2026-02-15T12:38:48Z
ds007426	2026-02-15T13:35:09Z
ds007427	2026-04-03T09:25:42Z
ds007431	2026-03-04T18:41:56Z
ds007436	2026-03-04T18:48:45Z
ds007437	2026-02-18T08:05:34Z
ds007439	2026-02-19T07:57:59Z
ds007440	2026-02-20T04:01:53Z
ds007441	2026-03-11T09:26:02Z
ds007442	2026-02-20T19:27:46Z
ds007445	2026-04-15T06:18:51Z
ds006947	2026-02-22T01:42:25Z
ds006240	2026-02-22T13:42:53Z
ds007446	2026-03-21T23:16:40Z
ds007447	2026-02-23T09:07:29Z
ds005906	2026-02-24T21:11:13Z
ds007448	2026-02-25T01:58:06Z
ds007449	2026-02-25T01:59:38Z
ds007450	2026-02-25T02:06:26Z
ds007451	2026-02-25T02:17:29Z
ds007452	2026-02-25T07:28:04Z
ds007454	2026-02-27T14:18:09Z
ds007455	2026-02-25T23:33:35Z
ds006686	2026-03-25T12:48:03Z
ds007456	2026-03-04T08:44:36Z
ds007457	2026-02-27T23:04:50Z
ds007463	2026-03-12T01:38:36Z
ds007468	2026-05-20T01:58:30Z
ds007469	2026-03-04T13:54:29Z
ds007470	2026-03-04T17:55:26Z
ds007471	2026-03-14T05:57:58Z
ds007472	2026-03-04T19:15:36Z
ds007473	2026-03-05T21:41:51Z
ds007474	2026-05-12T00:32:27Z
ds007475	2026-03-06T02:47:55Z
ds007476	2026-03-06T02:58:24Z
ds007477	2026-03-18T13:20:19Z
ds007478	2026-03-06T07:24:09Z
ds007479	2026-03-06T07:34:30Z
ds005698	2026-03-06T19:15:52Z
ds007480	2026-03-06T20:02:16Z
ds007481	2026-03-06T20:05:01Z
ds007482	2026-03-06T20:05:19Z
ds007485	2026-03-07T00:55:32Z
ds007486	2026-03-16T14:35:38Z
ds007488	2026-03-07T03:50:28Z
ds007489	2026-03-07T04:11:50Z
ds007490	2026-03-07T04:34:44Z
ds007492	2026-03-07T15:24:58Z
ds007493	2026-03-07T16:37:50Z
ds007494	2026-03-07T16:40:24Z
ds007495	2026-03-07T21:54:27Z
ds007497	2026-03-08T00:50:51Z
ds007505	2026-03-11T09:23:56Z
ds007507	2026-03-11T09:36:42Z
ds007508	2026-03-12T14:22:18Z
ds007509	2026-05-13T17:09:34Z
ds007510	2026-03-12T01:43:24Z
ds007512	2026-03-12T15:11:12Z
ds007513	2026-03-12T17:07:10Z
ds007521	2026-03-18T02:16:52Z
ds007522	2026-05-26T14:51:57Z
ds007523	2026-05-01T20:57:28Z
ds007524	2026-05-11T12:17:43Z
ds007526	2026-05-07T09:04:29Z
ds007532	2026-03-24T20:40:18Z
ds007534	2026-04-08T07:20:04Z
ds007535	2026-03-19T11:06:48Z
ds007537	2026-04-18T17:31:42Z
ds007541	2026-05-07T04:02:42Z
ds007542	2026-03-20T20:44:01Z
ds007543	2026-04-20T15:44:22Z
ds007544	2026-03-22T09:51:23Z
ds007546	2026-03-23T07:26:56Z
ds007547	2026-03-23T13:48:15Z
ds007549	2026-03-23T14:31:48Z
ds007554	2026-03-31T08:24:39Z
ds006506	2026-03-24T21:10:05Z
ds004407	2026-03-24T19:36:01Z
ds004541	2026-03-24T19:38:59Z
ds007558	2026-03-25T11:16:55Z
ds007561	2026-03-25T16:54:31Z
ds007574	2026-03-26T00:35:29Z
ds007575	2026-03-27T17:57:57Z
ds007576	2026-03-26T16:20:11Z
ds007584	2026-03-27T14:37:14Z
ds007586	2026-03-27T14:51:28Z
ds007587	2026-03-27T15:04:16Z
ds007588	2026-03-27T21:18:27Z
ds007591	2026-03-31T19:37:43Z
ds007602	2026-03-31T06:40:22Z
ds007606	2026-04-02T13:26:30Z
ds007609	2026-03-31T19:17:04Z
ds002219	2026-03-31T19:24:38Z
ds007614	2026-03-31T19:31:12Z
ds007615	2026-04-02T11:54:26Z
ds007616	2026-04-01T17:52:32Z
ds007617	2026-04-01T17:53:51Z
ds007618	2026-04-01T18:15:10Z
ds007619	2026-04-01T18:16:35Z
ds005339	2026-04-02T19:01:30Z
ds007622	2026-04-02T22:26:26Z
ds007623	2026-04-02T22:46:27Z
ds007625	2026-04-02T23:38:23Z
ds007626	2026-04-02T23:42:45Z
ds007628	2026-04-03T11:54:33Z
ds006402	2026-04-03T14:59:04Z
ds007629	2026-05-24T03:47:53Z
ds007630	2026-05-11T19:17:01Z
ds007631	2026-04-06T02:39:20Z
ds007632	2026-04-06T03:09:47Z
ds007633	2026-04-06T03:41:55Z
ds007636	2026-04-06T10:11:40Z
ds007637	2026-04-22T18:13:21Z
ds007638	2026-04-08T00:36:02Z
ds007640	2026-05-07T17:09:39Z
ds007641	2026-04-08T13:41:34Z
ds007643	2026-04-08T20:31:54Z
ds007644	2026-04-09T22:44:34Z
ds006897	2026-04-10T00:49:42Z
ds007645	2026-04-11T08:31:14Z
ds007646	2026-04-11T16:37:45Z
ds007647	2026-05-20T21:06:19Z
ds007648	2026-04-20T07:23:03Z
ds007653	2026-04-13T19:56:02Z
ds007655	2026-04-22T06:58:22Z
ds007656	2026-04-15T15:47:09Z
ds007659	2026-04-16T22:43:24Z
ds007661	2026-04-17T22:05:30Z
ds007605	2026-04-17T19:01:48Z
ds007663	2026-04-20T07:22:39Z
ds007666	2026-04-18T16:08:15Z
ds007667	2026-04-18T16:49:14Z
ds007668	2026-04-20T13:31:04Z
ds007669	2026-04-20T13:47:56Z
ds007671	2026-04-22T02:35:41Z
ds006108	2026-04-20T23:06:40Z
ds005934	2026-04-21T07:29:24Z
ds006683	2026-04-21T10:09:27Z
ds007677	2026-05-07T04:35:30Z
ds007679	2026-04-22T00:13:34Z
ds007680	2026-04-22T02:06:15Z
ds007683	2026-04-22T09:11:13Z
ds007687	2026-04-22T15:49:23Z
ds007688	2026-04-22T17:54:38Z
ds007690	2026-04-22T17:30:09Z
ds007693	2026-04-23T00:23:17Z
ds007694	2026-04-24T07:52:49Z
ds007695	2026-04-23T15:46:28Z
ds007696	2026-04-23T17:27:41Z
ds007697	2026-04-23T17:29:01Z
ds007703	2026-04-24T22:42:37Z
ds007713	2026-04-27T06:43:12Z
ds007714	2026-05-06T10:06:34Z
ds007719	2026-05-06T10:06:43Z
ds007720	2026-05-19T17:22:35Z
ds007721	2026-05-03T07:37:01Z
ds006837	2026-04-28T17:28:03Z
ds007724	2026-04-29T03:21:08Z
ds007725	2026-04-29T11:23:05Z
ds007729	2026-04-29T11:40:30Z
ds007730	2026-04-29T11:53:05Z
ds007731	2026-04-29T12:05:37Z
ds007738	2026-05-01T19:32:49Z
ds007739	2026-05-02T05:49:12Z
ds007740	2026-05-02T13:04:34Z
ds007741	2026-05-03T15:37:27Z
ds007742	2026-05-04T09:34:03Z
ds007745	2026-05-04T19:57:52Z
ds007752	2026-05-05T09:45:16Z
ds007753	2026-05-05T10:30:29Z
ds007760	2026-05-05T19:37:58Z
ds007761	2026-05-06T16:45:52Z
ds007762	2026-05-06T03:16:54Z
ds007763	2026-05-06T03:26:03Z
ds007764	2026-05-06T12:15:30Z
ds007766	2026-05-07T17:45:07Z
ds007767	2026-05-08T05:18:51Z
ds007768	2026-05-30T11:14:30Z
ds007780	2026-05-09T11:32:57Z
ds007781	2026-05-09T21:40:11Z
ds007782	2026-05-09T21:51:23Z
ds007783	2026-05-10T04:03:02Z
ds007784	2026-05-10T02:50:07Z
ds007787	2026-05-10T20:52:35Z
ds007788	2026-05-11T20:17:41Z
ds007789	2026-05-11T13:44:45Z
ds007790	2026-05-11T16:20:52Z
ds007791	2026-05-12T08:12:26Z
ds007792	2026-05-12T13:14:05Z
ds007799	2026-05-12T18:12:20Z
ds007801	2026-05-13T08:55:54Z
ds007802	2026-05-13T16:34:59Z
ds007806	2026-05-22T06:05:40Z
ds007808	2026-05-21T13:28:22Z
ds007811	2026-05-14T17:13:46Z
ds007812	2026-05-14T17:34:11Z
ds007813	2026-05-31T19:39:22Z
ds007816	2026-05-19T17:54:59Z
ds007819	2026-05-21T12:22:13Z
ds007821	2026-05-21T09:09:03Z
ds007822	2026-05-21T13:24:58Z
ds007823	2026-05-21T18:41:28Z
ds007824	2026-05-21T18:40:49Z
ds007827	2026-05-27T13:11:54Z
ds007830	2026-05-22T13:23:24Z
ds007831	2026-05-27T17:32:52Z
ds007832	2026-05-22T13:55:21Z
ds007833	2026-05-22T13:58:15Z
ds007837	2026-05-22T18:46:51Z
ds007845	2026-05-24T12:32:04Z
ds007847	2026-05-29T12:42:49Z
ds007849	2026-05-26T11:42:38Z
ds007850	2026-05-26T11:58:42Z
ds007851	2026-05-26T12:16:05Z
ds007852	2026-05-26T12:28:29Z
ds007853	2026-05-26T12:35:37Z
ds006550	2026-05-28T09:00:37Z
ds007854	2026-05-26T13:59:35Z
ds007855	2026-05-27T07:32:44Z
ds007856	2026-05-27T09:30:25Z
ds007857	2026-05-27T14:45:01Z
ds007859	2026-05-29T11:25:33Z
ds007862	2026-05-28T11:39:02Z
ds007863	2026-05-28T00:05:24Z
ds007864	2026-05-28T08:08:21Z
ds007865	2026-05-28T08:23:58Z
ds007870	2026-05-28T16:43:21Z
ds007871	2026-05-28T17:21:35Z
ds006110	2026-05-29T08:58:39Z
ds007872	2026-05-29T11:47:43Z
ds007873	2026-05-29T13:01:51Z
ds007874	2026-05-29T13:37:39Z
ds005562	2026-05-29T16:14:39Z
ds007875	2026-05-29T18:51:14Z
ds007876	2026-05-29T20:55:05Z
ds007877	2026-05-31T14:37:26Z
ds007878	2026-06-01T07:50:40Z
ds007879	2026-06-01T09:29:26Z
ds007880	2026-06-01T09:34:13Z
ds007881	2026-06-01T09:46:14Z
ds007882	2026-06-01T11:58:27Z
ds007883	2026-06-01T15:18:46Z
