name	updated_at
ds005371	2025-07-27T21:34:43Z
ds003823	2025-07-26T04:21:16Z
ds005329	2025-07-25T13:16:34Z
ds006253	2025-07-25T09:13:39Z
ds005613	2025-07-25T01:35:29Z
ds006206	2025-07-24T17:53:58Z
ds004815	2025-07-24T11:35:37Z
ds005572	2025-07-24T06:55:35Z
ds006486	2025-07-23T17:56:39Z
ds006444	2025-07-23T17:47:11Z
ds005795	2025-07-23T10:53:39Z
ds004973	2025-07-21T04:00:18Z
ds004504	2025-07-19T15:25:08Z
ds006480	2025-07-18T18:04:58Z
ds006395	2025-07-17T14:40:56Z
ds005346	2025-07-17T03:15:27Z
ds006472	2025-07-16T20:51:01Z
ds006391	2025-07-16T03:35:07Z
ds005525	2025-07-15T21:08:44Z
ds005479	2025-07-15T21:02:30Z
ds006462	2025-07-14T18:24:53Z
ds006045	2025-07-14T15:49:26Z
ds004212	2025-07-14T10:12:51Z
ds004456	2025-07-14T08:37:12Z
ds006466	2025-07-13T06:13:46Z
ds004830	2025-07-11T14:50:40Z
ds005533	2025-07-11T11:36:01Z
ds004856	2025-07-10T16:40:15Z
ds005776	2025-07-09T17:05:39Z
ds005777	2025-07-09T16:25:25Z
ds005929	2025-07-09T15:20:21Z
ds005930	2025-07-08T21:33:35Z
ds006460	2025-07-08T17:53:55Z
ds006459	2025-07-08T17:30:34Z
ds005280	2025-07-08T07:59:51Z
ds005292	2025-07-08T07:38:36Z
ds005291	2025-07-08T06:59:09Z
ds005289	2025-07-08T06:56:21Z
ds005286	2025-07-08T06:55:48Z
ds005285	2025-07-08T06:51:56Z
ds005473	2025-07-08T06:49:13Z
ds005284	2025-07-08T06:39:10Z
ds005293	2025-07-08T06:38:15Z
ds005642	2025-07-08T05:01:06Z
ds005063	2025-07-07T16:50:09Z
ds004146	2025-07-07T13:16:47Z
ds006446	2025-07-07T11:43:23Z
ds006437	2025-07-02T16:29:28Z
ds005883	2025-07-01T04:03:31Z
ds005884	2025-07-01T03:37:39Z
ds005107	2025-06-30T23:44:30Z
ds005448	2025-06-30T15:33:09Z
ds006401	2025-06-28T23:19:18Z
ds005551	2025-06-27T22:35:13Z
ds005700	2025-06-27T14:13:28Z
ds006394	2025-06-27T04:44:30Z
ds006373	2025-06-26T17:03:11Z
ds006392	2025-06-25T21:01:43Z
ds006370	2025-06-25T12:17:10Z
ds006367	2025-06-25T12:01:29Z
ds005503	2025-06-25T10:09:07Z
ds000116	2025-06-25T07:35:21Z
ds006377	2025-06-23T18:12:08Z
ds006366	2025-06-23T10:48:06Z
ds004796	2025-06-22T11:09:01Z
ds001705	2025-06-22T00:31:14Z
ds004103	2025-06-21T15:07:25Z
ds004621	2025-06-21T10:57:12Z
ds004199	2025-06-20T21:07:23Z
ds005602	2025-06-20T21:05:57Z
ds004670	2025-06-19T10:15:42Z
ds006243	2025-06-18T21:17:21Z
ds005815	2025-06-17T11:32:47Z
ds006239	2025-06-16T16:34:17Z
ds004669	2025-06-16T04:51:42Z
ds006067	2025-06-15T01:44:56Z
ds004624	2025-06-14T08:31:25Z
ds006334	2025-06-11T10:40:10Z
ds005530	2025-06-10T21:44:31Z
ds006266	2025-06-10T08:49:04Z
ds006265	2025-06-10T08:48:51Z
ds006072	2025-06-09T21:19:45Z
ds006318	2025-06-09T11:10:38Z
ds006317	2025-06-08T12:44:21Z
ds005589	2025-06-07T17:19:07Z
ds006111	2025-06-06T18:01:14Z
ds004516	2025-06-06T17:51:43Z
ds005137	2025-06-06T17:10:21Z
ds006303	2025-06-05T14:45:44Z
ds005215	2025-06-05T04:03:41Z
ds004952	2025-06-03T05:54:08Z
ds005096	2025-06-02T12:54:13Z
ds003020	2025-06-02T11:24:19Z
ds005455	2025-06-01T08:39:58Z
ds006269	2025-05-30T15:28:01Z
ds006260	2025-05-29T20:03:33Z
ds006128	2025-05-29T16:24:43Z
ds006142	2025-05-29T08:57:29Z
ds006267	2025-05-28T18:56:13Z
ds006039	2025-05-27T19:54:25Z
ds005407	2025-05-27T15:58:25Z
ds004837	2025-05-27T15:42:10Z
ds005841	2025-05-23T16:40:31Z
ds006018	2025-05-22T18:34:12Z
ds006131	2025-05-22T15:08:41Z
ds005555	2025-05-22T12:38:55Z
ds005431	2025-05-22T05:22:33Z
ds006159	2025-05-21T20:31:27Z
ds005540	2025-05-21T08:08:19Z
ds006234	2025-05-21T04:01:48Z
ds006233	2025-05-21T03:52:47Z
ds006187	2025-05-20T17:11:02Z
ds001787	2025-05-19T12:51:39Z
ds006248	2025-05-19T09:49:47Z
ds004148	2025-05-18T13:06:16Z
ds006169	2025-05-17T20:39:11Z
ds006138	2025-05-16T17:34:19Z
ds005520	2025-05-16T14:05:20Z
ds005226	2025-05-15T14:55:17Z
ds006185	2025-05-14T18:46:37Z
ds006218	2025-05-14T18:14:05Z
ds006192	2025-05-14T17:20:20Z
ds006190	2025-05-14T16:44:40Z
ds006184	2025-05-14T16:22:14Z
ds006188	2025-05-14T16:16:15Z
ds006189	2025-05-14T16:13:21Z
ds006143	2025-05-14T16:13:12Z
ds006182	2025-05-14T16:10:09Z
ds006191	2025-05-14T16:05:30Z
ds006224	2025-05-13T19:43:45Z
ds006036	2025-05-13T14:26:26Z
ds004173	2025-05-13T06:39:05Z
ds006156	2025-05-12T16:19:00Z
ds005261	2025-05-12T07:28:14Z
ds004158	2025-05-09T22:37:34Z
ds003626	2025-05-09T03:11:19Z
ds006033	2025-05-08T09:02:15Z
ds006095	2025-05-07T18:17:04Z
ds006211	2025-05-07T18:16:20Z
ds006209	2025-05-07T13:02:18Z
ds005947	2025-05-07T05:51:03Z
ds006207	2025-05-06T19:12:29Z
ds005385	2025-05-05T12:09:52Z
ds006104	2025-05-05T02:13:09Z
ds004141	2025-05-03T10:55:06Z
ds005811	2025-05-03T09:15:48Z
ds005810	2025-05-03T09:13:11Z
ds006193	2025-04-30T19:42:03Z
ds004572	2025-04-29T22:36:37Z
ds005616	2025-04-29T13:11:35Z
ds004539	2025-04-29T10:14:16Z
ds004889	2025-04-29T07:59:33Z
ds006181	2025-04-28T18:13:25Z
ds004902	2025-04-27T16:48:42Z
ds006179	2025-04-24T21:42:38Z
ds006171	2025-04-24T14:28:26Z
ds006145	2025-04-24T07:24:13Z
ds005574	2025-04-24T06:00:14Z
ds003653	2025-04-24T04:47:45Z
ds002687	2025-04-24T04:47:28Z
ds000030	2025-04-24T04:47:25Z
ds004466	2025-04-23T16:14:26Z
ds005545	2025-04-23T16:00:20Z
ds005978	2025-04-22T15:16:45Z
ds005345	2025-04-17T07:55:08Z
ds005413	2025-04-17T07:15:03Z
ds006126	2025-04-17T00:57:44Z
ds006123	2025-04-15T15:14:48Z
ds005460	2025-04-14T14:06:59Z
ds005028	2025-04-14T03:07:25Z
ds005648	2025-04-12T20:32:47Z
ds005481	2025-04-11T17:16:45Z
ds005747	2025-04-11T15:39:54Z
ds001378	2025-04-11T15:07:37Z
ds005450	2025-04-10T19:58:07Z
ds005737	2025-04-10T19:49:33Z
ds003927	2025-04-10T19:44:14Z
ds003900	2025-04-10T19:43:36Z
ds003892	2025-04-10T19:41:46Z
ds003877	2025-04-10T19:35:13Z
ds003358	2025-04-10T19:33:08Z
ds005047	2025-04-10T18:22:13Z
ds005980	2025-04-10T18:07:42Z
ds005087	2025-04-10T17:54:03Z
ds004996	2025-04-10T17:42:24Z
ds004873	2025-04-10T17:18:25Z
ds004851	2025-04-10T17:03:33Z
ds005048	2025-04-10T15:22:37Z
ds005360	2025-04-09T23:15:03Z
ds004635	2025-04-09T19:38:41Z
ds004630	2025-04-09T19:15:46Z
ds004261	2025-04-09T17:01:14Z
ds004192	2025-04-09T16:40:28Z
ds005341	2025-04-09T16:37:21Z
ds004091	2025-04-09T14:13:13Z
ds005899	2025-04-09T13:15:32Z
ds004495	2025-04-09T12:24:26Z
ds003612	2025-04-09T10:40:54Z
ds006107	2025-04-09T07:19:55Z
ds003846	2025-04-09T02:11:01Z
ds003484	2025-04-09T01:50:48Z
ds003508	2025-04-09T01:12:49Z
ds006105	2025-04-08T23:26:48Z
ds003404	2025-04-08T23:00:33Z
ds003052	2025-04-08T22:41:59Z
ds003039	2025-04-08T22:24:21Z
ds002425	2025-04-08T20:28:39Z
ds002385	2025-04-08T18:57:57Z
ds002345	2025-04-08T18:15:35Z
ds005894	2025-04-08T02:23:07Z
ds002232	2025-04-07T23:15:13Z
ds001907	2025-04-07T23:03:45Z
ds005381	2025-04-07T17:15:10Z
ds005623	2025-04-07T17:15:03Z
ds005059	2025-04-07T17:12:29Z
ds004789	2025-04-07T17:11:14Z
ds004787	2025-04-07T17:10:31Z
ds004044	2025-04-07T17:08:55Z
ds004230	2025-04-07T17:08:52Z
ds004024	2025-04-07T17:06:02Z
ds004011	2025-04-07T17:05:49Z
ds003947	2025-04-07T17:05:00Z
ds003944	2025-04-07T17:04:57Z
ds003367	2025-04-07T16:57:15Z
ds005920	2025-04-07T07:24:22Z
ds000114	2025-04-05T19:10:46Z
ds000258	2025-04-05T19:01:07Z
ds000208	2025-04-05T18:55:47Z
ds000109	2025-04-05T18:44:31Z
ds006092	2025-04-04T15:40:55Z
ds004698	2025-04-04T02:32:49Z
ds004514	2025-04-03T23:42:10Z
ds004517	2025-04-03T23:41:57Z
ds005892	2025-04-03T16:20:49Z
ds005857	2025-04-02T20:31:23Z
ds006065	2025-04-02T04:22:39Z
ds004194	2025-04-01T10:26:07Z
ds005166	2025-04-01T01:22:28Z
ds003642	2025-03-31T23:34:21Z
ds006071	2025-03-28T08:41:57Z
ds006040	2025-03-27T20:08:28Z
ds005896	2025-03-27T18:49:37Z
ds005901	2025-03-27T17:10:59Z
ds006035	2025-03-21T19:08:18Z
ds005256	2025-03-21T16:38:23Z
ds005875	2025-03-21T07:42:43Z
ds004392	2025-03-20T20:12:15Z
ds004663	2025-03-20T18:56:38Z
ds001105	2025-03-20T17:35:06Z
ds003643	2025-03-19T22:39:25Z
ds005873	2025-03-17T19:15:38Z
ds005917	2025-03-17T19:05:23Z
ds003645	2025-03-15T09:10:05Z
ds005664	2025-03-14T23:13:11Z
ds006012	2025-03-14T17:05:25Z
ds006010	2025-03-14T17:04:20Z
ds005863	2025-03-14T03:20:31Z
ds004507	2025-03-13T19:36:41Z
ds006005	2025-03-13T15:32:48Z
ds005960	2025-03-13T15:22:29Z
ds006001	2025-03-13T14:44:25Z
ds005516	2025-03-11T03:05:00Z
ds005515	2025-03-11T03:02:22Z
ds005511	2025-03-11T03:01:03Z
ds005514	2025-03-11T02:56:41Z
ds005512	2025-03-11T02:53:41Z
ds005510	2025-03-11T02:42:26Z
ds005509	2025-03-11T02:39:10Z
ds005508	2025-03-11T02:33:42Z
ds005507	2025-03-11T02:27:12Z
ds005506	2025-03-11T02:12:59Z
ds004869	2025-03-10T11:35:47Z
ds005590	2025-03-10T11:32:50Z
ds005619	2025-03-10T11:31:56Z
ds004712	2025-03-10T11:18:23Z
ds004458	2025-03-08T22:04:18Z
ds005505	2025-03-07T21:59:16Z
ds005931	2025-03-06T23:22:57Z
ds002312	2025-03-06T19:53:40Z
ds005964	2025-03-06T19:41:15Z
ds005963	2025-03-06T19:40:13Z
ds005356	2025-03-06T16:11:37Z
ds004265	2025-03-06T04:22:15Z
ds005498	2025-03-06T01:27:20Z
ds005106	2025-03-05T22:48:19Z
ds004840	2025-03-05T13:42:34Z
ds005178	2025-03-04T05:55:13Z
ds005953	2025-03-03T17:01:58Z
ds005017	2025-03-01T20:26:42Z
ds005486	2025-03-01T17:17:28Z
ds005343	2025-02-27T15:31:12Z
ds005946	2025-02-27T14:47:02Z
ds003676	2025-02-26T07:42:27Z
ds004784	2025-02-25T21:41:43Z
ds005366	2025-02-24T09:09:36Z
ds005429	2025-02-23T07:51:50Z
ds005003	2025-02-22T02:50:30Z
ds005752	2025-02-21T04:14:34Z
ds002336	2025-02-21T02:05:36Z
ds004892	2025-02-20T01:01:03Z
ds005935	2025-02-19T20:37:56Z
ds004774	2025-02-19T10:58:30Z
ds004718	2025-02-17T03:15:45Z
ds005237	2025-02-17T00:02:55Z
ds005927	2025-02-14T21:01:14Z
ds005926	2025-02-14T20:37:05Z
ds005521	2025-02-14T19:35:40Z
ds005880	2025-02-12T18:53:20Z
ds005907	2025-02-12T16:12:17Z
ds000001	2025-02-11T14:08:45Z
ds004350	2025-02-07T16:56:44Z
ds005405	2025-02-07T16:14:32Z
ds005874	2025-02-07T07:58:11Z
ds005903	2025-02-06T17:23:24Z
ds005203	2025-02-05T20:30:19Z
ds005754	2025-02-05T11:33:54Z
ds005895	2025-02-05T08:43:11Z
ds005851	2025-02-03T09:34:30Z
ds005882	2025-02-02T11:47:57Z
ds005717	2025-01-30T04:32:31Z
ds005891	2025-01-30T02:31:57Z
ds005185	2025-01-29T18:04:56Z
ds005143	2025-01-28T03:56:16Z
ds005839	2025-01-27T16:43:02Z
ds005849	2025-01-24T09:11:50Z
ds000113	2025-01-24T08:14:52Z
ds005876	2025-01-23T20:54:21Z
ds005262	2025-01-22T21:44:16Z
ds005868	2025-01-22T00:17:49Z
ds005866	2025-01-21T22:05:55Z
ds004348	2025-01-17T14:51:17Z
ds005850	2025-01-17T14:23:45Z
ds002837	2025-01-17T06:50:10Z
ds005733	2025-01-11T03:22:33Z
ds004868	2025-01-10T18:16:10Z
ds005787	2025-01-07T16:46:25Z
ds004798	2025-01-07T04:57:51Z
ds000117	2025-01-06T15:39:12Z
ds005577	2025-01-06T12:24:20Z
ds005783	2025-01-02T21:29:25Z
ds005779	2025-01-02T20:56:48Z
ds005731	2024-12-19T19:19:29Z
ds005416	2024-12-17T01:15:03Z
ds005713	2024-12-12T17:32:12Z
ds005304	2024-12-12T14:54:56Z
ds005170	2024-12-12T06:43:28Z
ds005250	2024-12-11T17:14:14Z
ds005699	2024-12-11T13:01:45Z
ds005687	2024-12-11T11:08:44Z
ds005684	2024-12-10T02:29:11Z
ds005697	2024-12-10T01:54:10Z
ds005704	2024-12-09T19:47:02Z
ds005234	2024-12-09T12:18:12Z
ds005625	2024-12-08T09:04:59Z
ds004332	2024-12-05T10:18:31Z
ds005040	2024-12-04T22:50:34Z
ds005692	2024-12-04T16:54:58Z
ds005672	2024-12-04T15:13:41Z
ds005688	2024-12-03T14:57:59Z
ds005691	2024-12-03T09:24:30Z
ds002848	2024-12-02T17:25:23Z
ds004515	2024-12-02T09:57:46Z
ds005397	2024-12-02T08:32:17Z
ds004279	2024-11-29T15:37:28Z
ds005670	2024-11-29T06:12:41Z
ds004935	2024-11-27T16:34:25Z
ds004215	2024-11-27T16:26:50Z
ds005639	2024-11-27T02:57:27Z
ds005468	2024-11-26T02:27:20Z
ds002799	2024-11-23T10:04:01Z
ds005340	2024-11-23T00:02:07Z
ds005635	2024-11-20T03:17:02Z
ds005636	2024-11-20T03:10:58Z
ds002778	2024-11-19T11:17:42Z
ds005630	2024-11-18T18:38:08Z
ds004134	2024-11-17T00:22:21Z
ds000221	2024-11-16T12:05:12Z
ds005128	2024-11-15T16:17:32Z
ds005628	2024-11-14T18:29:07Z
ds005594	2024-11-12T09:42:43Z
ds005598	2024-11-12T03:06:10Z
ds005581	2024-11-11T23:52:26Z
ds005571	2024-11-11T14:36:01Z
ds005624	2024-11-07T20:25:55Z
ds005596	2024-11-07T16:54:38Z
ds005620	2024-11-06T17:30:00Z
ds005605	2024-11-04T19:00:06Z
ds003974	2024-11-04T15:16:34Z
ds004457	2024-11-03T13:24:07Z
ds005531	2024-11-03T09:48:45Z
ds005025	2024-11-02T20:32:23Z
ds005586	2024-11-02T10:49:22Z
ds005604	2024-10-30T07:35:13Z
ds004381	2024-10-29T11:49:44Z
ds005603	2024-10-28T14:13:50Z
ds005090	2024-10-27T14:22:36Z
ds005600	2024-10-26T23:17:59Z
ds005595	2024-10-25T17:59:40Z
ds005415	2024-10-25T13:26:29Z
ds005597	2024-10-25T01:03:36Z
ds004395	2024-10-24T20:15:36Z
ds005127	2024-10-24T19:11:39Z
ds005165	2024-10-24T12:18:04Z
ds005588	2024-10-23T16:54:00Z
ds005576	2024-10-23T00:17:31Z
ds005472	2024-10-22T23:15:39Z
ds005115	2024-10-22T15:51:30Z
ds005295	2024-10-18T21:31:04Z
ds005518	2024-10-17T22:32:07Z
ds005565	2024-10-17T20:57:36Z
ds004884	2024-10-17T18:34:16Z
ds003848	2024-10-17T14:55:41Z
ds001386	2024-10-16T02:09:53Z
ds005573	2024-10-15T14:21:25Z
ds004022	2024-10-14T07:15:09Z
ds005559	2024-10-09T18:59:24Z
ds005557	2024-10-06T05:01:26Z
ds005558	2024-10-06T04:48:01Z
ds005523	2024-10-02T03:19:02Z
ds005386	2024-09-28T08:54:44Z
ds005534	2024-09-27T09:22:50Z
ds005494	2024-09-25T15:44:47Z
ds005469	2024-09-25T12:42:07Z
ds005529	2024-09-25T08:39:55Z
ds005522	2024-09-24T18:27:42Z
ds005464	2024-09-24T15:43:35Z
ds005504	2024-09-21T01:27:36Z
ds004323	2024-09-21T00:04:22Z
ds005497	2024-09-20T21:15:40Z
ds005496	2024-09-20T21:13:21Z
ds004771	2024-09-20T08:42:16Z
ds005489	2024-09-17T23:15:52Z
ds005449	2024-09-17T17:10:49Z
ds005492	2024-09-17T09:56:45Z
ds005491	2024-09-16T23:37:45Z
ds003826	2024-09-16T22:22:04Z
ds004469	2024-09-13T14:55:16Z
ds004604	2024-09-10T10:58:16Z
ds004998	2024-09-09T08:26:42Z
ds005186	2024-09-08T11:40:37Z
ds005467	2024-09-07T01:29:31Z
ds004661	2024-09-06T14:53:50Z
ds004645	2024-09-06T10:09:54Z
ds005443	2024-09-05T21:34:38Z
ds005454	2024-09-05T13:10:30Z
ds005126	2024-09-05T01:05:03Z
ds005420	2024-09-04T07:05:56Z
ds004616	2024-09-04T01:10:02Z
ds004569	2024-09-03T13:45:31Z
ds005238	2024-08-30T14:00:02Z
ds005410	2024-08-26T14:01:05Z
ds005427	2024-08-25T12:30:24Z
ds005422	2024-08-23T06:43:39Z
ds005418	2024-08-21T12:33:44Z
ds005264	2024-08-18T02:11:36Z
ds005307	2024-08-15T14:43:28Z
ds004388	2024-08-15T14:31:51Z
ds004389	2024-08-15T12:13:26Z
ds005412	2024-08-15T05:25:29Z
ds005398	2024-08-15T03:36:42Z
ds005411	2024-08-14T15:58:30Z
ds004470	2024-08-14T02:33:26Z
ds005012	2024-08-13T21:19:47Z
ds005027	2024-08-13T20:56:00Z
ds005236	2024-08-13T09:05:51Z
ds004100	2024-08-13T01:12:37Z
ds005406	2024-08-12T10:07:35Z
ds005123	2024-08-10T19:04:16Z
ds004054	2024-08-08T14:52:26Z
ds004627	2024-08-07T07:03:55Z
ds005403	2024-08-06T18:19:43Z
ds005075	2024-08-06T16:26:54Z
ds005402	2024-08-06T11:16:16Z
ds005258	2024-08-01T17:09:52Z
ds003775	2024-07-31T03:31:28Z
ds005383	2024-07-30T05:11:39Z
ds005131	2024-07-28T15:28:24Z
ds005374	2024-07-27T12:10:31Z
ds005363	2024-07-27T11:30:56Z
ds002761	2024-07-26T14:56:39Z
ds005375	2024-07-26T09:02:30Z
ds005365	2024-07-24T15:39:29Z
ds005364	2024-07-24T15:25:16Z
ds004305	2024-07-24T08:56:43Z
ds004957	2024-07-24T05:54:08Z
ds004848	2024-07-23T18:39:00Z
ds004306	2024-07-22T15:36:37Z
ds004640	2024-07-19T08:26:38Z
ds005357	2024-07-18T09:44:18Z
ds005355	2024-07-17T17:32:30Z
ds005134	2024-07-15T20:30:46Z
ds005342	2024-07-15T19:33:33Z
ds004693	2024-07-13T13:16:30Z
ds005274	2024-07-07T09:39:42Z
ds005216	2024-07-05T10:25:30Z
ds005305	2024-07-04T08:32:23Z
ds005279	2024-07-03T20:28:04Z
ds004980	2024-07-03T13:20:14Z
ds005239	2024-07-02T17:36:02Z
ds005079	2024-07-01T21:24:04Z
ds005299	2024-06-30T21:59:57Z
ds005296	2024-06-28T23:30:26Z
ds004587	2024-06-28T13:03:23Z
ds004737	2024-06-26T19:28:34Z
ds004489	2024-06-23T01:50:51Z
ds005273	2024-06-22T16:58:46Z
ds005270	2024-06-21T20:34:02Z
ds005230	2024-06-21T14:24:46Z
ds005267	2024-06-21T07:24:38Z
ds005266	2024-06-20T07:22:06Z
ds005265	2024-06-20T07:10:22Z
ds005263	2024-06-20T07:06:27Z
ds005189	2024-06-16T15:24:21Z
ds003814	2024-06-14T22:32:50Z
ds003816	2024-06-14T20:55:54Z
ds005241	2024-06-14T15:51:01Z
ds004855	2024-06-13T19:14:27Z
ds005016	2024-06-10T15:35:50Z
ds004346	2024-06-07T09:25:47Z
ds004582	2024-06-05T16:48:02Z
ds005233	2024-06-05T15:22:09Z
ds004666	2024-06-04T13:07:08Z
ds004928	2024-06-03T10:29:46Z
ds005207	2024-06-01T19:35:23Z
ds005194	2024-05-29T18:30:58Z
ds005056	2024-05-29T18:09:39Z
ds005191	2024-05-29T16:38:20Z
ds004362	2024-05-24T09:17:16Z
ds004917	2024-05-23T16:40:36Z
ds005169	2024-05-22T11:13:38Z
ds003745	2024-05-21T03:00:02Z
ds005138	2024-05-21T01:58:00Z
ds004636	2024-05-20T18:53:21Z
ds005148	2024-05-17T13:28:41Z
ds005077	2024-05-16T12:53:26Z
ds005139	2024-05-16T11:42:55Z
ds004977	2024-05-13T18:02:19Z
ds005093	2024-05-10T23:49:56Z
ds005088	2024-05-10T23:49:25Z
ds004865	2024-05-10T23:47:54Z
ds004809	2024-05-10T23:47:41Z
ds000246	2024-05-10T23:47:32Z
ds000247	2024-05-10T23:47:22Z
ds004611	2024-05-10T23:47:03Z
ds003425	2024-05-10T23:46:44Z
ds005114	2024-05-10T23:46:34Z
ds002278	2024-05-10T23:44:27Z
ds005118	2024-05-10T23:44:06Z
ds005121	2024-05-10T23:43:55Z
ds005125	2024-05-10T23:43:36Z
ds004125	2024-05-10T23:43:00Z
ds005095	2024-05-10T23:40:35Z
ds000102	2024-05-02T07:44:39Z
ds005089	2024-04-18T09:33:47Z
ds002718	2024-04-16T16:17:12Z
ds005009	2024-04-15T17:09:17Z
ds004797	2024-04-13T02:43:00Z
ds005073	2024-04-12T13:28:46Z
ds004182	2024-04-12T11:30:02Z
ds005085	2024-04-11T18:40:07Z
ds005083	2024-04-10T22:13:02Z
ds005065	2024-04-09T17:25:21Z
ds005072	2024-04-07T06:54:14Z
ds005069	2024-04-07T06:24:43Z
ds004765	2024-03-25T08:52:13Z
ds005038	2024-03-21T16:38:48Z
ds005034	2024-03-20T19:22:01Z
ds005050	2024-03-20T14:41:08Z
ds004581	2024-03-17T08:05:57Z
ds005026	2024-03-11T17:08:43Z
ds005021	2024-03-11T01:06:07Z
ds005007	2024-03-07T19:28:56Z
ds004965	2024-03-06T12:30:25Z
ds004605	2024-03-06T02:56:07Z
ds004370	2024-03-05T16:40:07Z
ds003838	2024-03-05T04:17:43Z
ds004995	2024-02-28T06:00:31Z
ds004872	2024-02-26T13:31:38Z
ds004993	2024-02-26T01:22:57Z
ds004942	2024-02-23T14:03:04Z
ds004958	2024-02-12T22:44:13Z
ds004962	2024-02-12T21:22:42Z
ds004951	2024-02-12T14:52:51Z
ds004956	2024-02-12T14:48:55Z
ds004959	2024-02-12T12:57:40Z
ds004460	2024-02-08T15:04:00Z
ds004894	2024-02-08T02:12:32Z
ds004945	2024-02-06T14:55:31Z
ds004795	2024-02-06T08:14:49Z
ds004946	2024-02-04T08:48:34Z
ds004625	2024-02-03T05:25:01Z
ds004944	2024-01-30T13:53:38Z
ds004943	2024-01-25T15:15:05Z
ds004147	2024-01-24T19:14:27Z
ds004937	2024-01-20T17:44:24Z
ds001420	2024-01-20T02:56:07Z
ds003382	2024-01-20T01:18:13Z
ds003715	2024-01-20T00:47:34Z
ds003766	2024-01-20T00:43:34Z
ds003096	2024-01-20T00:23:19Z
ds003043	2024-01-20T00:18:54Z
ds003851	2024-01-19T23:00:50Z
ds003871	2024-01-19T22:54:39Z
ds003928	2024-01-19T22:52:10Z
ds003620	2024-01-19T22:32:02Z
ds003470	2024-01-19T21:50:30Z
ds002144	2024-01-19T21:44:37Z
ds001226	2024-01-19T21:28:35Z
ds003770	2024-01-19T20:28:53Z
ds003684	2024-01-19T20:28:09Z
ds003835	2024-01-19T20:16:44Z
ds003171	2024-01-19T19:49:46Z
ds003872	2024-01-19T19:17:43Z
ds001751	2024-01-19T19:16:02Z
ds002620	2024-01-19T19:06:47Z
ds002236	2024-01-19T18:49:28Z
ds002080	2024-01-19T18:23:14Z
ds003834	2024-01-19T18:13:14Z
ds003465	2024-01-19T18:03:10Z
ds000224	2024-01-19T05:43:29Z
ds002013	2024-01-19T04:48:50Z
ds002878	2024-01-19T04:38:16Z
ds003763	2024-01-19T03:00:54Z
ds003673	2024-01-19T03:00:44Z
ds003764	2024-01-19T02:40:01Z
ds001306	2024-01-18T18:29:59Z
ds004356	2024-01-18T17:43:15Z
ds004934	2024-01-17T21:40:20Z
ds004929	2024-01-16T16:49:46Z
ds004906	2024-01-16T14:49:49Z
ds004926	2024-01-11T18:29:08Z
ds003844	2024-01-09T18:49:01Z
ds004752	2024-01-09T06:10:41Z
ds004910	2024-01-09T04:01:04Z
ds004920	2024-01-05T15:18:07Z
ds004499	2024-01-04T21:50:36Z
ds004913	2024-01-04T19:56:22Z
ds004909	2024-01-04T01:08:24Z
ds004733	2023-12-21T23:52:24Z
ds004654	2023-12-21T23:47:11Z
ds004731	2023-12-21T23:47:07Z
ds004730	2023-12-21T22:29:23Z
ds004012	2023-12-21T17:42:35Z
ds004883	2023-12-21T13:43:40Z
ds004697	2023-12-04T20:04:32Z
ds004866	2023-11-30T01:58:41Z
ds004860	2023-11-23T17:54:48Z
ds003516	2023-11-23T09:47:56Z
ds004859	2023-11-23T04:14:00Z
ds004854	2023-11-14T15:37:42Z
ds004853	2023-11-14T15:37:39Z
ds004852	2023-11-14T15:37:32Z
ds004850	2023-11-14T15:37:23Z
ds004849	2023-11-14T15:37:20Z
ds004844	2023-11-13T19:35:57Z
ds004843	2023-11-13T19:08:45Z
ds004842	2023-11-13T18:23:51Z
ds004841	2023-11-13T18:07:53Z
ds004715	2023-11-09T18:44:41Z
ds004620	2023-11-07T08:56:45Z
ds003138	2023-11-06T11:05:51Z
ds004274	2023-11-06T09:38:10Z
ds004229	2023-11-03T18:30:55Z
ds001246	2023-11-01T08:35:52Z
ds004829	2023-10-30T11:50:51Z
ds004835	2023-10-30T09:28:02Z
ds004477	2023-10-29T23:25:26Z
ds000201	2023-10-29T22:28:59Z
ds004783	2023-10-26T15:19:58Z
ds004814	2023-10-26T14:57:53Z
ds004817	2023-10-26T00:13:13Z
ds004816	2023-10-26T00:11:58Z
ds004819	2023-10-26T00:07:46Z
ds004791	2023-10-24T12:55:34Z
ds004542	2023-10-20T20:58:57Z
ds004802	2023-10-19T11:11:09Z
ds004808	2023-10-18T11:15:05Z
ds004078	2023-10-08T05:15:42Z
ds004786	2023-10-04T07:30:54Z
ds004785	2023-10-02T14:00:32Z
ds004776	2023-09-28T19:33:55Z
ds004746	2023-09-27T13:40:58Z
ds004710	2023-09-26T17:06:19Z
ds004775	2023-09-25T20:45:46Z
ds004455	2023-09-24T21:53:28Z
ds004770	2023-09-22T19:58:42Z
ds004073	2023-09-22T07:48:35Z
ds004594	2023-09-20T16:58:09Z
ds003507	2023-09-20T01:45:39Z
ds004767	2023-09-18T01:18:11Z
ds000002	2023-09-15T06:45:23Z
ds004467	2023-09-14T14:40:00Z
ds004019	2023-09-14T09:20:46Z
ds004151	2023-09-14T09:19:07Z
ds004324	2023-09-14T07:39:41Z
ds004443	2023-09-13T12:07:35Z
ds004562	2023-09-13T08:32:33Z
ds004745	2023-09-08T14:15:10Z
ds004725	2023-09-08T13:42:10Z
ds004743	2023-09-07T13:08:57Z
ds004744	2023-09-07T08:41:37Z
ds004742	2023-09-06T07:24:43Z
ds004738	2023-09-03T10:44:35Z
ds002001	2023-08-28T22:10:55Z
ds002034	2023-08-28T22:09:06Z
ds002094	2023-08-28T14:43:12Z
ds002680	2023-08-28T14:34:13Z
ds004720	2023-08-28T04:17:04Z
ds004602	2023-08-27T11:31:28Z
ds004717	2023-08-26T06:15:01Z
ds004706	2023-08-24T02:01:50Z
ds004711	2023-08-23T09:23:02Z
ds004703	2023-08-18T14:38:04Z
ds004589	2023-08-16T21:54:03Z
ds002691	2023-08-16T19:47:51Z
ds002721	2023-08-16T17:50:22Z
ds003004	2023-08-16T17:41:54Z
ds004696	2023-08-16T14:09:16Z
ds002723	2023-08-16T10:40:21Z
ds004692	2023-08-15T20:44:56Z
ds003717	2023-08-15T18:35:50Z
ds004533	2023-08-12T21:18:03Z
ds004626	2023-08-12T08:03:10Z
ds004327	2023-08-08T00:02:55Z
ds004662	2023-08-06T18:14:26Z
ds004660	2023-08-05T17:01:23Z
ds004657	2023-08-05T03:34:47Z
ds004656	2023-08-04T21:29:37Z
ds004341	2023-08-01T10:25:23Z
ds004475	2023-07-31T22:22:04Z
ds004648	2023-07-31T16:40:51Z
ds004650	2023-07-31T13:37:54Z
ds004642	2023-07-31T08:41:10Z
ds002748	2023-07-30T23:12:54Z
ds004595	2023-07-28T16:05:03Z
ds004647	2023-07-27T08:56:42Z
ds004644	2023-07-21T05:48:55Z
ds004448	2023-07-20T11:44:00Z
ds004447	2023-07-20T11:43:58Z
ds004444	2023-07-20T11:43:31Z
ds004446	2023-07-20T11:43:27Z
ds004401	2023-07-18T20:20:44Z
ds003789	2023-07-14T06:21:07Z
ds004632	2023-07-11T14:57:44Z
ds004631	2023-07-10T18:22:31Z
ds004482	2023-07-07T16:58:06Z
ds004483	2023-07-07T16:31:18Z
ds004496	2023-07-07T05:51:23Z
ds004187	2023-07-06T14:06:04Z
ds004598	2023-07-06T12:13:16Z
ds004563	2023-07-05T00:22:04Z
ds003029	2023-06-27T23:39:44Z
ds002893	2023-06-26T14:06:37Z
ds004592	2023-06-16T20:17:33Z
ds004284	2023-06-13T21:16:31Z
ds004597	2023-06-13T14:25:02Z
ds004603	2023-06-13T03:22:52Z
ds004488	2023-06-08T08:14:33Z
ds004584	2023-06-07T21:29:20Z
ds001486	2023-06-07T12:32:55Z
ds004590	2023-06-02T13:13:17Z
ds004588	2023-06-01T11:54:22Z
ds004511	2023-06-01T11:48:08Z
ds003655	2023-05-31T08:25:30Z
ds004580	2023-05-25T17:09:15Z
ds004579	2023-05-25T16:57:36Z
ds004577	2023-05-25T16:12:00Z
ds003216	2023-05-25T09:26:48Z
ds004574	2023-05-24T17:16:19Z
ds004196	2023-05-23T08:00:14Z
ds004564	2023-05-16T17:09:56Z
ds001510	2023-05-16T13:53:54Z
ds002338	2023-05-16T04:46:34Z
ds004532	2023-05-15T16:20:49Z
ds003670	2023-05-15T04:23:02Z
ds004295	2023-05-14T02:17:21Z
ds004386	2023-05-04T21:31:30Z
ds004471	2023-05-04T14:53:55Z
ds004561	2023-05-04T01:13:52Z
ds004513	2023-05-02T11:37:45Z
ds004510	2023-05-01T15:26:12Z
ds004560	2023-04-28T07:54:32Z
ds004357	2023-04-26T07:10:26Z
ds004557	2023-04-24T15:04:09Z
ds004556	2023-04-24T14:55:24Z
ds004554	2023-04-21T16:20:00Z
ds004271	2023-04-20T12:16:14Z
ds004553	2023-04-20T11:41:55Z
ds004552	2023-04-19T15:45:23Z
ds004551	2023-04-07T11:11:30Z
ds004465	2023-04-07T00:39:03Z
ds004102	2023-04-06T10:49:24Z
ds003774	2023-04-05T21:09:59Z
ds004301	2023-04-05T11:23:57Z
ds004169	2023-03-31T00:23:15Z
ds004544	2023-03-30T20:34:59Z
ds004505	2023-03-30T17:20:18Z
ds000105	2023-03-24T18:55:51Z
ds003691	2023-03-24T15:01:13Z
ds004017	2023-03-17T15:10:58Z
ds004440	2023-03-16T08:04:23Z
ds004349	2023-03-14T07:34:11Z
ds004529	2023-03-13T21:15:19Z
ds004360	2023-03-11T11:10:32Z
ds004521	2023-03-07T18:35:45Z
ds003468	2023-03-07T15:54:33Z
ds004520	2023-03-06T17:31:35Z
ds004519	2023-03-04T01:33:58Z
ds004478	2023-03-03T15:16:38Z
ds004484	2023-03-03T15:16:07Z
ds004493	2023-03-03T14:39:17Z
ds004080	2023-02-23T19:33:55Z
ds004509	2023-02-22T08:50:36Z
ds004450	2023-02-20T14:06:27Z
ds004312	2023-02-19T05:52:33Z
ds004502	2023-02-16T23:40:29Z
ds004498	2023-02-15T16:40:33Z
ds002879	2023-02-13T20:50:50Z
ds004473	2023-02-08T00:48:03Z
ds004369	2023-02-06T14:16:29Z
ds004368	2023-01-31T22:09:26Z
ds004406	2023-01-30T15:39:08Z
ds004441	2023-01-25T08:53:24Z
ds004398	2023-01-23T14:29:45Z
ds004408	2023-01-20T15:17:35Z
ds004400	2023-01-18T19:00:13Z
ds004393	2023-01-16T18:34:15Z
ds004285	2023-01-12T15:42:30Z
ds004367	2022-12-15T12:45:32Z
ds000011	2022-12-14T23:13:40Z
ds002979	2022-12-13T10:15:00Z
ds004359	2022-12-10T08:29:41Z
ds004347	2022-11-28T17:09:00Z
ds003602	2022-11-28T13:01:05Z
ds004339	2022-11-25T15:13:45Z
ds000158	2022-11-23T12:58:45Z
ds003633	2022-11-23T06:50:41Z
ds004331	2022-11-08T13:37:55Z
ds004330	2022-11-08T11:21:59Z
ds004286	2022-11-04T19:29:45Z
ds001506	2022-11-03T12:22:14Z
ds002578	2022-11-02T18:02:35Z
ds004302	2022-11-02T16:13:16Z
ds004317	2022-10-27T16:57:57Z
ds001832	2022-10-27T09:20:59Z
ds004315	2022-10-27T05:11:07Z
ds003887	2022-10-24T20:34:10Z
ds003885	2022-10-24T20:28:00Z
ds003801	2022-10-24T20:20:22Z
ds003753	2022-10-24T20:06:46Z
ds003710	2022-10-24T20:01:12Z
ds003638	2022-10-21T21:16:09Z
ds004299	2022-10-21T17:42:00Z
ds000031	2022-10-18T01:42:41Z
ds003659	2022-10-13T13:49:53Z
ds004213	2022-10-10T18:21:48Z
ds004276	2022-10-07T15:21:25Z
ds004283	2022-09-30T15:57:20Z
ds004280	2022-09-27T16:45:55Z
ds004278	2022-09-26T16:19:38Z
ds002989	2022-09-18T02:09:38Z
ds004264	2022-09-13T14:57:13Z
ds004262	2022-09-08T19:59:22Z
ds004256	2022-09-07T01:11:07Z
ds004259	2022-09-01T14:14:03Z
ds003836	2022-08-30T10:18:35Z
ds004127	2022-08-22T18:08:03Z
ds004254	2022-08-22T09:51:13Z
ds004145	2022-08-19T09:33:59Z
ds004252	2022-08-17T09:52:53Z
ds002643	2022-08-15T09:58:07Z
ds004081	2022-08-10T10:38:47Z
ds003876	2022-08-04T18:02:16Z
ds004228	2022-08-01T17:47:06Z
ds004015	2022-08-01T14:50:08Z
ds002790	2022-08-01T05:44:24Z
ds003354	2022-07-25T07:03:34Z
ds004226	2022-07-21T21:28:18Z
ds004219	2022-07-21T17:59:54Z
ds004217	2022-07-20T21:23:24Z
ds003570	2022-07-19T21:10:16Z
ds004186	2022-07-15T17:04:40Z
ds004200	2022-07-11T11:47:48Z
ds004065	2022-07-01T14:31:31Z
ds003999	2022-06-29T10:38:02Z
ds004068	2022-06-24T12:05:21Z
ds000248	2022-06-23T22:29:12Z
ds003688	2022-06-23T18:03:49Z
ds004166	2022-06-17T10:33:07Z
ds004117	2022-06-16T23:23:13Z
ds004161	2022-06-15T16:19:51Z
ds004152	2022-06-14T15:45:21Z
ds003061	2022-06-13T14:27:27Z
ds004142	2022-06-13T14:22:11Z
ds004130	2022-06-09T13:11:49Z
ds004131	2022-06-09T13:10:03Z
ds001927	2022-06-08T05:28:36Z
ds004144	2022-06-06T15:56:25Z
ds004129	2022-06-04T15:38:41Z
ds004128	2022-05-24T23:11:44Z
ds001379	2022-05-24T13:14:48Z
ds004094	2022-05-20T17:38:47Z
ds003233	2022-05-05T17:35:38Z
ds004086	2022-05-05T16:20:02Z
ds004105	2022-05-05T13:49:37Z
ds004118	2022-05-04T22:58:27Z
ds004119	2022-05-04T22:58:02Z
ds004120	2022-05-04T22:57:36Z
ds004122	2022-05-04T22:57:02Z
ds004123	2022-05-04T22:56:28Z
ds004121	2022-05-04T22:55:55Z
ds003922	2022-05-02T14:15:09Z
ds004106	2022-04-29T20:29:37Z
ds004114	2022-04-28T09:34:37Z
ds004116	2022-04-28T09:34:22Z
ds004109	2022-04-26T12:50:18Z
ds004107	2022-04-22T19:51:16Z
ds004097	2022-04-19T14:10:14Z
ds004101	2022-04-18T09:07:43Z
ds004033	2022-04-14T17:42:03Z
ds003696	2022-04-13T05:24:39Z
ds003929	2022-04-08T17:21:56Z
ds004042	2022-04-07T21:13:26Z
ds003401	2022-04-01T13:04:29Z
ds004092	2022-03-31T11:19:59Z
ds002908	2022-03-30T03:39:44Z
ds003352	2022-03-30T03:11:33Z
ds001499	2022-03-23T17:44:51Z
ds004075	2022-03-18T01:49:07Z
ds004021	2022-03-17T04:18:43Z
ds003380	2022-03-14T19:35:58Z
ds003374	2022-03-14T19:32:42Z
ds004067	2022-03-13T21:32:39Z
ds003993	2022-03-10T06:05:12Z
ds001796	2022-03-09T17:58:57Z
ds004056	2022-03-09T15:34:02Z
ds003831	2022-03-03T21:19:23Z
ds003965	2022-03-01T13:24:11Z
ds004043	2022-02-25T03:17:53Z
ds004040	2022-02-24T03:20:26Z
ds004038	2022-02-22T04:05:01Z
ds004018	2022-02-18T12:40:57Z
ds002606	2022-02-16T18:17:21Z
ds002603	2022-02-16T17:55:46Z
ds002550	2022-02-16T17:36:01Z
ds000204	2022-02-16T17:21:41Z
ds000133	2022-02-14T09:39:33Z
ds003988	2022-02-08T12:36:29Z
ds003959	2022-02-03T02:54:27Z
ds003969	2022-02-03T02:53:04Z
ds003950	2022-02-03T02:52:38Z
ds003972	2022-02-03T02:48:00Z
ds003967	2022-02-03T02:44:50Z
ds003987	2022-02-01T20:21:08Z
ds003340	2022-01-30T22:35:19Z
ds002741	2022-01-30T22:34:28Z
ds002675	2022-01-30T22:33:27Z
ds001848	2022-01-30T22:31:14Z
ds003427	2022-01-30T22:28:48Z
ds003381	2022-01-30T22:27:49Z
ds003357	2022-01-30T22:26:42Z
ds002738	2022-01-30T22:24:41Z
ds002684	2022-01-30T22:23:34Z
ds003176	2022-01-30T22:17:09Z
ds001371	2022-01-30T22:12:40Z
ds002169	2022-01-30T21:53:57Z
ds000232	2022-01-30T21:38:26Z
ds004010	2022-01-26T19:34:44Z
ds003521	2022-01-25T19:46:25Z
ds004009	2022-01-25T10:54:20Z
ds004006	2022-01-24T13:32:56Z
ds004007	2022-01-24T13:32:45Z
ds004000	2022-01-20T13:46:52Z
ds003949	2022-01-19T05:06:47Z
ds003592	2022-01-18T19:36:15Z
ds003798	2022-01-14T19:46:24Z
ds003990	2022-01-12T16:04:40Z
ds003989	2022-01-11T20:28:55Z
ds003097	2021-12-13T08:42:03Z
ds001421	2021-12-08T19:34:23Z
ds003505	2021-12-06T20:53:05Z
ds003850	2021-12-06T20:18:41Z
ds003555	2021-11-20T12:31:08Z
ds003858	2021-11-02T16:55:54Z
ds003849	2021-10-22T17:06:51Z
ds003825	2021-10-22T16:34:02Z
ds003805	2021-10-22T15:57:57Z
ds003822	2021-10-22T15:52:17Z
ds003830	2021-10-22T15:50:23Z
ds003800	2021-10-22T15:44:02Z
ds003810	2021-10-22T15:43:15Z
ds003799	2021-10-22T15:41:31Z
ds003812	2021-10-22T06:37:56Z
ds003787	2021-10-22T05:14:27Z
ds003791	2021-10-22T05:14:22Z
ds003782	2021-10-21T23:40:33Z
ds003821	2021-10-21T23:18:37Z
ds003778	2021-10-21T22:46:39Z
ds003777	2021-10-21T21:35:21Z
ds003524	2021-10-18T17:07:28Z
ds002814	2021-10-16T01:02:17Z
ds002873	2021-10-16T00:44:00Z
ds003430	2021-09-13T21:09:25Z
ds003499	2021-08-23T14:43:57Z
ds003772	2021-08-20T14:09:42Z
ds002843	2021-08-19T16:59:38Z
ds002835	2021-08-19T16:54:31Z
ds003758	2021-08-18T00:00:48Z
ds003768	2021-08-17T17:52:52Z
ds003721	2021-08-17T13:47:08Z
ds000240	2021-08-17T02:15:41Z
ds003751	2021-08-15T09:20:57Z
ds003720	2021-08-11T16:17:58Z
ds003459	2021-08-09T14:49:12Z
ds002886	2021-08-09T14:37:20Z
ds002424	2021-08-09T14:33:20Z
ds003397	2021-08-09T03:13:24Z
ds003646	2021-08-06T05:28:29Z
ds003590	2021-08-03T12:49:46Z
ds003007	2021-08-03T05:38:49Z
ds003739	2021-08-02T17:07:56Z
ds003661	2021-08-02T11:23:42Z
ds003752	2021-07-30T15:12:37Z
ds001541	2021-07-27T08:02:56Z
ds003464	2021-07-27T07:59:46Z
ds003416	2021-07-21T20:14:49Z
ds003550	2021-07-19T11:39:06Z
ds003554	2021-07-19T11:38:21Z
ds003553	2021-07-19T11:34:45Z
ds003722	2021-07-14T12:47:38Z
ds003694	2021-07-13T14:18:21Z
ds003716	2021-07-13T04:41:07Z
ds003338	2021-07-11T00:50:32Z
ds003711	2021-07-02T23:27:30Z
ds003714	2021-07-01T13:54:35Z
ds003709	2021-06-28T16:46:48Z
ds003707	2021-06-25T04:08:58Z
ds003701	2021-06-24T01:52:59Z
ds003708	2021-06-23T18:56:12Z
ds003703	2021-06-23T09:49:56Z
ds003702	2021-06-18T08:51:06Z
ds002870	2021-06-15T02:03:39Z
ds002868	2021-06-15T02:03:03Z
ds003126	2021-06-10T11:49:30Z
ds003690	2021-06-10T09:04:45Z
ds003345	2021-06-09T18:57:53Z
ds003419	2021-06-09T07:49:10Z
ds003574	2021-06-07T09:57:29Z
ds003682	2021-06-06T02:29:10Z
ds003453	2021-06-04T15:00:48Z
ds003437	2021-06-04T05:47:52Z
ds003455	2021-06-04T05:46:04Z
ds003011	2021-06-02T18:43:37Z
ds003669	2021-05-29T23:15:03Z
ds003481	2021-05-24T18:32:31Z
ds003392	2021-05-18T15:35:13Z
ds003647	2021-05-07T09:37:46Z
ds003343	2021-05-05T13:15:34Z
ds003487	2021-05-02T13:38:37Z
ds003639	2021-04-30T20:38:55Z
ds001785	2021-04-28T15:30:23Z
ds003604	2021-04-27T12:15:45Z
ds001161	2021-04-26T16:05:38Z
ds003500	2021-04-20T00:54:45Z
ds003094	2021-04-17T20:27:26Z
ds003498	2021-04-14T11:04:32Z
ds002328	2021-04-12T16:20:55Z
ds003606	2021-04-10T14:50:52Z
ds003520	2021-04-08T13:59:54Z
ds003548	2021-04-08T05:44:05Z
ds003563	2021-04-08T00:49:35Z
ds003151	2021-04-06T00:44:53Z
ds003599	2021-04-05T17:09:06Z
ds001942	2021-04-01T23:52:08Z
ds002185	2021-04-01T23:49:03Z
ds003396	2021-04-01T23:43:33Z
ds003017	2021-04-01T22:17:43Z
ds002674	2021-04-01T19:43:50Z
ds001894	2021-03-23T13:31:45Z
ds003083	2021-03-23T13:22:00Z
ds003076	2021-03-21T00:06:52Z
ds003540	2021-03-20T19:22:53Z
ds003568	2021-03-18T16:32:44Z
ds003569	2021-03-18T10:53:51Z
ds003565	2021-03-14T12:36:22Z
ds003511	2021-03-08T13:58:18Z
ds003436	2021-03-04T13:05:28Z
ds003552	2021-03-03T10:50:28Z
ds003037	2021-03-02T22:19:24Z
ds003346	2021-02-24T21:41:43Z
ds003545	2021-02-24T01:29:41Z
ds003542	2021-02-23T22:17:25Z
ds003523	2021-02-22T21:30:19Z
ds003522	2021-02-19T23:10:10Z
ds003519	2021-02-17T17:22:50Z
ds003469	2021-02-17T16:55:01Z
ds003518	2021-02-16T18:49:01Z
ds003517	2021-02-15T18:16:44Z
ds002366	2021-02-12T13:50:44Z
ds003509	2021-02-08T22:53:47Z
ds002168	2021-02-08T22:44:50Z
ds003474	2021-02-05T22:00:18Z
ds003506	2021-02-05T20:28:17Z
ds003495	2021-02-01T16:52:20Z
ds003027	2021-01-29T15:56:01Z
ds003454	2021-01-29T08:36:26Z
ds003490	2021-01-27T18:31:47Z
ds002307	2021-01-27T08:45:50Z
ds001353	2021-01-25T23:56:07Z
ds002995	2021-01-25T23:38:32Z
ds002685	2021-01-25T10:35:42Z
ds003483	2021-01-24T11:21:50Z
ds003417	2021-01-20T18:38:20Z
ds003466	2021-01-19T14:33:27Z
ds003478	2021-01-18T20:09:07Z
ds003012	2021-01-18T18:39:51Z
ds003463	2021-01-15T10:40:13Z
ds002422	2021-01-10T18:09:55Z
ds000231	2021-01-06T17:40:39Z
ds003458	2021-01-04T22:50:09Z
ds003452	2021-01-04T22:40:21Z
ds002634	2020-12-18T15:50:15Z
ds003446	2020-12-18T01:45:04Z
ds003445	2020-12-18T01:44:41Z
ds003444	2020-12-18T01:44:09Z
ds003442	2020-12-18T01:22:58Z
ds003443	2020-12-18T01:22:14Z
ds003441	2020-12-18T01:11:21Z
ds003440	2020-12-18T01:09:02Z
ds003439	2020-12-18T00:59:32Z
ds003438	2020-12-18T00:59:17Z
ds003433	2020-12-17T03:47:23Z
ds003434	2020-12-17T03:47:10Z
ds002813	2020-12-16T20:59:15Z
ds003424	2020-12-15T12:23:34Z
ds003192	2020-12-14T23:18:04Z
ds003421	2020-12-13T17:42:16Z
ds003420	2020-12-13T17:41:11Z
ds002116	2020-12-10T22:19:31Z
ds002158	2020-12-05T01:07:05Z
ds002608	2020-12-05T00:08:12Z
ds001780	2020-12-05T00:00:07Z
ds002672	2020-12-04T23:08:17Z
ds002602	2020-12-04T22:50:53Z
ds002647	2020-12-04T22:34:42Z
ds001814	2020-12-04T19:20:51Z
ds002241	2020-12-03T13:03:48Z
ds002134	2020-12-01T21:04:14Z
ds002382	2020-12-01T20:46:47Z
ds001847	2020-12-01T20:17:49Z
ds001838	2020-11-30T22:51:21Z
ds001839	2020-11-30T22:23:44Z
ds003082	2020-11-30T22:13:44Z
ds001734	2020-11-26T13:20:09Z
ds003342	2020-10-21T18:34:46Z
ds003170	2020-10-16T15:27:11Z
ds003325	2020-10-14T13:24:00Z
ds003194	2020-10-13T02:55:33Z
ds003195	2020-10-13T02:53:49Z
ds003242	2020-10-07T05:04:47Z
ds003190	2020-10-06T01:18:22Z
ds003095	2020-09-30T05:34:25Z
ds002549	2020-09-25T00:31:42Z
ds001840	2020-09-24T23:35:38Z
ds001241	2020-09-24T23:24:33Z
ds000217	2020-09-24T23:21:01Z
ds002041	2020-09-24T23:14:31Z
ds002735	2020-09-24T23:09:19Z
ds003145	2020-09-23T20:07:14Z
ds003136	2020-09-23T19:33:13Z
ds003146	2020-09-23T19:23:48Z
ds003148	2020-09-23T18:49:54Z
ds003114	2020-09-23T18:24:50Z
ds002306	2020-09-10T08:23:20Z
ds002898	2020-09-08T06:40:18Z
ds003085	2020-09-02T03:51:23Z
ds003090	2020-09-02T03:31:59Z
ds003104	2020-09-02T03:18:55Z
ds003103	2020-09-02T02:55:11Z
ds003098	2020-09-02T02:51:48Z
ds003089	2020-09-02T02:48:34Z
ds003078	2020-09-02T02:39:55Z
ds001419	2020-08-25T22:00:37Z
ds000249	2020-08-25T21:15:33Z
ds001454	2020-08-25T00:27:17Z
ds000254	2020-08-24T21:42:59Z
ds001545	2020-08-23T14:31:59Z
ds000200	2020-08-23T03:22:29Z
ds000157	2020-08-22T21:22:33Z
ds000009	2020-08-21T20:37:34Z
ds002936	2020-08-20T20:37:24Z
ds002785	2020-08-17T20:37:07Z
ds003028	2020-08-14T17:09:53Z
ds003008	2020-08-14T01:41:19Z
ds001415	2020-08-12T02:58:28Z
ds000149	2020-08-11T09:58:11Z
ds003047	2020-08-07T18:06:56Z
ds003059	2020-08-07T14:29:49Z
ds001747	2020-08-06T20:43:02Z
ds002990	2020-07-30T07:18:58Z
ds002766	2020-07-30T04:39:07Z
ds002609	2020-07-29T17:21:18Z
ds001399	2020-07-29T17:20:04Z
ds001761	2020-07-22T18:56:21Z
ds002033	2020-07-22T18:55:01Z
ds001883	2020-07-22T18:43:57Z
ds001653	2020-07-22T18:39:07Z
ds001417	2020-07-22T18:31:48Z
ds000206	2020-07-22T18:07:02Z
ds001849	2020-07-22T14:20:15Z
ds002905	2020-07-21T13:22:14Z
ds003023	2020-07-20T18:26:58Z
ds002833	2020-07-20T17:52:40Z
ds002791	2020-07-17T21:24:20Z
ds002994	2020-07-17T20:59:42Z
ds002351	2020-07-16T14:28:23Z
ds002717	2020-07-15T13:10:40Z
ds002322	2020-07-13T23:35:20Z
ds001619	2020-07-13T23:34:38Z
ds002776	2020-07-13T06:03:28Z
ds003005	2020-07-10T14:32:54Z
ds002982	2020-06-29T21:54:12Z
ds002941	2020-06-29T13:43:01Z
ds002940	2020-06-26T18:22:07Z
ds002938	2020-06-26T15:33:23Z
ds002939	2020-06-25T18:17:16Z
ds002885	2020-06-24T07:31:42Z
ds002912	2020-06-23T20:18:19Z
ds002862	2020-06-22T11:57:50Z
ds002711	2020-06-19T00:25:31Z
ds002156	2020-06-19T00:23:10Z
ds001919	2020-06-19T00:21:29Z
ds002393	2020-06-19T00:21:18Z
ds002872	2020-06-19T00:07:42Z
ds002363	2020-06-18T23:41:38Z
ds002896	2020-06-17T13:40:12Z
ds002894	2020-06-17T12:02:00Z
ds001348	2020-06-08T22:54:40Z
ds002841	2020-06-01T23:46:04Z
ds002842	2020-06-01T23:40:06Z
ds002844	2020-05-25T10:49:49Z
ds002809	2020-05-23T09:44:52Z
ds002770	2020-05-23T05:56:41Z
ds002712	2020-05-23T05:04:06Z
ds002683	2020-05-23T04:57:22Z
ds002596	2020-05-23T04:47:49Z
ds002574	2020-05-23T04:45:19Z
ds002551	2020-05-23T04:43:48Z
ds002547	2020-05-23T04:31:30Z
ds002543	2020-05-22T23:42:05Z
ds002419	2020-05-22T23:29:18Z
ds002411	2020-05-22T23:25:01Z
ds002380	2020-05-22T23:20:07Z
ds002330	2020-05-22T22:35:08Z
ds002320	2020-05-22T22:29:25Z
ds002311	2020-05-22T22:13:59Z
ds002294	2020-05-22T22:01:25Z
ds002250	2020-05-22T21:36:41Z
ds002237	2020-05-22T21:23:53Z
ds002149	2020-05-22T20:42:17Z
ds002040	2020-05-22T20:30:27Z
ds002014	2020-05-22T20:22:57Z
ds002006	2020-05-22T20:14:03Z
ds001981	2020-05-22T20:02:38Z
ds001882	2020-05-22T19:03:33Z
ds001868	2020-05-22T19:00:23Z
ds001784	2020-05-22T18:39:28Z
ds001769	2020-05-22T18:12:44Z
ds001614	2020-05-22T14:46:15Z
ds001608	2020-05-22T14:41:45Z
ds001583	2020-05-22T14:20:25Z
ds001563	2020-05-22T13:58:11Z
ds001534	2020-05-22T13:25:25Z
ds001529	2020-05-22T13:22:01Z
ds001525	2020-05-22T13:21:11Z
ds001517	2020-05-22T13:16:40Z
ds001511	2020-05-22T13:13:52Z
ds001497	2020-05-22T12:04:29Z
ds001461	2020-05-22T11:55:39Z
ds001408	2020-05-22T10:46:57Z
ds001110	2020-05-22T08:49:19Z
ds001019	2020-05-22T08:29:48Z
ds000233	2020-05-22T07:16:40Z
ds000003	2020-05-21T20:04:55Z
ds002731	2020-05-19T02:23:43Z
ds002726	2020-05-19T00:49:51Z
ds002739	2020-05-19T00:48:41Z
ds002733	2020-05-19T00:37:50Z
ds002737	2020-05-19T00:25:27Z
ds002743	2020-05-19T00:04:43Z
ds002295	2020-05-18T17:18:09Z
ds002793	2020-05-17T22:21:09Z
ds002797	2020-05-16T00:09:49Z
ds002105	2020-05-10T23:15:39Z
ds002614	2020-05-08T17:02:37Z
ds002773	2020-05-06T08:08:21Z
ds002727	2020-05-05T20:40:35Z
ds002734	2020-05-04T14:06:55Z
ds002749	2020-04-28T02:26:03Z
ds002750	2020-04-28T02:00:48Z
ds002725	2020-04-24T19:34:18Z
ds002724	2020-04-24T16:06:09Z
ds002722	2020-04-24T15:51:09Z
ds002720	2020-04-24T15:47:13Z
ds002732	2020-04-24T14:49:11Z
ds002715	2020-04-17T12:43:53Z
ds002702	2020-04-14T01:52:08Z
ds002655	2020-04-10T20:41:50Z
ds002513	2020-02-14T18:46:48Z
ds002522	2020-02-05T21:12:00Z
ds001131	2020-01-21T17:46:02Z
ds002374	2019-12-19T21:12:44Z
ds002372	2019-12-19T15:02:55Z
ds002367	2019-12-18T15:57:39Z
ds002358	2019-12-15T11:02:37Z
ds002355	2019-12-14T02:21:29Z
ds002274	2019-12-14T00:08:21Z
ds002270	2019-12-14T00:07:33Z
ds002181	2019-12-13T23:34:45Z
ds002165	2019-12-13T23:33:27Z
ds001491	2019-12-13T23:23:33Z
ds001430	2019-12-13T23:17:03Z
ds001302	2019-12-13T22:18:58Z
ds001297	2019-12-13T22:13:47Z
ds001293	2019-12-13T22:05:57Z
ds001235	2019-12-13T21:54:39Z
ds001233	2019-12-13T21:51:00Z
ds001228	2019-12-13T21:48:20Z
ds001218	2019-12-13T21:41:05Z
ds001167	2019-12-13T21:36:46Z
ds001107	2019-12-13T21:24:31Z
ds000256	2019-12-13T21:03:11Z
ds000253	2019-12-13T20:58:54Z
ds000243	2019-12-13T20:43:04Z
ds000238	2019-12-13T20:37:03Z
ds000223	2019-12-13T20:34:04Z
ds000203	2019-12-13T19:17:35Z
ds000171	2019-12-13T19:15:24Z
ds000170	2019-12-13T19:13:15Z
ds000140	2019-12-13T19:08:04Z
ds000121	2019-12-13T19:00:40Z
ds000119	2019-12-13T18:56:09Z
ds000115	2019-12-13T18:51:19Z
ds000110	2019-12-13T18:07:08Z
ds000108	2019-12-13T18:04:01Z
ds000053	2019-12-13T17:53:04Z
ds000007	2019-12-13T17:20:49Z
ds000006	2019-12-13T17:17:55Z
ds000236	2019-12-05T21:51:34Z
ds000235	2019-12-05T21:50:55Z
ds000222	2019-12-05T17:43:34Z
ds001345	2019-11-29T10:26:15Z
ds002316	2019-11-13T04:48:59Z
ds000210	2019-11-12T06:08:18Z
ds002293	2019-10-31T14:26:52Z
ds001946	2019-10-21T18:21:21Z
ds001725	2019-10-18T19:53:00Z
ds002179	2019-10-18T19:51:04Z
ds002154	2019-10-18T19:45:49Z
ds002155	2019-10-18T19:42:53Z
ds002076	2019-10-18T19:41:02Z
ds002153	2019-10-18T19:40:28Z
ds001482	2019-10-18T19:14:31Z
ds002207	2019-10-18T19:04:17Z
ds002242	2019-10-15T18:33:08Z
ds001928	2019-10-15T14:40:30Z
ds001439	2019-10-11T00:31:46Z
ds001722	2019-10-11T00:30:32Z
ds002218	2019-10-03T05:30:07Z
ds000216	2019-09-30T19:21:34Z
ds002087	2019-08-03T17:33:20Z
ds001818	2019-07-10T13:04:08Z
ds002016	2019-07-09T20:21:44Z
ds001745	2019-07-08T15:18:50Z
ds002011	2019-07-04T01:11:00Z
ds002000	2019-06-28T17:12:03Z
ds001972	2019-06-20T18:48:34Z
ds001890	2019-06-17T14:56:38Z
ds001720	2019-06-17T14:55:37Z
ds001978	2019-06-14T18:35:32Z
ds001984	2019-06-14T18:34:59Z
ds001971	2019-06-12T12:35:26Z
ds001966	2019-06-07T16:01:30Z
ds001242	2019-06-06T11:48:53Z
ds001299	2019-06-05T17:40:11Z
ds001875	2019-06-05T14:42:16Z
ds001810	2019-05-28T12:26:02Z
ds001945	2019-05-24T15:21:10Z
ds001926	2019-05-21T15:04:32Z
ds000174	2019-05-16T21:52:48Z
ds000172	2019-05-16T21:08:54Z
ds000168	2019-05-16T19:01:47Z
ds001912	2019-05-16T16:55:02Z
ds000148	2019-05-15T22:32:58Z
ds000228	2019-05-15T20:32:06Z
ds001923	2019-05-15T16:47:44Z
ds001921	2019-05-15T16:47:31Z
ds001762	2019-05-15T14:57:36Z
ds000237	2019-05-15T03:27:40Z
ds001132	2019-04-04T19:51:25Z
ds001635	2019-04-04T18:18:49Z
ds001145	2019-04-04T14:25:46Z
ds001748	2019-03-18T10:56:01Z
ds001229	2019-03-14T20:56:20Z
ds001740	2019-03-08T08:00:39Z
ds001590	2019-03-06T23:26:39Z
ds001775	2019-03-06T14:44:42Z
ds000212	2019-03-04T19:55:30Z
ds001771	2019-02-28T10:11:47Z
ds001521	2019-02-22T14:57:05Z
ds001554	2019-02-22T14:53:37Z
ds001232	2019-02-22T14:43:27Z
ds001621	2019-02-21T16:38:12Z
ds001715	2019-02-15T16:00:34Z
ds000220	2019-02-15T01:13:56Z
ds001743	2019-02-08T21:27:45Z
ds001728	2019-02-05T00:58:46Z
ds001652	2019-01-20T19:15:44Z
ds001168	2019-01-07T21:51:06Z
ds001634	2019-01-03T11:18:01Z
ds001612	2019-01-02T15:44:30Z
ds001354	2018-12-29T08:56:46Z
ds001618	2018-12-12T13:55:36Z
ds000241	2018-12-07T01:58:45Z
ds001607	2018-12-05T16:47:03Z
ds001600	2018-11-24T17:35:59Z
ds001597	2018-11-19T16:14:53Z
ds001595	2018-11-16T12:50:28Z
ds001591	2018-11-14T01:03:36Z
ds001344	2018-11-09T09:05:44Z
ds001365	2018-11-01T18:31:13Z
ds001576	2018-10-31T18:33:30Z
ds001566	2018-10-23T16:20:26Z
ds001338	2018-10-19T16:25:31Z
ds001551	2018-10-17T11:12:31Z
ds001555	2018-10-16T16:58:54Z
ds001553	2018-10-15T20:13:39Z
ds001547	2018-10-12T15:54:19Z
ds000244	2018-09-14T20:33:34Z
ds001021	2018-08-15T15:27:15Z
ds001450	2018-08-01T03:42:37Z
ds001357	2018-07-18T04:48:29Z
ds001339	2018-07-18T03:12:18Z
ds000239	2018-07-18T02:25:12Z
ds000213	2018-07-18T02:24:17Z
ds000214	2018-07-17T18:59:28Z
ds000229	2018-07-17T14:48:38Z
ds000164	2018-07-17T14:41:25Z
ds000245	2018-07-17T14:40:02Z
ds000205	2018-07-17T14:34:25Z
ds000120	2018-07-17T13:10:28Z
ds000144	2018-07-17T13:08:16Z
ds000234	2018-07-17T02:22:17Z
ds000218	2018-07-17T02:20:22Z
ds000219	2018-07-17T02:02:34Z
ds000202	2018-07-17T01:19:49Z
ds000255	2018-07-16T19:18:23Z
ds000138	2018-07-16T18:46:19Z
ds001247	2018-07-15T15:18:47Z
ds001178	2018-07-14T12:07:51Z
ds001037	2018-07-14T03:17:13Z
ds000122	2018-07-14T02:28:05Z
ds000017	2018-07-14T02:24:58Z
ds000107	2018-07-14T02:00:23Z
ds000101	2018-07-14T01:51:38Z
ds000052	2018-07-14T01:49:41Z
ds000051	2018-07-14T01:46:27Z
ds000008	2018-07-14T01:41:42Z
ds000005	2018-07-14T01:27:07Z
