failed_at	repo	reason
2026-04-14T17:41:55Z	ds004169	empty_entries
2026-04-14T17:41:55Z	ds004186	empty_entries
2026-04-14T17:41:55Z	ds004215	empty_entries
2026-04-14T17:41:55Z	ds004889	empty_entries
2026-04-14T17:41:55Z	ds004935	empty_entries
2026-04-14T21:44:26Z	ds005063	empty_entries
2026-04-14T21:44:26Z	ds005443	empty_entries
2026-04-14T21:44:26Z	ds006187	empty_entries
2026-04-14T21:44:26Z	ds006391	empty_entries
2026-04-14T21:44:26Z	ds006948	empty_entries
2026-04-14T21:44:26Z	ds006950	empty_entries
2026-04-14T21:44:26Z	ds006951	empty_entries
2026-04-14T21:44:26Z	ds006959	empty_entries
2026-04-14T21:44:26Z	ds006962	empty_entries
2026-04-14T21:44:26Z	ds006969	empty_entries
2026-04-14T21:44:26Z	ds006978	empty_entries
2026-04-14T21:44:26Z	ds006980	empty_entries
2026-04-14T21:44:26Z	ds006995	empty_entries
2026-04-14T21:44:26Z	ds006997	empty_entries
2026-04-14T21:44:26Z	ds006998	empty_entries
2026-04-14T21:44:26Z	ds006999	empty_entries
2026-04-14T21:44:26Z	ds007000	empty_entries
2026-04-14T21:44:26Z	ds007001	empty_entries
2026-04-14T21:44:26Z	ds007002	empty_entries
2026-04-14T21:44:26Z	ds007003	empty_entries
2026-04-14T21:44:26Z	ds007004	empty_entries
2026-04-14T21:44:26Z	ds007005	empty_entries
2026-04-14T21:44:26Z	ds007007	empty_entries
2026-04-14T21:44:26Z	ds007008	empty_entries
2026-04-14T21:44:26Z	ds007009	empty_entries
2026-04-14T21:44:26Z	ds007010	empty_entries
2026-04-14T21:44:26Z	ds007011	empty_entries
2026-04-14T21:44:26Z	ds007012	empty_entries
2026-04-14T21:44:26Z	ds007021	empty_entries
2026-04-14T21:44:26Z	ds007023	empty_entries
2026-04-14T21:44:26Z	ds007024	empty_entries
2026-04-14T21:44:26Z	ds007025	empty_entries
2026-04-14T21:44:26Z	ds007029	empty_entries
2026-04-14T21:44:26Z	ds007030	empty_entries
2026-04-14T21:44:26Z	ds007032	empty_entries
2026-04-14T21:44:26Z	ds007036	empty_entries
2026-04-14T21:44:26Z	ds007038	empty_entries
2026-04-14T21:44:26Z	ds007039	empty_entries
2026-04-14T21:44:26Z	ds007051	empty_entries
2026-04-14T21:44:26Z	ds007058	empty_entries
2026-04-14T21:44:26Z	ds007060	empty_entries
2026-04-14T21:44:26Z	ds007061	empty_entries
2026-04-14T21:44:26Z	ds007062	empty_entries
2026-04-14T21:44:26Z	ds007065	empty_entries
2026-04-14T21:44:26Z	ds007068	empty_entries
2026-04-14T21:44:26Z	ds007074	empty_entries
2026-04-14T21:44:26Z	ds007082	empty_entries
2026-04-14T21:44:26Z	ds007102	empty_entries
2026-04-14T21:44:26Z	ds007111	empty_entries
2026-04-14T21:44:26Z	ds007114	empty_entries
2026-04-14T21:44:26Z	ds007123	empty_entries
2026-04-14T21:44:26Z	ds007124	empty_entries
2026-04-14T21:44:26Z	ds007125	empty_entries
2026-04-14T21:44:26Z	ds007146	empty_entries
2026-04-14T21:44:26Z	ds007157	empty_entries
2026-04-14T21:44:26Z	ds007159	empty_entries
2026-04-14T21:44:26Z	ds007160	empty_entries
2026-04-14T21:44:26Z	ds007161	empty_entries
2026-04-14T21:44:26Z	ds007170	empty_entries
2026-04-14T21:44:26Z	ds007173	empty_entries
2026-04-14T21:44:26Z	ds007179	empty_entries
2026-04-14T21:44:26Z	ds007183	empty_entries
2026-04-14T21:44:26Z	ds007196	empty_entries
2026-04-14T21:44:26Z	ds007207	empty_entries
2026-04-14T21:44:26Z	ds007212	empty_entries
2026-04-14T21:44:26Z	ds007222	empty_entries
2026-04-14T21:44:26Z	ds007234	empty_entries
2026-04-14T21:44:26Z	ds007236	empty_entries
2026-04-14T21:44:26Z	ds007238	empty_entries
2026-04-14T21:44:26Z	ds007241	empty_entries
2026-04-14T21:44:26Z	ds007242	empty_entries
2026-04-14T21:44:26Z	ds007245	empty_entries
2026-04-14T21:44:26Z	ds007248	empty_entries
2026-04-14T21:44:26Z	ds007283	empty_entries
2026-04-14T21:44:26Z	ds007284	empty_entries
2026-04-14T21:44:26Z	ds007286	empty_entries
2026-04-14T21:44:26Z	ds007285	empty_entries
2026-04-14T21:44:26Z	ds007292	empty_entries
2026-04-14T21:44:26Z	ds007293	empty_entries
2026-04-14T21:44:26Z	ds007300	empty_entries
2026-04-14T21:44:26Z	ds007304	empty_entries
2026-04-14T21:44:26Z	ds007325	empty_entries
2026-04-14T21:44:26Z	ds007326	empty_entries
2026-04-14T21:44:26Z	ds007327	empty_entries
2026-04-14T21:44:26Z	ds007336	empty_entries
2026-04-14T21:44:26Z	ds007339	empty_entries
2026-04-14T21:44:26Z	ds007341	empty_entries
2026-04-14T21:44:26Z	ds007348	empty_entries
2026-04-14T21:44:26Z	ds007349	empty_entries
2026-04-14T21:44:26Z	ds007350	empty_entries
2026-04-14T21:44:26Z	ds007354	empty_entries
2026-04-14T21:44:26Z	ds006692	empty_entries
2026-04-14T21:44:26Z	ds007357	empty_entries
2026-04-14T21:44:26Z	ds007358	empty_entries
2026-04-14T21:44:26Z	ds007366	empty_entries
2026-04-14T21:44:26Z	ds007371	empty_entries
2026-04-14T21:44:26Z	ds007373	empty_entries
2026-04-14T21:44:26Z	ds007374	empty_entries
2026-04-14T21:44:26Z	ds007377	empty_entries
2026-04-14T21:44:26Z	ds007390	empty_entries
2026-04-14T21:44:26Z	ds007393	empty_entries
2026-04-14T21:44:26Z	ds007396	empty_entries
2026-04-14T21:44:26Z	ds007397	empty_entries
2026-04-14T21:44:26Z	ds007410	empty_entries
2026-04-14T21:44:26Z	ds007411	empty_entries
2026-04-14T21:44:26Z	ds007422	empty_entries
2026-04-14T21:44:26Z	ds007424	empty_entries
2026-04-14T21:44:26Z	ds007425	empty_entries
2026-04-14T21:44:26Z	ds007426	empty_entries
2026-04-14T21:44:26Z	ds007437	empty_entries
2026-04-14T21:44:26Z	ds007439	empty_entries
2026-04-14T21:44:26Z	ds007440	empty_entries
2026-04-14T21:44:26Z	ds007442	empty_entries
2026-04-14T21:44:26Z	ds007447	empty_entries
2026-04-14T21:44:26Z	ds007448	empty_entries
2026-04-14T21:44:26Z	ds007449	empty_entries
2026-04-14T21:44:26Z	ds007450	empty_entries
2026-04-14T21:44:26Z	ds007451	empty_entries
2026-04-14T21:44:26Z	ds007452	empty_entries
2026-04-14T21:44:26Z	ds007455	empty_entries
2026-04-14T21:44:26Z	ds007457	empty_entries
2026-04-14T21:44:26Z	ds007468	empty_entries
2026-04-14T21:44:26Z	ds007469	empty_entries
2026-04-14T21:44:26Z	ds007470	empty_entries
2026-04-14T21:44:26Z	ds007472	empty_entries
2026-04-14T21:44:26Z	ds007474	empty_entries
2026-04-14T21:44:26Z	ds007475	empty_entries
2026-04-14T21:44:26Z	ds007476	empty_entries
2026-04-14T21:44:26Z	ds007478	empty_entries
2026-04-14T21:44:26Z	ds007479	empty_entries
2026-04-14T21:44:26Z	ds007480	empty_entries
2026-04-14T21:44:26Z	ds007481	empty_entries
2026-04-14T21:44:26Z	ds007482	empty_entries
2026-04-14T21:44:26Z	ds007485	empty_entries
2026-04-14T21:44:26Z	ds007488	empty_entries
2026-04-14T21:44:26Z	ds007489	empty_entries
2026-04-14T21:44:26Z	ds007490	empty_entries
2026-04-14T21:44:26Z	ds007492	empty_entries
2026-04-14T21:44:26Z	ds007493	empty_entries
2026-04-14T21:44:26Z	ds007494	empty_entries
2026-04-14T21:44:26Z	ds007495	empty_entries
2026-04-14T21:44:26Z	ds007497	empty_entries
2026-04-14T21:44:26Z	ds007505	empty_entries
2026-04-14T21:44:26Z	ds007507	empty_entries
2026-04-14T21:44:26Z	ds007509	empty_entries
2026-04-14T21:44:26Z	ds007510	empty_entries
2026-04-14T21:44:26Z	ds007512	empty_entries
2026-04-14T21:44:26Z	ds007513	empty_entries
2026-04-14T21:44:26Z	ds007522	empty_entries
2026-04-14T21:44:26Z	ds007537	empty_entries
2026-04-14T21:44:26Z	ds007538	empty_entries
2026-04-14T21:44:26Z	ds007539	empty_entries
2026-04-14T21:44:26Z	ds007540	empty_entries
2026-04-14T21:44:26Z	ds007541	empty_entries
2026-04-14T21:44:26Z	ds007542	empty_entries
2026-04-14T21:44:26Z	ds007543	empty_entries
2026-04-14T21:44:26Z	ds007544	empty_entries
2026-04-14T21:44:26Z	ds007546	empty_entries
2026-04-14T21:44:26Z	ds007547	empty_entries
2026-04-14T21:44:26Z	ds007549	empty_entries
2026-04-14T21:44:26Z	ds007555	empty_entries
2026-04-14T21:44:26Z	ds007556	empty_entries
2026-04-14T21:44:26Z	ds007557	empty_entries
2026-04-14T21:44:26Z	ds007574	empty_entries
2026-04-14T21:44:26Z	ds007576	empty_entries
2026-04-14T21:44:26Z	ds007586	empty_entries
2026-04-14T21:44:26Z	ds007587	empty_entries
2026-04-14T21:44:26Z	ds007611	empty_entries
2026-04-14T21:44:26Z	ds007614	empty_entries
2026-04-14T21:44:26Z	ds007616	empty_entries
2026-04-14T21:44:26Z	ds007617	empty_entries
2026-04-14T21:44:26Z	ds007618	empty_entries
2026-04-14T21:44:26Z	ds007619	empty_entries
2026-04-14T21:44:26Z	ds007621	empty_entries
2026-04-14T21:44:26Z	ds007622	empty_entries
2026-04-14T21:44:26Z	ds007623	empty_entries
2026-04-14T21:44:26Z	ds007625	empty_entries
2026-04-14T21:44:26Z	ds007626	empty_entries
2026-04-14T21:44:26Z	ds007628	empty_entries
2026-04-14T21:44:26Z	ds007631	empty_entries
2026-04-14T21:44:26Z	ds007632	empty_entries
2026-04-14T21:44:26Z	ds007633	empty_entries
2026-04-14T21:44:26Z	ds007636	empty_entries
2026-04-14T21:44:26Z	ds007637	empty_entries
2026-04-14T21:44:26Z	ds007638	empty_entries
2026-04-14T21:44:26Z	ds007641	empty_entries
2026-04-14T21:44:26Z	ds007643	empty_entries
2026-04-14T21:44:26Z	ds007644	empty_entries
2026-04-14T21:44:26Z	ds007646	empty_entries
2026-04-14T21:44:26Z	ds007648	empty_entries
2026-04-14T21:44:26Z	ds007653	empty_entries
