onset	duration	weight	memtype	resolution	memcond	phase	trial	run	eye
17.9993347999989	5	1	1	1	1	1	1	16	0
18.0633347999989	0.082	1	1	1	1	1	1	16	1
18.1813347999989	0.034	1	1	1	1	1	1	16	1
18.3573347999989	0.028	1	1	1	1	1	1	16	1
18.5673347999989	0.192	1	1	1	1	1	1	16	1
19.0553347999989	0.124	1	1	1	1	1	1	16	1
19.6093347999989	0.022	1	1	1	1	1	1	16	1
19.6413347999989	0.042	1	1	1	1	1	1	16	1
19.7413347999989	0.024	1	1	1	1	1	1	16	1
19.7953347999989	0.032	1	1	1	1	1	1	16	1
19.8453347999989	0.028	1	1	1	1	1	1	16	1
19.9433347999989	0.036	1	1	1	1	1	1	16	1
19.9873347999989	0.03	1	1	1	1	1	1	16	1
20.0413347999989	0.104	1	1	1	1	1	1	16	1
20.1513347999989	0.046	1	1	1	1	1	1	16	1
20.2093347999989	0.034	1	1	1	1	1	1	16	1
20.3993347999989	0.032	1	1	1	1	1	1	16	1
20.4713347999989	0.03	1	1	1	1	1	1	16	1
20.5573347999989	0.142	1	1	1	1	1	1	16	1
20.7113347999989	0.19	1	1	1	1	1	1	16	1
20.9353347999989	0.126	1	1	1	1	1	1	16	1
21.0853347999989	0.022	1	1	1	1	1	1	16	1
21.1333347999989	0.022	1	1	1	1	1	1	16	1
21.2053347999989	0.11	1	1	1	1	1	1	16	1
21.4013347999989	0.054	1	1	1	1	1	1	16	1
21.4653347999989	0.038	1	1	1	1	1	1	16	1
21.6573347999989	0.044	1	1	1	1	1	1	16	1
21.7913347999989	0.024	1	1	1	1	1	1	16	1
21.8333347999989	0.078	1	1	1	1	1	1	16	1
21.9313347999989	0.09	1	1	1	1	1	1	16	1
22.0473347999989	0.156	1	1	1	1	1	1	16	1
22.2173347999989	0.11	1	1	1	1	1	1	16	1
22.6513347999989	0.098	1	1	1	1	1	1	16	1
22.7693347999989	0.318	1	1	1	1	1	1	16	1
31.748708900006	5	1	1	1	1	2	1	16	0
31.802708900006	0.056	1	1	1	1	2	1	16	1
31.890708900006	0.064	1	1	1	1	2	1	16	1
31.982708900006	0.038	1	1	1	1	2	1	16	1
32.334708900006	0.07	1	1	1	1	2	1	16	1
32.416708900006	0.072	1	1	1	1	2	1	16	1
32.506708900006	0.024	1	1	1	1	2	1	16	1
32.556708900006	0.02	1	1	1	1	2	1	16	1
32.592708900006	0.428	1	1	1	1	2	1	16	1
33.044708900006	0.282	1	1	1	1	2	1	16	1
33.346708900006	0.608	1	1	1	1	2	1	16	1
33.994708900006	0.194	1	1	1	1	2	1	16	1
34.224708900006	0.102	1	1	1	1	2	1	16	1
34.338708900006	0.182	1	1	1	1	2	1	16	1
34.550708900006	0.194	1	1	1	1	2	1	16	1
34.758708900006	0.136	1	1	1	1	2	1	16	1
34.930708900006	0.25	1	1	1	1	2	1	16	1
35.240708900006	0.678	1	1	1	1	2	1	16	1
35.954708900006	0.224	1	1	1	1	2	1	16	1
36.192708900006	0.336	1	1	1	1	2	1	16	1
39.998299800005	3	1	1	1	1	3	1	16	0
45.4980182000145	0.16	1	2	1	1	1	2	16	1
45.4980182000145	5	1	2	1	1	1	2	16	0
45.7440182000145	0.044	1	2	1	1	1	2	16	1
45.8640182000145	0.026	1	2	1	1	1	2	16	1
46.1320182000145	0.138	1	2	1	1	1	2	16	1
46.3040182000145	0.212	1	2	1	1	1	2	16	1
46.5320182000145	0.024	1	2	1	1	1	2	16	1
46.5740182000145	0.07	1	2	1	1	1	2	16	1
46.6900182000145	0.154	1	2	1	1	1	2	16	1
46.8780182000145	0.06	1	2	1	1	1	2	16	1
46.9580182000145	0.1	1	2	1	1	1	2	16	1
47.0800182000145	0.2	1	2	1	1	1	2	16	1
47.3080182000145	0.37	1	2	1	1	1	2	16	1
47.7060182000145	0.194	1	2	1	1	1	2	16	1
47.9360182000145	0.144	1	2	1	1	1	2	16	1
48.1100182000145	0.152	1	2	1	1	1	2	16	1
48.3020182000145	0.096	1	2	1	1	1	2	16	1
48.4160182000145	0.382	1	2	1	1	1	2	16	1
48.8220182000145	0.234	1	2	1	1	1	2	16	1
49.0900182000145	0.33	1	2	1	1	1	2	16	1
49.4360182000145	0.254	1	2	1	1	1	2	16	1
49.7260182000145	0.05	1	2	1	1	1	2	16	1
49.8600182000145	0.368	1	2	1	1	1	2	16	1
50.2480182000145	0.074	1	2	1	1	1	2	16	1
50.3480182000145	0.124	1	2	1	1	1	2	16	1
59.7473163999966	0.024	1	2	1	1	2	2	16	1
59.7473163999966	5	1	2	1	1	2	2	16	0
59.7833163999966	0.14	1	2	1	1	2	2	16	1
59.9473163999966	0.176	1	2	1	1	2	2	16	1
60.1433163999966	0.048	1	2	1	1	2	2	16	1
60.2373163999966	0.318	1	2	1	1	2	2	16	1
60.5793163999966	0.384	1	2	1	1	2	2	16	1
61.0213163999966	0.224	1	2	1	1	2	2	16	1
61.2533163999966	0.368	1	2	1	1	2	2	16	1
61.6313163999966	0.076	1	2	1	1	2	2	16	1
61.7233163999966	0.434	1	2	1	1	2	2	16	1
62.2533163999966	0.026	1	2	1	1	2	2	16	1
62.3513163999966	0.134	1	2	1	1	2	2	16	1
62.4993163999966	0.052	1	2	1	1	2	2	16	1
62.5813163999966	0.044	1	2	1	1	2	2	16	1
62.7213163999966	0.04	1	2	1	1	2	2	16	1
62.7793163999966	0.036	1	2	1	1	2	2	16	1
62.8413163999966	0.098	1	2	1	1	2	2	16	1
62.9533163999966	0.144	1	2	1	1	2	2	16	1
63.1493163999966	0.504	1	2	1	1	2	2	16	1
63.6773163999966	0.07	1	2	1	1	2	2	16	1
63.7653163999966	0.058	1	2	1	1	2	2	16	1
63.8353163999966	0.198	1	2	1	1	2	2	16	1
64.1033163999966	0.218	1	2	1	1	2	2	16	1
64.3393163999966	0.208	1	2	1	1	2	2	16	1
64.5773163999966	0.476	1	2	1	1	2	2	16	1
66.9969760999957	3	1	2	1	1	3	2	16	0
74.496607100009	0.318	1	3	2	3	1	3	16	1
74.496607100009	5	1	3	2	3	1	3	16	0
74.864607100009	0.122	1	3	2	3	1	3	16	1
75.008607100009	0.178	1	3	2	3	1	3	16	1
75.370607100009	0.058	1	3	2	3	1	3	16	1
75.456607100009	0.172	1	3	2	3	1	3	16	1
75.644607100009	0.046	1	3	2	3	1	3	16	1
75.708607100009	0.05	1	3	2	3	1	3	16	1
75.816607100009	0.126	1	3	2	3	1	3	16	1
75.960607100009	0.556	1	3	2	3	1	3	16	1
76.616607100009	0.124	1	3	2	3	1	3	16	1
76.770607100009	0.152	1	3	2	3	1	3	16	1
76.936607100009	0.026	1	3	2	3	1	3	16	1
77.020607100009	0.05	1	3	2	3	1	3	16	1
77.094607100009	0.164	1	3	2	3	1	3	16	1
77.306607100009	0.098	1	3	2	3	1	3	16	1
77.422607100009	0.378	1	3	2	3	1	3	16	1
78.202607100009	0.524	1	3	2	3	1	3	16	1
78.736607100009	0.052	1	3	2	3	1	3	16	1
78.808607100009	0.04	1	3	2	3	1	3	16	1
78.860607100009	0.06	1	3	2	3	1	3	16	1
78.936607100009	0.066	1	3	2	3	1	3	16	1
79.118607100009	0.034	1	3	2	3	1	3	16	1
79.196607100009	0.066	1	3	2	3	1	3	16	1
79.284607100009	0.216	1	3	2	3	1	3	16	1
88.495916600019	0.016	1	3	2	3	2	3	16	1
88.495916600019	5	1	3	2	3	2	3	16	0
88.545916600019	0.168	1	3	2	3	2	3	16	1
88.809916600019	0.146	1	3	2	3	2	3	16	1
89.005916600019	0.404	1	3	2	3	2	3	16	1
89.443916600019	0.224	1	3	2	3	2	3	16	1
89.695916600019	0.178	1	3	2	3	2	3	16	1
89.883916600019	0.238	1	3	2	3	2	3	16	1
90.161916600019	0.538	1	3	2	3	2	3	16	1
90.719916600019	0.376	1	3	2	3	2	3	16	1
91.141916600019	0.12	1	3	2	3	2	3	16	1
91.275916600019	0.126	1	3	2	3	2	3	16	1
91.427916600019	0.084	1	3	2	3	2	3	16	1
91.527916600019	0.124	1	3	2	3	2	3	16	1
91.689916600019	0.13	1	3	2	3	2	3	16	1
91.839916600019	0.082	1	3	2	3	2	3	16	1
91.931916600019	0.054	1	3	2	3	2	3	16	1
91.997916600019	0.052	1	3	2	3	2	3	16	1
92.153916600019	0.506	1	3	2	3	2	3	16	1
92.687916600019	0.136	1	3	2	3	2	3	16	1
93.233916600019	0.182	1	3	2	3	2	3	16	1
93.433916600019	0.248	1	3	2	3	2	3	16	1
94.9955511000007	3	1	3	2	3	3	3	16	0
102.995207400003	0.084	1	3	2	4	1	4	16	1
102.995207400003	5	1	3	2	4	1	4	16	0
103.093207400003	0.046	1	3	2	4	1	4	16	1
103.179207400003	0.094	1	3	2	4	1	4	16	1
103.309207400003	0.05	1	3	2	4	1	4	16	1
103.387207400003	0.092	1	3	2	4	1	4	16	1
103.491207400003	0.062	1	3	2	4	1	4	16	1
103.591207400003	0.042	1	3	2	4	1	4	16	1
103.669207400003	0.046	1	3	2	4	1	4	16	1
103.775207400003	0.072	1	3	2	4	1	4	16	1
103.859207400003	0.022	1	3	2	4	1	4	16	1
103.897207400003	0.032	1	3	2	4	1	4	16	1
104.013207400003	0.186	1	3	2	4	1	4	16	1
104.219207400003	0.066	1	3	2	4	1	4	16	1
104.343207400003	0.166	1	3	2	4	1	4	16	1
104.545207400003	0.07	1	3	2	4	1	4	16	1
104.635207400003	0.04	1	3	2	4	1	4	16	1
104.699207400003	0.02	1	3	2	4	1	4	16	1
104.813207400003	0.074	1	3	2	4	1	4	16	1
104.963207400003	0.386	1	3	2	4	1	4	16	1
105.369207400003	1.002	1	3	2	4	1	4	16	1
106.397207400003	0.182	1	3	2	4	1	4	16	1
106.613207400003	0.178	1	3	2	4	1	4	16	1
106.815207400003	0.32	1	3	2	4	1	4	16	1
107.169207400003	0.518	1	3	2	4	1	4	16	1
107.781207400003	0.028	1	3	2	4	1	4	16	1
107.819207400003	0.22	1	3	2	4	1	4	16	1
117.494439900009	0.122	1	3	2	4	2	4	16	1
117.494439900009	5	1	3	2	4	2	4	16	0
117.654439900009	0.056	1	3	2	4	2	4	16	1
117.740439900009	0.206	1	3	2	4	2	4	16	1
118.014439900009	0.026	1	3	2	4	2	4	16	1
118.106439900009	0.176	1	3	2	4	2	4	16	1
118.346439900009	0.094	1	3	2	4	2	4	16	1
118.482439900009	0.086	1	3	2	4	2	4	16	1
118.574439900009	0.038	1	3	2	4	2	4	16	1
118.628439900009	0.034	1	3	2	4	2	4	16	1
118.710439900009	0.058	1	3	2	4	2	4	16	1
118.832439900009	0.234	1	3	2	4	2	4	16	1
119.078439900009	0.05	1	3	2	4	2	4	16	1
119.174439900009	0.128	1	3	2	4	2	4	16	1
119.326439900009	0.078	1	3	2	4	2	4	16	1
119.468439900009	0.048	1	3	2	4	2	4	16	1
119.546439900009	0.088	1	3	2	4	2	4	16	1
119.704439900009	0.142	1	3	2	4	2	4	16	1
120.092439900009	0.296	1	3	2	4	2	4	16	1
120.410439900009	0.106	1	3	2	4	2	4	16	1
120.530439900009	0.134	1	3	2	4	2	4	16	1
120.694439900009	0.18	1	3	2	4	2	4	16	1
120.894439900009	0.208	1	3	2	4	2	4	16	1
121.148439900009	0.038	1	3	2	4	2	4	16	1
121.194439900009	0.042	1	3	2	4	2	4	16	1
121.244439900009	0.08	1	3	2	4	2	4	16	1
121.332439900009	0.346	1	3	2	4	2	4	16	1
121.702439900009	0.246	1	3	2	4	2	4	16	1
121.962439900009	0.448	1	3	2	4	2	4	16	1
124.494181600021	3	1	3	2	4	3	4	16	0
130.9938272	0.076	1	1	2	1	1	5	16	1
130.9938272	5	1	1	2	1	1	5	16	0
131.0898272	0.08	1	1	2	1	1	5	16	1
131.2338272	0.064	1	1	2	1	1	5	16	1
131.3158272	0.074	1	1	2	1	1	5	16	1
131.5038272	0.09	1	1	2	1	1	5	16	1
131.7598272	0.026	1	1	2	1	1	5	16	1
131.7978272	0.052	1	1	2	1	1	5	16	1
131.8698272	0.086	1	1	2	1	1	5	16	1
131.9818272	0.244	1	1	2	1	1	5	16	1
132.3118272	0.134	1	1	2	1	1	5	16	1
132.4618272	0.07	1	1	2	1	1	5	16	1
132.5478272	0.282	1	1	2	1	1	5	16	1
132.8398272	0.152	1	1	2	1	1	5	16	1
133.0218272	0.054	1	1	2	1	1	5	16	1
133.0878272	0.054	1	1	2	1	1	5	16	1
133.1918272	0.086	1	1	2	1	1	5	16	1
133.3018272	0.028	1	1	2	1	1	5	16	1
133.3498272	0.07	1	1	2	1	1	5	16	1
133.4318272	0.03	1	1	2	1	1	5	16	1
133.4798272	0.062	1	1	2	1	1	5	16	1
133.5518272	0.124	1	1	2	1	1	5	16	1
133.6998272	0.036	1	1	2	1	1	5	16	1
133.7558272	0.1	1	1	2	1	1	5	16	1
133.8738272	0.102	1	1	2	1	1	5	16	1
133.9958272	0.114	1	1	2	1	1	5	16	1
134.1178272	0.028	1	1	2	1	1	5	16	1
134.1698272	0.086	1	1	2	1	1	5	16	1
134.2718272	0.042	1	1	2	1	1	5	16	1
134.3358272	0.06	1	1	2	1	1	5	16	1
134.5278272	0.038	1	1	2	1	1	5	16	1
134.7138272	0.084	1	1	2	1	1	5	16	1
134.8258272	0.04	1	1	2	1	1	5	16	1
134.8978272	0.132	1	1	2	1	1	5	16	1
135.0378272	0.16	1	1	2	1	1	5	16	1
135.2218272	0.038	1	1	2	1	1	5	16	1
145.493119200022	0.02	1	1	2	1	2	5	16	1
145.493119200022	5	1	1	2	1	2	5	16	0
145.597119200022	0.02	1	1	2	1	2	5	16	1
145.717119200022	0.022	1	1	2	1	2	5	16	1
145.791119200022	0.07	1	1	2	1	2	5	16	1
145.997119200022	0.028	1	1	2	1	2	5	16	1
146.283119200022	0.254	1	1	2	1	2	5	16	1
146.563119200022	0.186	1	1	2	1	2	5	16	1
146.769119200022	0.434	1	1	2	1	2	5	16	1
147.247119200022	0.75	1	1	2	1	2	5	16	1
148.057119200022	0.142	1	1	2	1	2	5	16	1
148.221119200022	0.31	1	1	2	1	2	5	16	1
148.539119200022	0.1	1	1	2	1	2	5	16	1
148.673119200022	0.04	1	1	2	1	2	5	16	1
148.727119200022	0.208	1	1	2	1	2	5	16	1
148.945119200022	0.23	1	1	2	1	2	5	16	1
149.193119200022	0.038	1	1	2	1	2	5	16	1
149.263119200022	0.43	1	1	2	1	2	5	16	1
149.717119200022	0.186	1	1	2	1	2	5	16	1
153.742757100001	3	1	1	2	1	3	5	16	0
159.492426400015	0.134	1	3	1	2	1	6	16	1
159.492426400015	5	1	3	1	2	1	6	16	0
159.676426400015	0.02	1	3	1	2	1	6	16	1
159.708426400015	0.054	1	3	1	2	1	6	16	1
160.086426400015	0.038	1	3	1	2	1	6	16	1
160.142426400015	0.07	1	3	1	2	1	6	16	1
160.230426400015	0.054	1	3	1	2	1	6	16	1
160.306426400015	0.02	1	3	1	2	1	6	16	1
160.336426400015	0.194	1	3	1	2	1	6	16	1
160.546426400015	0.038	1	3	1	2	1	6	16	1
160.638426400015	0.022	1	3	1	2	1	6	16	1
160.750426400015	0.044	1	3	1	2	1	6	16	1
160.870426400015	0.052	1	3	1	2	1	6	16	1
160.936426400015	0.04	1	3	1	2	1	6	16	1
161.010426400015	0.03	1	3	1	2	1	6	16	1
161.078426400015	0.98	1	3	1	2	1	6	16	1
162.108426400015	0.17	1	3	1	2	1	6	16	1
162.288426400015	0.384	1	3	1	2	1	6	16	1
162.710426400015	0.246	1	3	1	2	1	6	16	1
162.992426400015	0.052	1	3	1	2	1	6	16	1
163.062426400015	0.068	1	3	1	2	1	6	16	1
163.144426400015	0.066	1	3	1	2	1	6	16	1
163.236426400015	0.072	1	3	1	2	1	6	16	1
163.378426400015	0.186	1	3	1	2	1	6	16	1
163.688426400015	0.024	1	3	1	2	1	6	16	1
163.754426400015	0.226	1	3	1	2	1	6	16	1
163.998426400015	0.406	1	3	1	2	1	6	16	1
173.491738800018	0.014	1	3	1	2	2	6	16	1
173.491738800018	5	1	3	1	2	2	6	16	0
173.575738800018	0.074	1	3	1	2	2	6	16	1
173.753738800018	0.058	1	3	1	2	2	6	16	1
173.825738800018	0.022	1	3	1	2	2	6	16	1
173.917738800018	0.1	1	3	1	2	2	6	16	1
174.105738800018	0.082	1	3	1	2	2	6	16	1
174.201738800018	0.098	1	3	1	2	2	6	16	1
174.317738800018	0.03	1	3	1	2	2	6	16	1
174.355738800018	0.142	1	3	1	2	2	6	16	1
174.645738800018	0.074	1	3	1	2	2	6	16	1
174.789738800018	0.174	1	3	1	2	2	6	16	1
175.069738800018	0.17	1	3	1	2	2	6	16	1
175.251738800018	0.166	1	3	1	2	2	6	16	1
175.433738800018	0.302	1	3	1	2	2	6	16	1
175.753738800018	0.298	1	3	1	2	2	6	16	1
176.085738800018	0.164	1	3	1	2	2	6	16	1
176.277738800018	0.46	1	3	1	2	2	6	16	1
176.781738800018	0.37	1	3	1	2	2	6	16	1
177.197738800018	0.434	1	3	1	2	2	6	16	1
177.657738800018	0.452	1	3	1	2	2	6	16	1
182.241314500017	3	1	3	1	2	3	6	16	0
187.491048700002	0.026	1	3	1	3	1	7	16	1
187.491048700002	5	1	3	1	3	1	7	16	0
187.561048700002	0.08	1	3	1	3	1	7	16	1
187.685048700002	0.138	1	3	1	3	1	7	16	1
187.845048700002	0.034	1	3	1	3	1	7	16	1
187.997048700002	0.072	1	3	1	3	1	7	16	1
188.133048700002	0.112	1	3	1	3	1	7	16	1
188.413048700002	0.088	1	3	1	3	1	7	16	1
188.517048700002	0.064	1	3	1	3	1	7	16	1
188.607048700002	0.022	1	3	1	3	1	7	16	1
188.681048700002	0.106	1	3	1	3	1	7	16	1
188.819048700002	0.198	1	3	1	3	1	7	16	1
189.041048700002	0.512	1	3	1	3	1	7	16	1
189.571048700002	0.368	1	3	1	3	1	7	16	1
190.209048700002	0.478	1	3	1	3	1	7	16	1
190.723048700002	0.082	1	3	1	3	1	7	16	1
190.821048700002	0.154	1	3	1	3	1	7	16	1
191.003048700002	0.228	1	3	1	3	1	7	16	1
191.271048700002	0.448	1	3	1	3	1	7	16	1
191.739048700002	0.026	1	3	1	3	1	7	16	1
192.049048700002	0.168	1	3	1	3	1	7	16	1
192.263048700002	0.548	1	3	1	3	1	7	16	1
201.490344200021	5	1	3	1	3	2	7	16	0
201.798344200021	0.042	1	3	1	3	2	7	16	1
201.868344200021	0.024	1	3	1	3	2	7	16	1
201.910344200021	0.062	1	3	1	3	2	7	16	1
201.990344200021	0.024	1	3	1	3	2	7	16	1
202.098344200021	0.07	1	3	1	3	2	7	16	1
202.266344200021	0.136	1	3	1	3	2	7	16	1
202.430344200021	0.116	1	3	1	3	2	7	16	1
202.580344200021	0.04	1	3	1	3	2	7	16	1
202.662344200021	0.096	1	3	1	3	2	7	16	1
202.864344200021	0.05	1	3	1	3	2	7	16	1
203.024344200021	0.056	1	3	1	3	2	7	16	1
203.096344200021	0.022	1	3	1	3	2	7	16	1
203.138344200021	0.028	1	3	1	3	2	7	16	1
203.186344200021	0.072	1	3	1	3	2	7	16	1
203.276344200021	0.35	1	3	1	3	2	7	16	1
203.642344200021	0.028	1	3	1	3	2	7	16	1
203.704344200021	0.168	1	3	1	3	2	7	16	1
204.286344200021	0.02	1	3	1	3	2	7	16	1
204.324344200021	0.098	1	3	1	3	2	7	16	1
204.438344200021	0.228	1	3	1	3	2	7	16	1
204.712344200021	0.214	1	3	1	3	2	7	16	1
204.934344200021	0.224	1	3	1	3	2	7	16	1
205.198344200021	0.09	1	3	1	3	2	7	16	1
205.306344200021	0.09	1	3	1	3	2	7	16	1
205.442344200021	0.026	1	3	1	3	2	7	16	1
205.528344200021	0.124	1	3	1	3	2	7	16	1
205.692344200021	0.286	1	3	1	3	2	7	16	1
206.014344200021	0.07	1	3	1	3	2	7	16	1
208.990023899998	3	1	3	1	3	3	7	16	0
215.2397184	0.156	1	4	2	2	1	8	16	1
215.2397184	5	1	4	2	2	1	8	16	0
215.4357184	0.254	1	4	2	2	1	8	16	1
215.7297184	0.026	1	4	2	2	1	8	16	1
215.7637184	0.228	1	4	2	2	1	8	16	1
216.0177184	0.354	1	4	2	2	1	8	16	1
216.4217184	0.176	1	4	2	2	1	8	16	1
216.6217184	0.172	1	4	2	2	1	8	16	1
216.8237184	0.214	1	4	2	2	1	8	16	1
217.0737184	0.358	1	4	2	2	1	8	16	1
217.4737184	0.178	1	4	2	2	1	8	16	1
217.6757184	0.07	1	4	2	2	1	8	16	1
217.7577184	0.154	1	4	2	2	1	8	16	1
217.9477184	0.296	1	4	2	2	1	8	16	1
218.2537184	0.318	1	4	2	2	1	8	16	1
218.5957184	0.112	1	4	2	2	1	8	16	1
218.7637184	0.022	1	4	2	2	1	8	16	1
218.8637184	0.04	1	4	2	2	1	8	16	1
218.9477184	0.034	1	4	2	2	1	8	16	1
219.0057184	0.17	1	4	2	2	1	8	16	1
219.1877184	0.202	1	4	2	2	1	8	16	1
219.7437184	0.02	1	4	2	2	1	8	16	1
219.7997184	0.21	1	4	2	2	1	8	16	1
220.0597184	0.178	1	4	2	2	1	8	16	1
229.239016100008	0.01	1	4	2	2	2	8	16	1
229.239016100008	5	1	4	2	2	2	8	16	0
229.719016100008	0.116	1	4	2	2	2	8	16	1
229.889016100008	0.028	1	4	2	2	2	8	16	1
229.989016100008	0.04	1	4	2	2	2	8	16	1
230.095016100008	0.044	1	4	2	2	2	8	16	1
230.227016100008	0.09	1	4	2	2	2	8	16	1
230.327016100008	0.036	1	4	2	2	2	8	16	1
230.391016100008	0.284	1	4	2	2	2	8	16	1
230.695016100008	0.31	1	4	2	2	2	8	16	1
231.041016100008	0.332	1	4	2	2	2	8	16	1
231.405016100008	0.208	1	4	2	2	2	8	16	1
231.665016100008	0.108	1	4	2	2	2	8	16	1
231.781016100008	0.372	1	4	2	2	2	8	16	1
232.167016100008	0.296	1	4	2	2	2	8	16	1
232.527016100008	0.252	1	4	2	2	2	8	16	1
232.819016100008	0.188	1	4	2	2	2	8	16	1
233.033016100008	0.198	1	4	2	2	2	8	16	1
233.255016100008	0.208	1	4	2	2	2	8	16	1
233.485016100008	0.292	1	4	2	2	2	8	16	1
237.738573400013	3	1	4	2	2	3	8	16	0
242.98832210002	0.166	1	3	1	4	1	9	16	1
242.98832210002	5	1	3	1	4	1	9	16	0
243.22032210002	0.32	1	3	1	4	1	9	16	1
243.55232210002	0.268	1	3	1	4	1	9	16	1
243.83632210002	0.436	1	3	1	4	1	9	16	1
244.29632210002	0.196	1	3	1	4	1	9	16	1
244.53032210002	0.274	1	3	1	4	1	9	16	1
244.83032210002	1.494	1	3	1	4	1	9	16	1
246.33432210002	0.682	1	3	1	4	1	9	16	1
247.04032210002	0.166	1	3	1	4	1	9	16	1
247.24832210002	0.132	1	3	1	4	1	9	16	1
247.38832210002	0.212	1	3	1	4	1	9	16	1
247.68632210002	0.102	1	3	1	4	1	9	16	1
256.737631099997	0.004	1	3	1	4	2	9	16	1
256.737631099997	5	1	3	1	4	2	9	16	0
256.761631099997	0.266	1	3	1	4	2	9	16	1
257.045631099997	0.282	1	3	1	4	2	9	16	1
257.381631099997	0.512	1	3	1	4	2	9	16	1
257.913631099997	0.176	1	3	1	4	2	9	16	1
258.361631099997	0.118	1	3	1	4	2	9	16	1
258.515631099997	0.348	1	3	1	4	2	9	16	1
258.885631099997	0.448	1	3	1	4	2	9	16	1
259.361631099997	0.262	1	3	1	4	2	9	16	1
259.649631099997	0.208	1	3	1	4	2	9	16	1
259.969631099997	0.092	1	3	1	4	2	9	16	1
260.249631099997	0.094	1	3	1	4	2	9	16	1
260.407631099997	0.02	1	3	1	4	2	9	16	1
260.487631099997	0.15	1	3	1	4	2	9	16	1
260.667631099997	0.262	1	3	1	4	2	9	16	1
260.943631099997	0.154	1	3	1	4	2	9	16	1
261.471631099997	0.09	1	3	1	4	2	9	16	1
261.591631099997	0.422	1	3	1	4	2	9	16	1
264.737239500013	3	1	3	1	4	3	9	16	0
270.98693720001	0.14	1	1	2	1	1	10	16	1
270.98693720001	5	1	1	2	1	1	10	16	0
271.17293720001	0.246	1	1	2	1	1	10	16	1
271.44093720001	0.724	1	1	2	1	1	10	16	1
272.20893720001	0.078	1	1	2	1	1	10	16	1
272.29893720001	0.024	1	1	2	1	1	10	16	1
272.42293720001	0.062	1	1	2	1	1	10	16	1
272.51093720001	0.424	1	1	2	1	1	10	16	1
272.95093720001	0.222	1	1	2	1	1	10	16	1
273.18693720001	0.09	1	1	2	1	1	10	16	1
273.29693720001	0.096	1	1	2	1	1	10	16	1
273.41293720001	0.06	1	1	2	1	1	10	16	1
273.49893720001	0.72	1	1	2	1	1	10	16	1
274.24093720001	0.204	1	1	2	1	1	10	16	1
274.74293720001	0.164	1	1	2	1	1	10	16	1
274.94893720001	0.266	1	1	2	1	1	10	16	1
275.25893720001	0.294	1	1	2	1	1	10	16	1
275.86893720001	0.436	1	1	2	1	1	10	16	1
285.486224599998	0.026	1	1	2	1	2	10	16	1
285.486224599998	5	1	1	2	1	2	10	16	0
285.536224599998	0.14	1	1	2	1	2	10	16	1
285.702224599998	0.074	1	1	2	1	2	10	16	1
285.804224599997	0.294	1	1	2	1	2	10	16	1
286.148224599997	0.144	1	1	2	1	2	10	16	1
286.322224599998	0.052	1	1	2	1	2	10	16	1
286.392224599998	0.042	1	1	2	1	2	10	16	1
286.492224599997	0.138	1	1	2	1	2	10	16	1
286.664224599998	0.296	1	1	2	1	2	10	16	1
286.990224599998	0.206	1	1	2	1	2	10	16	1
287.208224599997	0.032	1	1	2	1	2	10	16	1
287.300224599998	0.336	1	1	2	1	2	10	16	1
287.666224599998	0.298	1	1	2	1	2	10	16	1
287.992224599997	0.056	1	1	2	1	2	10	16	1
288.086224599998	0.05	1	1	2	1	2	10	16	1
288.206224599998	0.214	1	1	2	1	2	10	16	1
288.440224599998	0.232	1	1	2	1	2	10	16	1
288.688224599998	0.088	1	1	2	1	2	10	16	1
289.136224599997	0.514	1	1	2	1	2	10	16	1
289.680224599998	0.19	1	1	2	1	2	10	16	1
293.735813000007	3	1	1	2	1	3	10	16	0
299.485529600002	0.148	1	3	2	3	1	11	16	1
299.485529600002	5	1	3	2	3	1	11	16	0
299.711529600002	0.066	1	3	2	3	1	11	16	1
299.959529600002	0.068	1	3	2	3	1	11	16	1
300.047529600002	0.038	1	3	2	3	1	11	16	1
300.175529600002	0.034	1	3	2	3	1	11	16	1
300.245529600002	0.02	1	3	2	3	1	11	16	1
300.463529600002	0.13	1	3	2	3	1	11	16	1
300.609529600002	0.054	1	3	2	3	1	11	16	1
300.699529600002	0.322	1	3	2	3	1	11	16	1
301.051529600002	0.674	1	3	2	3	1	11	16	1
301.761529600002	0.976	1	3	2	3	1	11	16	1
302.759529600002	0.104	1	3	2	3	1	11	16	1
303.153529600002	0.394	1	3	2	3	1	11	16	1
303.581529600002	0.098	1	3	2	3	1	11	16	1
303.713529600002	0.366	1	3	2	3	1	11	16	1
304.127529600002	0.024	1	3	2	3	1	11	16	1
304.163529600002	0.142	1	3	2	3	1	11	16	1
304.353529600002	0.102	1	3	2	3	1	11	16	1
313.484853900009	5	1	3	2	3	2	11	16	0
313.546853900009	0.03	1	3	2	3	2	11	16	1
313.590853900009	0.042	1	3	2	3	2	11	16	1
313.702853900009	0.024	1	3	2	3	2	11	16	1
313.734853900009	0.024	1	3	2	3	2	11	16	1
313.782853900009	0.032	1	3	2	3	2	11	16	1
314.094853900009	0.12	1	3	2	3	2	11	16	1
314.240853900009	0.16	1	3	2	3	2	11	16	1
314.418853900009	0.142	1	3	2	3	2	11	16	1
314.588853900009	0.06	1	3	2	3	2	11	16	1
314.680853900009	0.44	1	3	2	3	2	11	16	1
315.164853900009	0.072	1	3	2	3	2	11	16	1
315.254853900009	0.074	1	3	2	3	2	11	16	1
315.350853900009	0.31	1	3	2	3	2	11	16	1
315.708853900009	0.226	1	3	2	3	2	11	16	1
315.954853900009	0.248	1	3	2	3	2	11	16	1
316.258853900009	0.378	1	3	2	3	2	11	16	1
316.674853900009	0.192	1	3	2	3	2	11	16	1
316.874853900009	0.216	1	3	2	3	2	11	16	1
317.098853900009	0.13	1	3	2	3	2	11	16	1
317.262853900009	0.15	1	3	2	3	2	11	16	1
317.428853900009	0.032	1	3	2	3	2	11	16	1
317.490853900009	0.148	1	3	2	3	2	11	16	1
317.688853900009	0.098	1	3	2	3	2	11	16	1
317.802853900009	0.062	1	3	2	3	2	11	16	1
317.880853900009	0.232	1	3	2	3	2	11	16	1
320.234686000011	3	1	3	2	3	3	11	16	0
327.734141699999	0.06	1	3	1	2	1	12	16	1
327.734141699999	5	1	3	1	2	1	12	16	0
327.820141699999	0.116	1	3	1	2	1	12	16	1
327.986141699999	0.234	1	3	1	2	1	12	16	1
328.260141699999	0.458	1	3	1	2	1	12	16	1
328.738141699999	0.212	1	3	1	2	1	12	16	1
329.242141699999	0.036	1	3	1	2	1	12	16	1
329.372141699999	0.468	1	3	1	2	1	12	16	1
329.848141699999	0.326	1	3	1	2	1	12	16	1
330.196141699999	0.504	1	3	1	2	1	12	16	1
330.716141699999	0.216	1	3	1	2	1	12	16	1
330.970141699999	0.162	1	3	1	2	1	12	16	1
331.156141699999	0.062	1	3	1	2	1	12	16	1
331.264141699999	0.616	1	3	1	2	1	12	16	1
331.924141699999	0.288	1	3	1	2	1	12	16	1
332.254141699999	0.336	1	3	1	2	1	12	16	1
341.733467700018	0.04	1	3	1	2	2	12	16	1
341.733467700018	5	1	3	1	2	2	12	16	0
341.791467700018	0.044	1	3	1	2	2	12	16	1
341.915467700018	0.134	1	3	1	2	2	12	16	1
342.065467700018	0.088	1	3	1	2	2	12	16	1
342.165467700018	0.072	1	3	1	2	2	12	16	1
342.271467700018	0.038	1	3	1	2	2	12	16	1
342.447467700018	0.09	1	3	1	2	2	12	16	1
342.567467700018	0.028	1	3	1	2	2	12	16	1
342.619467700018	0.022	1	3	1	2	2	12	16	1
342.759467700018	0.03	1	3	1	2	2	12	16	1
342.821467700018	0.028	1	3	1	2	2	12	16	1
342.967467700018	0.038	1	3	1	2	2	12	16	1
343.221467700018	0.23	1	3	1	2	2	12	16	1
343.475467700018	0.118	1	3	1	2	2	12	16	1
343.611467700018	0.688	1	3	1	2	2	12	16	1
344.327467700018	0.234	1	3	1	2	2	12	16	1
344.581467700018	0.162	1	3	1	2	2	12	16	1
344.761467700018	0.184	1	3	1	2	2	12	16	1
344.961467700018	0.466	1	3	1	2	2	12	16	1
345.483467700018	0.156	1	3	1	2	2	12	16	1
345.673467700018	0.19	1	3	1	2	2	12	16	1
345.919467700018	0.354	1	3	1	2	2	12	16	1
346.587467700018	0.034	1	3	1	2	2	12	16	1
346.639467700018	0.138	1	3	1	2	2	12	16	1
348.483134400012	3	1	3	1	2	3	12	16	0
355.732786400011	0.078	1	3	2	4	1	13	16	1
355.732786400011	5	1	3	2	4	1	13	16	0
355.822786400011	0.192	1	3	2	4	1	13	16	1
356.086786400011	0.134	1	3	2	4	1	13	16	1
356.242786400011	0.206	1	3	2	4	1	13	16	1
356.492786400011	0.126	1	3	2	4	1	13	16	1
356.636786400011	0.182	1	3	2	4	1	13	16	1
356.846786400011	0.076	1	3	2	4	1	13	16	1
356.956786400011	0.142	1	3	2	4	1	13	16	1
357.132786400011	0.342	1	3	2	4	1	13	16	1
357.516786400011	0.346	1	3	2	4	1	13	16	1
357.982786400011	0.124	1	3	2	4	1	13	16	1
358.166786400011	0.18	1	3	2	4	1	13	16	1
358.376786400011	0.21	1	3	2	4	1	13	16	1
358.632786400011	0.084	1	3	2	4	1	13	16	1
358.738786400011	0.03	1	3	2	4	1	13	16	1
358.776786400011	0.042	1	3	2	4	1	13	16	1
358.836786400011	0.052	1	3	2	4	1	13	16	1
358.902786400011	0.13	1	3	2	4	1	13	16	1
359.240786400011	0.2	1	3	2	4	1	13	16	1
359.516786400011	0.194	1	3	2	4	1	13	16	1
359.720786400011	0.12	1	3	2	4	1	13	16	1
359.882786400011	0.12	1	3	2	4	1	13	16	1
360.030786400011	0.16	1	3	2	4	1	13	16	1
360.246786400011	0.038	1	3	2	4	1	13	16	1
360.306786400011	0.038	1	3	2	4	1	13	16	1
360.356786400011	0.092	1	3	2	4	1	13	16	1
360.472786400011	0.122	1	3	2	4	1	13	16	1
360.608786400011	0.028	1	3	2	4	1	13	16	1
369.732064000011	5	1	3	2	4	2	13	16	0
369.828064000011	0.058	1	3	2	4	2	13	16	1
370.182064000011	0.02	1	3	2	4	2	13	16	1
370.706064000011	0.042	1	3	2	4	2	13	16	1
370.804064000011	0.038	1	3	2	4	2	13	16	1
370.852064000011	0.02	1	3	2	4	2	13	16	1
370.944064000011	0.062	1	3	2	4	2	13	16	1
371.026064000011	0.058	1	3	2	4	2	13	16	1
371.114064000011	0.348	1	3	2	4	2	13	16	1
371.554064000011	0.09	1	3	2	4	2	13	16	1
371.698064000011	0.02	1	3	2	4	2	13	16	1
371.780064000011	0.032	1	3	2	4	2	13	16	1
371.856064000011	0.034	1	3	2	4	2	13	16	1
372.098064000011	0.022	1	3	2	4	2	13	16	1
372.158064000011	0.036	1	3	2	4	2	13	16	1
372.228064000011	0.026	1	3	2	4	2	13	16	1
372.332064000011	0.022	1	3	2	4	2	13	16	1
372.444064000011	0.206	1	3	2	4	2	13	16	1
372.684064000011	0.196	1	3	2	4	2	13	16	1
372.916064000011	0.03	1	3	2	4	2	13	16	1
372.956064000011	0.4	1	3	2	4	2	13	16	1
373.376064000011	0.118	1	3	2	4	2	13	16	1
373.506064000011	0.182	1	3	2	4	2	13	16	1
373.708064000011	0.044	1	3	2	4	2	13	16	1
373.764064000011	0.22	1	3	2	4	2	13	16	1
374.002064000011	0.198	1	3	2	4	2	13	16	1
376.481724700017	3	1	3	2	4	3	13	16	0
384.231353700015	0.214	1	3	1	4	1	14	16	1
384.231353700015	5	1	3	1	4	1	14	16	0
384.485353700015	0.122	1	3	1	4	1	14	16	1
384.981353700015	0.378	1	3	1	4	1	14	16	1
385.375353700015	0.044	1	3	1	4	1	14	16	1
385.427353700015	0.112	1	3	1	4	1	14	16	1
385.549353700015	0.098	1	3	1	4	1	14	16	1
385.655353700015	0.082	1	3	1	4	1	14	16	1
385.747353700015	0.164	1	3	1	4	1	14	16	1
385.927353700015	0.068	1	3	1	4	1	14	16	1
386.011353700015	0.334	1	3	1	4	1	14	16	1
386.357353700015	0.122	1	3	1	4	1	14	16	1
386.525353700015	0.102	1	3	1	4	1	14	16	1
386.673353700015	0.294	1	3	1	4	1	14	16	1
386.993353700015	0.402	1	3	1	4	1	14	16	1
387.435353700015	0.208	1	3	1	4	1	14	16	1
387.681353700015	0.248	1	3	1	4	1	14	16	1
387.973353700015	0.112	1	3	1	4	1	14	16	1
388.109353700015	0.068	1	3	1	4	1	14	16	1
388.209353700015	0.022	1	3	1	4	1	14	16	1
388.271353700015	0.084	1	3	1	4	1	14	16	1
388.461353700015	0.07	1	3	1	4	1	14	16	1
388.549353700015	0.028	1	3	1	4	1	14	16	1
388.589353700015	0.054	1	3	1	4	1	14	16	1
388.661353700015	0.256	1	3	1	4	1	14	16	1
398.480661300011	0.21	1	3	1	4	2	14	16	1
398.480661300011	5	1	3	1	4	2	14	16	0
398.714661300011	0.06	1	3	1	4	2	14	16	1
398.790661300011	0.122	1	3	1	4	2	14	16	1
399.258661300011	0.036	1	3	1	4	2	14	16	1
399.330661300011	0.082	1	3	1	4	2	14	16	1
399.438661300011	0.228	1	3	1	4	2	14	16	1
399.688661300011	0.228	1	3	1	4	2	14	16	1
399.968661300011	0.174	1	3	1	4	2	14	16	1
400.180661300011	0.444	1	3	1	4	2	14	16	1
400.640661300011	0.25	1	3	1	4	2	14	16	1
400.906661300011	0.246	1	3	1	4	2	14	16	1
401.184661300011	0.2	1	3	1	4	2	14	16	1
401.426661300011	0.114	1	3	1	4	2	14	16	1
401.576661300011	0.122	1	3	1	4	2	14	16	1
401.856661300011	0.042	1	3	1	4	2	14	16	1
401.916661300011	0.03	1	3	1	4	2	14	16	1
401.960661300011	0.248	1	3	1	4	2	14	16	1
402.218661300011	0.066	1	3	1	4	2	14	16	1
402.330661300011	0.04	1	3	1	4	2	14	16	1
402.468661300011	0.132	1	3	1	4	2	14	16	1
402.652661300011	0.062	1	3	1	4	2	14	16	1
402.726661300011	0.114	1	3	1	4	2	14	16	1
402.854661300011	0.056	1	3	1	4	2	14	16	1
405.980305100005	3	1	3	1	4	3	14	16	0
412.7299719	0.154	1	3	1	3	1	15	16	1
412.7299719	5	1	3	1	3	1	15	16	0
412.9259719	0.496	1	3	1	3	1	15	16	1
413.4499719	0.408	1	3	1	3	1	15	16	1
413.8959719	0.292	1	3	1	3	1	15	16	1
414.2219719	0.408	1	3	1	3	1	15	16	1
414.6579719	0.608	1	3	1	3	1	15	16	1
415.2919719	0.776	1	3	1	3	1	15	16	1
416.0859719	0.156	1	3	1	3	1	15	16	1
416.2859719	0.162	1	3	1	3	1	15	16	1
416.4939719	0.21	1	3	1	3	1	15	16	1
416.7359719	0.21	1	3	1	3	1	15	16	1
416.9699719	0.282	1	3	1	3	1	15	16	1
417.5659719	0.7	1	3	1	3	1	15	16	1
426.979265000002	0.088	1	3	1	3	2	15	16	1
426.979265000002	5	1	3	1	3	2	15	16	0
427.117265000002	0.038	1	3	1	3	2	15	16	1
427.169265000002	0.04	1	3	1	3	2	15	16	1
427.251265000002	0.03	1	3	1	3	2	15	16	1
427.301265000002	0.05	1	3	1	3	2	15	16	1
427.359265000002	0.04	1	3	1	3	2	15	16	1
427.427265000002	0.052	1	3	1	3	2	15	16	1
427.501265000002	0.042	1	3	1	3	2	15	16	1
427.567265000002	0.07	1	3	1	3	2	15	16	1
428.829265000002	0.024	1	3	1	3	2	15	16	1
428.921265000002	0.034	1	3	1	3	2	15	16	1
429.301265000002	0.032	1	3	1	3	2	15	16	1
429.385265000002	0.036	1	3	1	3	2	15	16	1
429.527265000002	0.022	1	3	1	3	2	15	16	1
430.173265000002	0.068	1	3	1	3	2	15	16	1
430.253265000002	0.078	1	3	1	3	2	15	16	1
430.371265000002	0.188	1	3	1	3	2	15	16	1
430.637265000002	0.034	1	3	1	3	2	15	16	1
430.679265000002	0.056	1	3	1	3	2	15	16	1
430.925265000002	0.138	1	3	1	3	2	15	16	1
433.978930200014	3	1	3	1	3	3	15	16	0
440.978585400007	0.136	1	4	2	2	1	16	16	1
440.978585400007	5	1	4	2	2	1	16	16	0
441.148585400007	0.078	1	4	2	2	1	16	16	1
441.248585400007	0.38	1	4	2	2	1	16	16	1
441.644585400007	0.438	1	4	2	2	1	16	16	1
442.130585400007	0.234	1	4	2	2	1	16	16	1
442.656585400007	0.042	1	4	2	2	1	16	16	1
442.716585400007	0.03	1	4	2	2	1	16	16	1
442.756585400007	0.128	1	4	2	2	1	16	16	1
442.914585400007	0.096	1	4	2	2	1	16	16	1
443.020585400007	0.02	1	4	2	2	1	16	16	1
443.064585400007	0.044	1	4	2	2	1	16	16	1
443.152585400007	0.206	1	4	2	2	1	16	16	1
443.388585400007	0.128	1	4	2	2	1	16	16	1
443.560585400007	0.318	1	4	2	2	1	16	16	1
443.888585400007	0.03	1	4	2	2	1	16	16	1
443.930585400007	0.032	1	4	2	2	1	16	16	1
443.976585400007	0.376	1	4	2	2	1	16	16	1
444.384585400007	0.094	1	4	2	2	1	16	16	1
444.570585400007	0.062	1	4	2	2	1	16	16	1
444.684585400007	0.1	1	4	2	2	1	16	16	1
444.826585400007	0.12	1	4	2	2	1	16	16	1
444.988585400007	0.024	1	4	2	2	1	16	16	1
445.036585400007	0.026	1	4	2	2	1	16	16	1
445.078585400007	0.028	1	4	2	2	1	16	16	1
445.722585400007	0.178	1	4	2	2	1	16	16	1
445.940585400007	0.036	1	4	2	2	1	16	16	1
454.727890600014	0.024	1	4	2	2	2	16	16	1
454.727890600014	5	1	4	2	2	2	16	16	0
454.777890600014	0.15	1	4	2	2	2	16	16	1
454.965890600014	0.12	1	4	2	2	2	16	16	1
455.117890600014	0.052	1	4	2	2	2	16	16	1
455.195890600014	0.136	1	4	2	2	2	16	16	1
455.391890600014	0.142	1	4	2	2	2	16	16	1
455.555890600014	0.148	1	4	2	2	2	16	16	1
455.721890600014	0.09	1	4	2	2	2	16	16	1
455.825890600014	0.476	1	4	2	2	2	16	16	1
456.375890600014	0.116	1	4	2	2	2	16	16	1
456.513890600014	0.27	1	4	2	2	2	16	16	1
456.805890600014	0.156	1	4	2	2	2	16	16	1
456.975890600014	0.288	1	4	2	2	2	16	16	1
457.437890600014	0.02	1	4	2	2	2	16	16	1
457.601890600014	0.048	1	4	2	2	2	16	16	1
457.659890600014	0.026	1	4	2	2	2	16	16	1
457.711890600014	0.022	1	4	2	2	2	16	16	1
457.751890600014	0.046	1	4	2	2	2	16	16	1
460.727610100002	3	1	4	2	2	3	16	16	0
